fold,epoch,loss,val_dice,val_iou,val_hd95,hd95_undefined,n_val,baseline_dice,delta,lr_bb,sec,ft,bd,w,gate
0,0,0.809012691585385,0.26741685935258824,0.17994766235517953,93.76150773014356,6,50,0.3888955634602504,-0.12147870410766215,6e-06,14.330692768096924,0.7732304334640503,0.0,0.0,-0.004121894016861916
0,1,0.6535012308432131,0.3715522043783238,0.26641282954950213,94.44610259018565,2,50,0.3888955634602504,-0.01734335908192658,1.2e-05,15.013254642486572,0.6548711061477661,0.0,0.0,-0.015921028330922127
0,2,0.6238689215815797,0.35446953418016247,0.25192804424015514,86.53547433150621,3,50,0.3888955634602504,-0.03442602928008792,1.8e-05,14.669260740280151,0.42522573471069336,0.0,0.0,-0.037436265498399734
0,3,0.6800069304145112,0.3903128677951478,0.2806719121065798,87.76098650196901,3,50,0.3888955634602504,0.0014173043348973957,2.4e-05,23.20850133895874,0.5054839253425598,0.0,0.0,-0.05383425951004028
0,4,0.5383847623455281,0.4444137399617057,0.33143484263503076,66.06301990586633,3,50,0.3888955634602504,0.055518176501455296,3.0000000000000004e-05,25.147509574890137,0.5708685517311096,0.0,0.0,-0.07717006653547287
0,5,0.497398031609399,0.5510513571254528,0.43321957435093006,56.24135053982514,0,50,0.3888955634602504,0.16215579366520244,3e-05,23.80323815345764,0.6459636688232422,0.0,0.0,-0.10761871188879013
0,6,0.4711741467519682,0.4036912819083044,0.2837877221755881,97.62397559928857,0,50,0.3888955634602504,0.014795718448053996,2.999179886011389e-05,25.10647416114807,0.5053179264068604,0.0,0.0,-0.13160432875156403
0,7,0.45994875808151403,0.5710621659807223,0.4498471898276913,63.05239383544757,0,50,0.3888955634602504,0.18216660252047195,2.9967204408281618e-05,24.592007160186768,0.4237220883369446,0.0,0.0,-0.13902446627616882
0,8,0.42932351663404583,0.5912838405116336,0.4677165420732785,56.559293788118815,0,50,0.3888955634602504,0.20238827705138324,2.9926243538175172e-05,25.345954418182373,0.38873541355133057,0.0,0.0,-0.14395715296268463
0,9,0.42151676270426536,0.5805423533440213,0.4640579306087109,57.9432737554525,0,50,0.3888955634602504,0.19164678988377087,2.9868961039904628e-05,24.973395586013794,0.4406680166721344,0.0,0.0,-0.14776556193828583
0,10,0.39533538386529804,0.5045139182227737,0.3792183976210375,65.44619453659782,0,50,0.3888955634602504,0.1156183547625233,2.9795419551040836e-05,27.470622301101685,0.3152915835380554,0.0,0.0,-0.15227316319942474
0,11,0.3964178005651552,0.6201712989573672,0.5007603344712988,43.57721356816735,0,50,0.3888955634602504,0.23127573549711683,2.970569948812214e-05,24.11508011817932,0.35001900792121887,0.0,0.0,-0.1564999371767044
0,12,0.4153086999241187,0.5902123922472152,0.47415545945691306,48.32769951775336,0,50,0.3888955634602504,0.20131682878696483,2.9599898958720088e-05,24.225468158721924,0.49454450607299805,0.0,0.0,-0.15826739370822906
0,13,0.3847219697674926,0.6244853915637021,0.5070072446799115,44.284325875898986,1,50,0.3888955634602504,0.2355898281034517,2.947813365416023e-05,23.542367219924927,0.20959927141666412,0.0,0.0,-0.16262522339820862
0,14,0.38087794580021683,0.5846735875056752,0.47017351427920007,44.747123828548204,2,50,0.3888955634602504,0.19577802404542483,2.9340536723015367e-05,24.467191219329834,0.9413877129554749,0.0,0.0,-0.16199980676174164
0,15,0.3812647948459703,0.6225893982865909,0.5034169759594646,50.84579274931906,0,50,0.3888955634602504,0.23369383482634049,2.9187258625509518e-05,26.129363775253296,0.26046454906463623,0.0,0.0,-0.169001966714859
0,16,0.3714710662559587,0.6099077339880097,0.4893435433738602,51.62551320617861,0,50,0.3888955634602504,0.2210121705277593,2.9018466968991913e-05,24.419585466384888,0.2582263648509979,0.0,0.0,-0.16931334137916565
0,17,0.3499147952819357,0.603177313364235,0.4828270414977049,42.65804643122848,0,50,0.3888955634602504,0.21428174990398458,2.883434632466077e-05,24.040218830108643,0.2522065341472626,0.0,0.0,-0.17285799980163574
0,18,0.34849806312395604,0.6456172709754238,0.539233049286203,29.619342895912325,3,50,0.3888955634602504,0.25672170751517337,2.863509802573744e-05,23.939156770706177,0.24288445711135864,0.0,0.0,-0.17411336302757263
0,19,0.325781911611557,0.6389758489963249,0.5182261383633483,44.541732217229416,0,50,0.3888955634602504,0.2500802855360745,2.8420939947311454e-05,24.655850648880005,0.33938324451446533,0.0,0.0,-0.17662884294986725
0,20,0.3537738095132672,0.609858135724766,0.4858859624533152,35.97921809654859,0,50,0.3888955634602504,0.2209625722645156,2.8192106268097336e-05,37.29299879074097,0.3487352728843689,0.023833420127630234,0.0012626262626262534,-0.17930465936660767
0,21,0.33805834030618476,0.6177128471102727,0.5040669939401522,44.14463689651432,0,50,0.3888955634602504,0.22881728365002235,2.794884721436361e-05,31.96314811706543,0.1111505776643753,-0.04694896936416626,0.0075757575757575725,-0.18129263818264008
0,22,0.34068614274871595,0.6537298533922394,0.5413754232579514,30.33734329091263,0,50,0.3888955634602504,0.26483428993198904,2.769142878631403e-05,30.3831889629364,0.14719225466251373,-0.0075097642838954926,0.013888888888888874,-0.18257519602775574
0,23,0.3306049436939006,0.6740963522949863,0.5552784011745558,31.73430478881932,0,50,0.3888955634602504,0.28520078883473593,2.74201324672203e-05,32.22058844566345,0.36749333143234253,0.02470523491501808,0.020202020202020193,-0.1817450374364853
0,24,0.32863025428081044,0.659321810606653,0.5491351890574341,33.234361729368814,0,50,0.3888955634602504,0.27042624714640257,2.7135254915624213e-05,32.474496841430664,0.25289851427078247,-0.017148122191429138,0.026515151515151512,-0.18308959901332855
0,25,0.32973501299108776,0.6295805854509815,0.52133111864625,32.149447007549,0,50,0.3888955634602504,0.2406850219907311,2.6837107640945904e-05,36.522562980651855,0.4898794889450073,-0.020810650661587715,0.03282828282828283,-0.18529391288757324
0,26,0.3200318595888663,0.6478158274667737,0.5331102840149854,38.510635160808135,0,50,0.3888955634602504,0.2589202640065233,2.6526016662852887e-05,31.502418994903564,0.3677684962749481,-0.019200867041945457,0.03914141414141415,-0.18530786037445068
0,27,0.3001779038078931,0.6375988983360372,0.5226421849781216,29.606074690730793,1,50,0.3888955634602504,0.24870333487578683,2.620232215476231e-05,31.199874877929688,0.28674155473709106,-0.07040920853614807,0.045454545454545435,-0.18516765534877777
0,28,0.29669663827030024,0.6494487710803786,0.5321256423190615,35.171197348038724,0,50,0.3888955634602504,0.2605532076201282,2.5866378071866338e-05,30.805463552474976,0.44846111536026,0.09088113903999329,0.051767676767676754,-0.1866331845521927
0,29,0.29060195751336154,0.6462837737149512,0.5281808574196978,42.495557112766235,0,50,0.3888955634602504,0.25738821025470077,2.5518551764087326e-05,30.90964651107788,0.3505685031414032,0.002871981356292963,0.05808080808080807,-0.18571461737155914
0,30,0.28109591043725307,0.637717568058177,0.519428267697262,37.465243017446234,0,50,0.3888955634602504,0.24882200459792664,2.5159223574386117e-05,37.392573595047,0.17477288842201233,-0.030238766223192215,0.06439393939393939,-0.18668882548809052
0,31,0.2837219326471796,0.688253800928836,0.5752560748776144,28.204854493319313,0,50,0.3888955634602504,0.29935823746858564,2.478878642286253e-05,31.333556652069092,0.5158505439758301,0.0009732167818583548,0.0707070707070707,-0.18872866034507751
0,32,0.2884825798017638,0.6155794957444823,0.5013691636783356,50.21878053193298,0,50,0.3888955634602504,0.22668393228423195,2.4407645377103056e-05,32.206932067871094,0.7648172378540039,0.08652689307928085,0.07702020202020203,-0.18854688107967377
0,33,0.2829846691112129,0.6400233155909291,0.5296788670004292,40.73338120969455,0,50,0.3888955634602504,0.25112775213067867,2.4016217209245377e-05,31.004438877105713,0.13376688957214355,-0.028282981365919113,0.08333333333333331,-0.18751606345176697
0,34,0.2801513080390132,0.6279448759525468,0.5320763658605907,23.610070705660146,2,50,0.3888955634602504,0.23904931249229638,2.3614929940244155e-05,30.516662120819092,0.2441084086894989,-0.011722389608621597,0.08964646464646463,-0.19055207073688507
0,35,0.2710850077624224,0.6405237377488667,0.5314917599854796,36.53539825837025,0,50,0.3888955634602504,0.25162817428861634,2.320422237183641e-05,35.70602107048035,0.6607750654220581,0.0019531389698386192,0.09595959595959595,-0.18844830989837646
0,36,0.24918655716643043,0.6486198737443712,0.5337414155448442,39.3052958685964,0,50,0.3888955634602504,0.25972431028412085,2.2784543606718227e-05,31.470590591430664,0.3200303018093109,0.08827672898769379,0.10227272727272727,-0.18884584307670593
0,37,0.26000743876306376,0.6086314181136633,0.510542037871853,25.756871267599465,1,50,0.3888955634602504,0.2197358546534129,2.2356352557457624e-05,30.390800952911377,0.547527551651001,-0.03278754651546478,0.10858585858585859,-0.19027768075466156
0,38,0.2704606028843899,0.6285267743631,0.5111212028896269,35.450365031454055,0,50,0.3888955634602504,0.2396312109028496,2.1920117444680317e-05,30.428189039230347,0.12921220064163208,-0.0065702758729457855,0.11489898989898988,-0.19180302321910858
0,39,0.24863451658462993,0.6684921060470768,0.5575986273533917,30.318945283172308,0,50,0.3888955634602504,0.27959654258682637,2.1476315285077393e-05,30.514180660247803,0.22642797231674194,-0.002400821540504694,0.12121212121212119,-0.19162793457508087
0,40,0.25190141280086675,0.6779446213546351,0.5633949487558301,33.85979281401792,0,50,0.3888955634602504,0.2890490578943847,2.1025431369794546e-05,37.578078508377075,0.1429435759782791,-0.02894858457148075,0.1275252525252525,-0.19078366458415985
0,41,0.24537289241442875,0.6217812651061377,0.5081596265923974,44.89470074478383,0,50,0.3888955634602504,0.23288570164588734,2.056795873377331e-05,31.85193967819214,0.32571500539779663,0.00035641680005937815,0.1338383838383838,-0.189787358045578
0,42,0.25274999029174144,0.652069328547102,0.5352603222347979,38.40538543791345,0,50,0.3888955634602504,0.2631737650868516,2.0104397616624646e-05,30.545011043548584,0.1561962515115738,-0.006317330524325371,0.14015151515151514,-0.18983867764472961
0,43,0.2351146100126967,0.6445132712724987,0.5286731086834325,41.36959338009119,0,50,0.3888955634602504,0.2556177078122483,1.963525491562421e-05,30.531917095184326,0.18318666517734528,-0.007116682827472687,0.14646464646464646,-0.1887062042951584
0,44,0.22465021376098906,0.6577017572025808,0.5408319316973773,35.7516012325873,0,50,0.3888955634602504,0.26880619374233045,1.916104363142767e-05,30.57110047340393,0.21468599140644073,-0.014591597020626068,0.15277777777777773,-0.18813708424568176
0,45,0.21041866163818204,0.6487416565180468,0.540059971728859,33.65577279811725,2,50,0.3888955634602504,0.25984609305779643,1.8682282307111988e-05,37.57997488975525,0.17046985030174255,-0.014314372092485428,0.15909090909090906,-0.18760554492473602
0,46,0.22488461313199024,0.6515500537145986,0.5353662655143209,34.92173128728142,1,50,0.3888955634602504,0.2626544902543482,1.8199494461156203e-05,31.633610725402832,0.11778834462165833,-0.009941433556377888,0.1654040404040404,-0.18657027184963226
0,47,0.21907316680465425,0.6663246881664567,0.552250317847763,37.00545488691384,0,50,0.3888955634602504,0.27742912470620634,1.771320801498165e-05,30.30713438987732,0.17192116379737854,-0.026394061744213104,0.1717171717171717,-0.1864868402481079
0,48,0.21332487403130046,0.662966302273661,0.5488434585247624,40.76068658273562,0,50,0.3888955634602504,0.27407073881341065,1.722395471567763e-05,30.844233512878418,0.13317173719406128,-0.036846958100795746,0.178030303030303,-0.18614904582500458
0,49,0.2121154837766472,0.6512645212475502,0.5325021019593749,46.57277848727971,0,50,0.3888955634602504,0.2623689577872998,1.6732269554543794e-05,30.745677947998047,0.2556115388870239,-0.01062634214758873,0.18434343434343434,-0.18651226162910461
0,50,0.2144766615665689,0.6505134258846765,0.540173856554963,35.45846611280325,1,50,0.3888955634602504,0.26161786242442614,1.623869018208499e-05,36.658344745635986,0.10504727065563202,-0.021412711590528488,0.19065656565656566,-0.18721596896648407
0,51,0.20490403534198293,0.6913805717083008,0.574633188814401,37.994399731954275,0,50,0.3888955634602504,0.3024850082480504,1.5743756320098334e-05,31.827732801437378,0.1075901910662651,-0.053902819752693176,0.19696969696969693,-0.18764284253120422
0,52,0.20598567261987802,0.6642351946367956,0.5539058818390419,41.621833637001004,0,50,0.3888955634602504,0.2753396311765452,1.524800917149538e-05,32.25380325317383,0.1498418152332306,-0.2905008792877197,0.2032828282828283,-0.18641971051692963
0,53,0.2121231232826807,0.6852975260133021,0.5686701185642168,30.352001342961817,0,50,0.3888955634602504,0.2964019625530517,1.4751990828504623e-05,30.926557779312134,0.22167164087295532,0.015482522547245026,0.20959595959595959,-0.18627433478832245
0,54,0.21160145514473624,0.6812333584957577,0.5662387921713324,29.620995692633493,0,50,0.3888955634602504,0.29233779503550733,1.4256243679901665e-05,30.237187147140503,0.40765702724456787,0.0007460111519321799,0.21590909090909086,-0.18696151673793793
0,55,0.19470933976830268,0.647364373914548,0.5441573062116879,38.2522551372114,0,50,0.3888955634602504,0.25846881045429765,1.3761309817915017e-05,36.3804349899292,0.1262444257736206,-0.029275111854076385,0.2222222222222222,-0.1858554482460022
0,56,0.18641726368544054,0.6764993179573701,0.5629003943893485,32.69335228534517,0,50,0.3888955634602504,0.28760375449711967,1.3267730445456208e-05,31.273588180541992,0.1882883608341217,-0.022546779364347458,0.2285353535353535,-0.18488162755966187
0,57,0.19009226636618984,0.6480606193531452,0.5328886429624788,40.27519423381923,0,50,0.3888955634602504,0.2591650558928948,1.277604528432237e-05,30.461060523986816,0.1633797287940979,-0.00902189314365387,0.23484848484848486,-0.18378867208957672
0,58,0.18474745537553514,0.6900775247130375,0.5824481725361413,41.61997096141148,0,50,0.3888955634602504,0.3011819612527871,1.2286791985018356e-05,30.28462791442871,0.20494119822978973,-0.019174108281731606,0.24116161616161613,-0.18431133031845093
0,59,0.19281879918915884,0.6577219874723206,0.5469178139692424,38.55513563954651,1,50,0.3888955634602504,0.2688264240120702,1.18005055388438e-05,31.046987056732178,0.2011641263961792,-0.027792371809482574,0.24747474747474743,-0.18386578559875488
0,60,0.1747115310661647,0.643887904070766,0.5328359253893512,41.850417908502635,0,50,0.3888955634602504,0.2549923406105156,1.1317717692888014e-05,35.745057344436646,0.11269527673721313,-0.014107078313827515,0.2537878787878788,-0.18366846442222595
0,61,0.16788446675149762,0.6346099354058118,0.52203662600776,37.95258538016095,1,50,0.3888955634602504,0.2457143719455614,1.0838956368572335e-05,31.454534769058228,0.1319708228111267,-0.005097393877804279,0.26010101010101006,-0.1841253787279129
0,62,0.16717992266830134,0.6577574703262694,0.5508692718093474,38.240513216306866,1,50,0.3888955634602504,0.268861906866019,1.036474508437579e-05,30.9493191242218,0.09875849634408951,-0.02792869508266449,0.26641414141414144,-0.18399181962013245
0,63,0.1717511754559011,0.6579304751063622,0.5487733487693855,36.80778502172336,1,50,0.3888955634602504,0.26903491164611176,9.895602383375355e-06,30.38106632232666,0.14354051649570465,-0.009021105244755745,0.2727272727272727,-0.18299825489521027
0,64,0.1659496905548232,0.6328182359846474,0.5225806725524351,36.92646578813123,2,50,0.3888955634602504,0.24392267252439698,9.432041266226686e-06,30.780900239944458,0.11981289088726044,-0.045520976185798645,0.27904040404040403,-0.1826978176832199
0,65,0.1665241449159019,0.6815048072001504,0.5645524235375972,38.748607190091754,0,50,0.3888955634602504,0.2926092437399,8.974568630205462e-06,37.48477053642273,0.18340416252613068,-0.024492699652910233,0.28535353535353536,-0.18364350497722626
0,66,0.16548041877697925,0.6738266102607201,0.5609168136987808,36.5681565540242,0,50,0.3888955634602504,0.2849310468004697,8.523684714922608e-06,32.498467683792114,0.09426598995923996,-0.041880492120981216,0.29166666666666663,-0.18338249623775482
0,67,0.16132221751067102,0.6461077127832326,0.5369882652467953,39.847977021839576,0,50,0.3888955634602504,0.25721214932298225,8.079882555319685e-06,30.694554090499878,0.18927177786827087,-0.013740547001361847,0.29797979797979796,-0.1826108694076538
0,68,0.17328017235410456,0.6572881226539838,0.5528510721142689,37.52932210053751,1,50,0.3888955634602504,0.26839255919373345,7.643647442542383e-06,30.845455646514893,0.19200804829597473,-0.144025057554245,0.3042929292929293,-0.18263648450374603
0,69,0.15438298561743327,0.6617344093940056,0.5518569915800414,36.4105445810457,0,50,0.3888955634602504,0.27283884593375524,7.215456393281777e-06,30.611302137374878,0.21392087638378143,-0.02307497337460518,0.3106060606060606,-0.18242314457893372
0,70,0.15862763559027593,0.6656933522267541,0.5655010924786176,34.51270875036702,1,50,0.3888955634602504,0.2767977887665037,6.795777628163599e-06,37.06288552284241,0.11449942737817764,-0.03845641762018204,0.3169191919191919,-0.181762233376503
0,71,0.16310484129555372,0.6464164887996072,0.536685234345405,38.041802498893716,1,50,0.3888955634602504,0.25752092533935683,6.3850700597558465e-06,31.949543952941895,0.6062201857566833,0.004257235676050186,0.3232323232323232,-0.1805787980556488
0,72,0.15241216883367423,0.6423559328759102,0.5347679681964235,36.83459117986596,1,50,0.3888955634602504,0.2534603694156598,5.983782790754624e-06,30.64348316192627,0.10082229971885681,-0.3261556029319763,0.3295454545454546,-0.18040244281291962
0,73,0.15405358913905767,0.6558110503034098,0.5461025516923587,34.547289230968225,1,50,0.3888955634602504,0.2669154868431594,5.592354622896944e-06,31.0523738861084,0.11762739717960358,-0.03598600625991821,0.3358585858585858,-0.18039409816265106
0,74,0.14755477832288158,0.6566971501750034,0.5536735196478519,30.587655125549826,2,50,0.3888955634602504,0.267801586714753,5.21121357713747e-06,30.367437839508057,0.09951046109199524,-0.03985954076051712,0.3421717171717171,-0.1800234615802765
0,75,0.14470731664677056,0.6532155792170016,0.5486869156667157,35.22543764094293,1,50,0.3888955634602504,0.2643200157567512,4.840776425613887e-06,36.23888444900513,0.09467113763093948,-0.061675094068050385,0.3484848484848485,-0.17967821657657623
0,76,0.14190731007529764,0.6585626203516506,0.5534946200196803,32.77620086424094,2,50,0.3888955634602504,0.2696670568914002,4.481448235912671e-06,31.25438141822815,0.15461431443691254,-0.022607935592532158,0.3547979797979797,-0.17937351763248444
0,77,0.13663926842261334,0.6683422091532293,0.5592148836538895,38.23787946785705,1,50,0.3888955634602504,0.2794466456929789,4.133621928133666e-06,30.84835386276245,0.06370636820793152,-0.220636785030365,0.36111111111111105,-0.17893385887145996
0,78,0.14616418462626787,0.6637399894517506,0.5577277943187813,35.24991171561819,1,50,0.3888955634602504,0.2748444259915002,3.7976778452376966e-06,30.40371537208557,0.4081362783908844,-0.04696774482727051,0.36742424242424243,-0.1790275126695633
0,79,0.13978132955273803,0.6624769121260806,0.5546429389262543,36.37950151476638,1,50,0.3888955634602504,0.2735813486658302,3.473983337147118e-06,30.46908140182495,0.1252763867378235,-0.029232382774353027,0.37373737373737376,-0.17866194248199463
0,80,0.1409241303193326,0.6669961835561888,0.5569616641533506,37.796336914134514,1,50,0.3888955634602504,0.27810062009593844,3.162892359054098e-06,37.03221893310547,0.10428670048713684,-0.02915915846824646,0.38005050505050497,-0.17874246835708618
0,81,0.1386055429371036,0.6681035014842489,0.5609470039053249,36.40091459902687,1,50,0.3888955634602504,0.2792079380239985,2.86474508437579e-06,31.41359257698059,0.18708021938800812,-0.03456823527812958,0.38636363636363635,-0.17843979597091675
0,82,0.13729467326585126,0.6602390367964809,0.55326849030553,37.612115150233535,1,50,0.3888955634602504,0.2713434733362305,2.5798675327796994e-06,30.407458066940308,0.10609093308448792,-0.013984733261168003,0.3926767676767677,-0.17829670011997223
0,83,0.13404950028171345,0.6648413155077022,0.557106622440809,38.37428267977295,1,50,0.3888955634602504,0.2759457520474518,2.308571213685967e-06,31.031660795211792,0.14972376823425293,-0.008954780176281929,0.3989898989898989,-0.1780189424753189
0,84,0.12980017240862457,0.6625110584822361,0.5528364221384061,37.74375177474327,1,50,0.3888955634602504,0.27361549502198573,2.0511527856363916e-06,30.73591423034668,0.153474360704422,-0.00864608958363533,0.4053030303030303,-0.17782367765903473
0,85,0.12572130203551177,0.6696372439817178,0.5606697509814605,38.002638751483744,1,50,0.3888955634602504,0.28074168052146736,1.8078937319026655e-06,36.97912931442261,0.11580220609903336,-0.04352780431509018,0.4116161616161616,-0.17752651870250702
0,86,0.13735413353662101,0.663162162788568,0.5534548911000949,38.36875060160959,1,50,0.3888955634602504,0.2742665993283176,1.579060052688548e-06,31.809473276138306,0.06860996037721634,-0.17027080059051514,0.417929292929293,-0.177312970161438
0,87,0.12680900362985476,0.6611389187351905,0.5539082348141322,35.21358919759074,1,50,0.3888955634602504,0.2722433552749401,1.3649019742625624e-06,31.181636095046997,0.14437031745910645,-0.022467538714408875,0.4242424242424242,-0.17712146043777466
0,88,0.12939555752946405,0.6678363739750399,0.5601888786426943,35.65335376577195,1,50,0.3888955634602504,0.27894081051478953,1.1656536753392288e-06,30.477569103240967,0.17591461539268494,-0.006617111153900623,0.4305555555555555,-0.17706160247325897
0,89,0.12731124460697174,0.6639802363276078,0.5574115868608431,35.63824758164359,1,50,0.3888955634602504,0.27508467286735744,9.815330310080889e-07,30.45025944709778,0.08838339149951935,-0.14163784682750702,0.4368686868686869,-0.17690560221672058
0,90,0.12769960057066412,0.6662045792109705,0.5597017402044038,35.563759483628466,1,50,0.3888955634602504,0.27730901575072014,8.127413744904805e-07,36.574902296066284,0.08925139904022217,-0.15674325823783875,0.4431818181818181,-0.17680203914642334
0,91,0.12211640133541457,0.6661725053395239,0.5590543792529317,35.95716619412226,1,50,0.3888955634602504,0.2772769418792735,6.594632769846353e-07,32.010525703430176,0.11811891198158264,-0.03139224275946617,0.44949494949494945,-0.17669810354709625
0,92,0.1238426043062794,0.6650711588987513,0.5592849747424894,35.875956875966615,1,50,0.3888955634602504,0.27617559543850095,5.218663458397716e-07,30.091408491134644,0.046824999153614044,-0.2769497036933899,0.45580808080808083,-0.17664097249507904
0,93,0.11970535718968936,0.6649090915561131,0.5588092145421627,35.95562258607393,1,50,0.3888955634602504,0.2760135280958627,4.0010104127991385e-07,30.190788745880127,0.0938388854265213,-0.03971518576145172,0.46212121212121215,-0.17657610774040222
0,94,0.12178238420462122,0.6640491775718063,0.5573517059832195,35.883915921252964,1,50,0.3888955634602504,0.27515361411155587,2.943005118778597e-07,30.28290629386902,0.1048768162727356,-0.03201897442340851,0.46843434343434337,-0.17654868960380554
0,95,0.11464271420726971,0.6638894340283944,0.557460281191984,35.880235736631086,1,50,0.3888955634602504,0.274993870568144,2.0458044895916516e-07,35.23575758934021,0.11330169439315796,-0.04657209664583206,0.47474747474747475,-0.17652647197246552
0,96,0.11860413727711658,0.6643064531290733,0.557860051691485,35.95990309474244,1,50,0.3888955634602504,0.27541088966882293,1.3103896009537207e-07,31.237637281417847,0.12317652255296707,-0.01528099924325943,0.4810606060606061,-0.17651847004890442
0,97,0.12057137474113581,0.6645636636631882,0.5580730233684097,35.95182373562891,1,50,0.3888955634602504,0.2756681002029378,7.375646182482875e-08,30.25845456123352,0.10979142785072327,-0.05150967091321945,0.4873737373737373,-0.17650672793388367
0,98,0.1226018631488693,0.6647678702432096,0.5582023945669207,35.94913968145613,1,50,0.3888955634602504,0.2758723067829592,3.279559171838198e-08,30.44550657272339,0.12011072039604187,-0.04784742742776871,0.4936868686868687,-0.17650240659713745
0,99,0.1208408707562758,0.664670825111804,0.5580160881241479,35.95331075738661,1,50,0.3888955634602504,0.2757752616515536,8.201139886109265e-09,30.804706573486328,0.30290231108665466,-0.02647029235959053,0.5,-0.17650100588798523
1,0,0.8191315495238012,0.40648652526082646,0.2778282325784041,91.60261826164351,0,49,0.4356358048439375,-0.029149279583111032,6e-06,17.26994013786316,0.7112820148468018,0.0,0.0,-0.004451646003872156
1,1,0.6810620609594851,0.4226453370136354,0.28743555995722586,99.88535944793458,0,49,0.4356358048439375,-0.01299046783030211,1.2e-05,15.36539340019226,0.5845969915390015,0.0,0.0,-0.015089811757206917
1,2,0.6374812746534542,0.47663623714042647,0.33933380545078395,93.05758517548813,0,49,0.4356358048439375,0.041000432296488976,1.8e-05,15.221199989318848,0.397170752286911,0.0,0.0,-0.035219706594944
1,3,0.6980801072655892,0.4801276705718425,0.3559816418477436,64.8499277097932,0,49,0.4356358048439375,0.04449186572790503,2.4e-05,24.33708667755127,0.3525477647781372,0.0,0.0,-0.05316338315606117
1,4,0.5884743746446104,0.5519855968522306,0.4168119768336074,77.19873759133151,0,49,0.4356358048439375,0.1163497920082931,3.0000000000000004e-05,23.99542808532715,0.4831749200820923,0.0,0.0,-0.084103062748909
1,5,0.4876866529182512,0.6327696182183065,0.5042632555937219,30.772429350463042,0,49,0.4356358048439375,0.19713381337436897,3e-05,24.366685390472412,0.4964869022369385,0.0,0.0,-0.11513656377792358
1,6,0.4668739039678963,0.6381585579969485,0.5036902808693933,28.606132966100084,0,49,0.4356358048439375,0.20252275315301105,2.999179886011389e-05,24.72236657142639,0.34956955909729004,0.0,0.0,-0.1298949122428894
1,7,0.446389339408096,0.6168412243428023,0.4815636795691965,47.641702655745725,0,49,0.4356358048439375,0.18120541949886482,2.9967204408281618e-05,24.982939958572388,0.601487398147583,0.0,0.0,-0.13585230708122253
1,8,0.430094055983485,0.6137742054537711,0.4804447244064145,38.205891806460244,0,49,0.4356358048439375,0.17813840060983366,2.9926243538175172e-05,23.99775743484497,0.6124045252799988,0.0,0.0,-0.14369021356105804
1,9,0.4261656491732111,0.6564778495229145,0.5282575901756076,33.772145611185735,0,49,0.4356358048439375,0.22084204467897706,2.9868961039904628e-05,23.94715142250061,0.40011805295944214,0.0,0.0,-0.1465919315814972
1,10,0.4070154051391446,0.6559431121471444,0.5233310788971484,32.654791552334935,0,49,0.4356358048439375,0.2203073073032069,2.9795419551040836e-05,26.76046061515808,0.28501230478286743,0.0,0.0,-0.15082527697086334
1,11,0.4153455976320773,0.6416909785707511,0.5152923499015445,27.074074376559242,0,49,0.4356358048439375,0.2060551737268136,2.970569948812214e-05,24.583967447280884,0.41423362493515015,0.0,0.0,-0.15392494201660156
1,12,0.3931504655249265,0.6114485675739074,0.47013744104571625,45.4730023636011,0,49,0.4356358048439375,0.17581276272996993,2.9599898958720088e-05,23.775378704071045,0.6182706952095032,0.0,0.0,-0.15643717348575592
1,13,0.37125423368142574,0.6712090025830653,0.5374907795717944,35.547129652993384,0,49,0.4356358048439375,0.23557319773912777,2.947813365416023e-05,24.0428409576416,0.35590094327926636,0.0,0.0,-0.15796992182731628
1,14,0.38428953077111927,0.5357060959721924,0.39183000653839145,84.8161182688875,0,49,0.4356358048439375,0.10007029112825494,2.9340536723015367e-05,24.98878264427185,0.36693453788757324,0.0,0.0,-0.16143713891506195
1,15,0.3695062623948467,0.6656863712477299,0.5321006834927743,27.105165622367466,0,49,0.4356358048439375,0.2300505664037924,2.9187258625509518e-05,27.052447080612183,0.4816054701805115,0.0,0.0,-0.16527444124221802
1,16,0.3769607331071581,0.6414463043530162,0.5105276506750586,46.361143615092985,0,49,0.4356358048439375,0.2058104995090787,2.9018466968991913e-05,24.334385633468628,0.19328796863555908,0.0,0.0,-0.16551578044891357
1,17,0.34576769690124354,0.6621165950461918,0.530208980779607,32.94788785660085,0,49,0.4356358048439375,0.2264807902022543,2.883434632466077e-05,23.75020408630371,0.26412492990493774,0.0,0.0,-0.1666913777589798
1,18,0.3611367287076249,0.6528909538882824,0.5302091483372638,33.15581095460869,1,49,0.4356358048439375,0.21725514904434495,2.863509802573744e-05,23.507272481918335,0.23732423782348633,0.0,0.0,-0.16744999587535858
1,19,0.34225904211706043,0.6530459567045985,0.5199311577483962,51.66082620598123,0,49,0.4356358048439375,0.21741015186066104,2.8420939947311454e-05,23.658577919006348,0.28176364302635193,0.0,0.0,-0.16952748596668243
1,20,0.3603053804563016,0.6692021959826472,0.5428430935637663,31.63032325451755,1,49,0.4356358048439375,0.2335663911387097,2.8192106268097336e-05,36.30333876609802,0.2457137405872345,-0.10963728278875351,0.0012626262626262534,-0.17113958299160004
1,21,0.3276689341481851,0.6223503439542721,0.49529516552335096,52.97205686145134,0,49,0.4356358048439375,0.18671453911033464,2.794884721436361e-05,32.08267641067505,0.5684712529182434,0.03354477882385254,0.0075757575757575725,-0.1747710406780243
1,22,0.31871424767435813,0.6515476616815933,0.5265793227113728,36.6920602837699,0,49,0.4356358048439375,0.2159118568376558,2.769142878631403e-05,29.887633800506592,0.2949526906013489,-0.2681255042552948,0.013888888888888874,-0.17566034197807312
1,23,0.31353043901677036,0.6372782275490556,0.5279220564640676,38.74930077037795,0,49,0.4356358048439375,0.20164242270511812,2.74201324672203e-05,29.888492345809937,0.3653099238872528,-0.0018356197979301214,0.020202020202020193,-0.17338889837265015
1,24,0.30914327563071736,0.6724566947954616,0.5476054612459477,30.98783059588278,0,49,0.4356358048439375,0.23682088995152406,2.7135254915624213e-05,30.129980325698853,0.6185141801834106,-0.007449192926287651,0.026515151515151512,-0.17449401319026947
1,25,0.29932315982117946,0.6351849163048902,0.5073823504855238,36.56431621400238,1,49,0.4356358048439375,0.19954911146095267,2.6837107640945904e-05,36.23700571060181,0.3042604625225067,-0.0577152781188488,0.03282828282828283,-0.1754506379365921
1,26,0.3080219118570795,0.6044034821545109,0.5051688102304923,26.226891412349314,5,49,0.4356358048439375,0.1687676773105734,2.6526016662852887e-05,31.06695055961609,0.4928714632987976,-0.010433482937514782,0.03914141414141415,-0.17547248303890228
1,27,0.3036879656874404,0.6624471313820479,0.5435831330021426,40.5115300211288,1,49,0.4356358048439375,0.22681132653811042,2.620232215476231e-05,29.84812593460083,0.23557183146476746,-0.05392150208353996,0.045454545454545435,-0.18019111454486847
1,28,0.31800292036971267,0.6622600309982826,0.5412421893809857,43.29091328104178,0,49,0.4356358048439375,0.22662422615434508,2.5866378071866338e-05,29.98928689956665,0.276573121547699,-0.006358619779348373,0.051767676767676754,-0.18138372898101807
1,29,0.2907518876754508,0.6495275674791346,0.5209793510014628,44.97294658171846,0,49,0.4356358048439375,0.21389176263519716,2.5518551764087326e-05,30.020010232925415,0.16433456540107727,0.009653559885919094,0.05808080808080807,-0.1809762418270111
1,30,0.2634373322433355,0.6599085504238992,0.5311471760332713,36.17728178292874,0,49,0.4356358048439375,0.22427274557996169,2.5159223574386117e-05,36.2291042804718,0.14950034022331238,-0.03329171985387802,0.06439393939393939,-0.18341729044914246
1,31,0.2674254273273507,0.6771115652118933,0.5492454490968643,32.99070732249786,0,49,0.4356358048439375,0.24147576036795582,2.478878642286253e-05,31.302587270736694,0.2230587601661682,-0.02249249443411827,0.0707070707070707,-0.18210595846176147
1,32,0.27728450176667196,0.6754395761147364,0.5480521471220545,39.87387476777659,0,49,0.4356358048439375,0.23980377127079888,2.4407645377103056e-05,32.024247884750366,0.22198621928691864,-0.02686113677918911,0.07702020202020203,-0.1812121868133545
1,33,0.2801679217693757,0.654469185093078,0.5226087924624443,28.702466774776852,0,49,0.4356358048439375,0.21883338024914056,2.4016217209245377e-05,29.832444667816162,0.20895807445049286,-0.10480104386806488,0.08333333333333331,-0.1832178384065628
1,34,0.2731852598336278,0.6598980477382711,0.553803064911291,28.520201890302022,0,49,0.4356358048439375,0.2242622428943336,2.3614929940244155e-05,30.418980598449707,0.1938605010509491,-0.01962355524301529,0.08964646464646463,-0.18161843717098236
1,35,0.2398789281747779,0.6546644344260766,0.5169381090942944,46.81385587325803,0,49,0.4356358048439375,0.2190286295821391,2.320422237183641e-05,35.95364022254944,0.20231366157531738,-0.02641264908015728,0.09595959595959595,-0.18147599697113037
1,36,0.26999709451076936,0.6464987314057039,0.5399195397786548,29.99618260878026,1,49,0.4356358048439375,0.21086292656176642,2.2784543606718227e-05,31.240482091903687,0.1661527454853058,-0.1862071454524994,0.10227272727272727,-0.18141251802444458
1,37,0.2510623275017252,0.6555846251683506,0.5394067062352379,32.65791645905798,1,49,0.4356358048439375,0.2199488203244131,2.2356352557457624e-05,29.682140827178955,0.5348432660102844,-0.018864719197154045,0.10858585858585859,-0.18150490522384644
1,38,0.2556287532254141,0.6720509045343066,0.5490779519088643,36.141481141440735,0,49,0.4356358048439375,0.2364150996903691,2.1920117444680317e-05,29.840773820877075,0.1574164777994156,-0.020171834155917168,0.11489898989898988,-0.179751455783844
1,39,0.2526287244898932,0.663084689295145,0.5516818130661926,34.64853961923209,1,49,0.4356358048439375,0.22744888445120748,2.1476315285077393e-05,30.20661473274231,0.21869513392448425,-0.11495684087276459,0.12121212121212119,-0.18086378276348114
1,40,0.23741578204291208,0.6639912048689522,0.5496136099478113,38.65359739106847,0,49,0.4356358048439375,0.22835540002501475,2.1025431369794546e-05,36.63829946517944,0.310499370098114,0.014601490460336208,0.1275252525252525,-0.18189668655395508
1,41,0.2374390351529024,0.6747569789212876,0.562582025759182,33.0827071264487,2,49,0.4356358048439375,0.23912117407735012,2.056795873377331e-05,31.4462571144104,0.2124761939048767,-0.04427960142493248,0.1338383838383838,-0.1828179955482483
1,42,0.23604113593393442,0.6783141221744505,0.558268637899988,32.863730263468725,0,49,0.4356358048439375,0.24267831733051304,2.0104397616624646e-05,30.110053539276123,0.4824603796005249,-0.019283629953861237,0.14015151515151514,-0.1823340505361557
1,43,0.22773588889715624,0.6787218529702158,0.575696481778915,27.42739049509601,3,49,0.4356358048439375,0.24308604812627832,1.963525491562421e-05,31.84255290031433,0.22333356738090515,-0.007636203896254301,0.14646464646464646,-0.18285033106803894
1,44,0.22414527514151164,0.6555538011075557,0.5480973729591824,25.236472201883128,4,49,0.4356358048439375,0.2199179962636182,1.916104363142767e-05,30.89857578277588,0.13897225260734558,-0.03760335594415665,0.15277777777777773,-0.18013501167297363
1,45,0.22473988453952634,0.6543086421148937,0.5322989150840891,40.20949959546244,0,49,0.4356358048439375,0.2186728372709562,1.8682282307111988e-05,36.11687684059143,0.14934194087982178,-0.046900466084480286,0.15909090909090906,-0.18180792033672333
1,46,0.20984860600865618,0.6776961330877829,0.5680425999836429,36.63599797207427,1,49,0.4356358048439375,0.24206032824384538,1.8199494461156203e-05,31.797228813171387,0.20188531279563904,-0.03905384615063667,0.1654040404040404,-0.18032696843147278
1,47,0.203990709568773,0.6541388648836914,0.5400671709577723,40.75697005726531,2,49,0.4356358048439375,0.21850306003975395,1.771320801498165e-05,30.03117609024048,0.3060799241065979,0.08296109735965729,0.1717171717171717,-0.17868377268314362
1,48,0.21516867658617544,0.6694541609628464,0.547097875614717,43.95440865955042,0,49,0.4356358048439375,0.2338183561189089,1.722395471567763e-05,30.18853998184204,0.23341630399227142,-0.022005489096045494,0.178030303030303,-0.17946961522102356
1,49,0.20921862171012529,0.6594880918005452,0.5459904642068254,40.57044261960477,0,49,0.4356358048439375,0.22385228695660775,1.6732269554543794e-05,30.713331699371338,0.3232209086418152,-0.056346993893384933,0.18434343434343434,-0.1783178150653839
1,50,0.19933887183362123,0.654983615123622,0.5398102416665287,36.63777034718074,1,49,0.4356358048439375,0.21934781027968453,1.623869018208499e-05,35.99330925941467,0.15638527274131775,-0.017783908173441887,0.19065656565656566,-0.1768091470003128
1,51,0.19869185634413544,0.6586997293173412,0.5472977036121217,35.03418958321059,2,49,0.4356358048439375,0.22306392447340373,1.5743756320098334e-05,31.397099018096924,0.2199355661869049,-0.022217778488993645,0.19696969696969693,-0.17630942165851593
1,52,0.2001248479497676,0.666598518580602,0.5495313820712553,37.38836363403053,2,49,0.4356358048439375,0.23096271373666455,1.524800917149538e-05,30.1439471244812,0.14063914120197296,-0.03964719921350479,0.2032828282828283,-0.1750967800617218
1,53,0.18866528775923105,0.6794776030852715,0.5649035062821383,33.45527328530841,0,49,0.4356358048439375,0.243841798241334,1.4751990828504623e-05,29.98608922958374,0.24616579711437225,-0.021935557946562767,0.20959595959595959,-0.1740398108959198
1,54,0.19311378683362687,0.6579645856429164,0.5366026621671631,48.047045592793175,0,49,0.4356358048439375,0.2223287807989789,1.4256243679901665e-05,31.27196431159973,0.2141779661178589,-0.033327966928482056,0.21590909090909086,-0.1751948595046997
1,55,0.19692809530058686,0.6790539599175928,0.5764330402772608,28.351709466741724,2,49,0.4356358048439375,0.24341815507365527,1.3761309817915017e-05,36.79575228691101,0.1313943713903427,-0.022372271865606308,0.2222222222222222,-0.1743069589138031
1,56,0.18292084594770353,0.6751918932432547,0.5682961493888603,32.3465945131991,2,49,0.4356358048439375,0.2395560883993172,1.3267730445456208e-05,31.709392547607422,0.20791494846343994,-0.09026896208524704,0.2285353535353535,-0.17425625026226044
1,57,0.17691875720510677,0.6587348352154621,0.5522527401477626,43.146469343230635,0,49,0.4356358048439375,0.22309903037152456,1.277604528432237e-05,30.083486795425415,0.2014455646276474,-0.010128404013812542,0.23484848484848486,-0.17410145699977875
1,58,0.1826609747142208,0.6699086664379277,0.5656454760425645,28.509896612118833,2,49,0.4356358048439375,0.2342728615939902,1.2286791985018356e-05,30.46937870979309,0.1660899966955185,-0.012689312919974327,0.24116161616161613,-0.17351289093494415
1,59,0.17461031295207083,0.644798572780519,0.5389147459829798,31.267294207802756,2,49,0.4356358048439375,0.2091627679365815,1.18005055388438e-05,30.007315635681152,0.19047057628631592,-0.04426611587405205,0.24747474747474743,-0.17350123822689056
1,60,0.179858037479678,0.6693273595535756,0.5611080513178082,33.12323730951577,3,49,0.4356358048439375,0.2336915547096381,1.1317717692888014e-05,37.14517545700073,0.19905303418636322,-0.1803881824016571,0.2537878787878788,-0.1737663447856903
1,61,0.1731085721783492,0.648159118900572,0.5389910762459015,43.84059557060157,0,49,0.4356358048439375,0.2125233140566345,1.0838956368572335e-05,31.11705756187439,0.12768538296222687,-0.056777678430080414,0.26010101010101006,-0.1736413687467575
1,62,0.17267882337375562,0.65021219060501,0.5404283096565358,30.27919312306641,0,49,0.4356358048439375,0.21457638576107252,1.036474508437579e-05,30.37280559539795,0.14816534519195557,-0.03990226984024048,0.26641414141414144,-0.172932431101799
1,63,0.16587152712199152,0.6523643408522039,0.5495344249957868,31.476600179628427,0,49,0.4356358048439375,0.21672853600826636,9.895602383375355e-06,30.283434629440308,0.2225571870803833,-0.011873362585902214,0.2727272727272727,-0.17270606756210327
1,64,0.16775238422714933,0.652355569048761,0.548021240833213,35.036732186723164,0,49,0.4356358048439375,0.21671976420482353,9.432041266226686e-06,29.91938304901123,0.12730592489242554,-0.032122015953063965,0.27904040404040403,-0.1720457822084427
1,65,0.16685959575127582,0.656090808963566,0.5545776940144621,35.673420269646556,0,49,0.4356358048439375,0.22045500411962848,8.974568630205462e-06,36.342894554138184,0.18118643760681152,-0.22223243117332458,0.28535353535353536,-0.17175062000751495
1,66,0.16796862448052485,0.6564850915511771,0.5477082599384256,32.78025628046223,0,49,0.4356358048439375,0.22084928670723958,8.523684714922608e-06,31.14119291305542,0.13257411122322083,-0.08604954183101654,0.29166666666666663,-0.17126521468162537
1,67,0.15954729169607162,0.6410415799172222,0.534151251417566,35.07406683765662,1,49,0.4356358048439375,0.20540577507328472,8.079882555319685e-06,29.69337511062622,0.12058423459529877,-0.010687197558581829,0.29797979797979796,-0.17056305706501007
1,68,0.16446702881735198,0.6483741907758307,0.5436540854026686,32.747498872667414,1,49,0.4356358048439375,0.2127383859318932,7.643647442542383e-06,29.707217693328857,0.18760345876216888,-0.027090266346931458,0.3042929292929293,-0.17006762325763702
1,69,0.1575261687441748,0.6487992167607173,0.5455920890554768,36.63156541586871,0,49,0.4356358048439375,0.2131634119167798,7.215456393281777e-06,30.44824981689453,0.2871191203594208,-0.0033870465122163296,0.3106060606060606,-0.1694433093070984
1,70,0.15311703344388883,0.6534016316830635,0.546174384638083,29.879147793207213,3,49,0.4356358048439375,0.21776582683912604,6.795777628163599e-06,36.28686547279358,0.15084855258464813,-0.004647874739021063,0.3169191919191919,-0.16934019327163696
1,71,0.15436929829266607,0.6555666443423888,0.54995153286609,34.00025732577208,0,49,0.4356358048439375,0.21993083949845127,6.3850700597558465e-06,30.7887601852417,0.12053366750478745,-0.05468548461794853,0.3232323232323232,-0.1695510447025299
1,72,0.14786258917682024,0.659922887264494,0.556178399448339,37.21542899977455,0,49,0.4356358048439375,0.2242870824205565,5.983782790754624e-06,29.53765892982483,0.16319134831428528,-0.3469541668891907,0.3295454545454546,-0.16963626444339752
1,73,0.1472966287817274,0.6496494622709402,0.5476786821173024,34.79927830547578,0,49,0.4356358048439375,0.21401365742700273,5.592354622896944e-06,30.215276956558228,0.19127266108989716,-0.013472205027937889,0.3358585858585858,-0.16867174208164215
1,74,0.14288366973704222,0.6492144792795883,0.5451676988723159,35.38887607147834,0,49,0.4356358048439375,0.21357867443565082,5.21121357713747e-06,30.380281925201416,0.15908633172512054,-0.031485896557569504,0.3421717171717171,-0.16879092156887054
1,75,0.14228208058950853,0.6610939727886153,0.5590119930354212,34.307219611767295,0,49,0.4356358048439375,0.22545816794467777,4.840776425613887e-06,36.057907819747925,0.14275190234184265,-0.012392818927764893,0.3484848484848485,-0.16853304207324982
1,76,0.1421440299220231,0.658132830121371,0.5563430166796947,38.20299174367669,0,49,0.4356358048439375,0.22249702527743354,4.481448235912671e-06,30.917634963989258,0.15237310528755188,-0.01670597866177559,0.3547979797979797,-0.16825489699840546
1,77,0.13747850372170917,0.6543399701163357,0.5523093562254722,31.194742579081925,0,49,0.4356358048439375,0.21870416527239822,4.133621928133666e-06,29.966016054153442,0.15669457614421844,-0.010434623807668686,0.36111111111111105,-0.16809450089931488
1,78,0.13747986421293143,0.651749557119365,0.5473750905385734,31.762647876333695,0,49,0.4356358048439375,0.2161137522754275,3.7976778452376966e-06,29.94172954559326,0.18594233691692352,-0.010923599824309349,0.36742424242424243,-0.16778744757175446
1,79,0.14208849777980725,0.652534410546985,0.5470116398431278,34.082839186938635,0,49,0.4356358048439375,0.21689860570304753,3.473983337147118e-06,30.389158010482788,0.17026183009147644,-0.009183423593640327,0.37373737373737376,-0.16730383038520813
1,80,0.1343926685501118,0.6574927182244429,0.5494013222721628,34.40043748518421,0,49,0.4356358048439375,0.2218569133805054,3.162892359054098e-06,35.92642426490784,0.1394079327583313,-0.02378006838262081,0.38005050505050497,-0.16700109839439392
1,81,0.13043855206698787,0.649158350893568,0.543731023302658,33.8181745173065,0,49,0.4356358048439375,0.2135225460496305,2.86474508437579e-06,31.546525478363037,0.15164348483085632,-0.014024756848812103,0.38636363636363635,-0.1665942668914795
1,82,0.1350641950812875,0.6533545646408019,0.5480217139788769,34.04246097164139,0,49,0.4356358048439375,0.2177187597968644,2.5798675327796994e-06,30.03419518470764,0.12446741759777069,-0.05601420998573303,0.3926767676767677,-0.16633720695972443
1,83,0.12943911233118602,0.6571410716312476,0.5513298065466242,37.018734844477336,1,49,0.4356358048439375,0.22150526678731008,2.308571213685967e-06,30.011754274368286,0.19144301116466522,-0.01930219866335392,0.3989898989898989,-0.1659126728773117
1,84,0.1290732173591244,0.6560207593253096,0.5521245856366787,35.44690977510192,0,49,0.4356358048439375,0.22038495448137208,2.0511527856363916e-06,30.040366888046265,0.09163473546504974,-0.08419883251190186,0.4053030303030303,-0.1657414436340332
1,85,0.12567411849693377,0.6546716720912403,0.5503425787327342,33.6692433464136,0,49,0.4356358048439375,0.21903586724730284,1.8078937319026655e-06,37.19447922706604,0.11158214509487152,-0.047213029116392136,0.4116161616161616,-0.16555078327655792
1,86,0.12931256133074664,0.6530396361155673,0.5492618583064308,33.661430022110544,0,49,0.4356358048439375,0.21740383127162977,1.579060052688548e-06,30.869864463806152,0.11910700052976608,-0.06136314570903778,0.417929292929293,-0.16537415981292725
1,87,0.12670214717485467,0.6532624769570177,0.5496544457812998,33.707413350046224,0,49,0.4356358048439375,0.21762667211308018,1.3649019742625624e-06,29.87921977043152,0.10976600646972656,-0.16246002912521362,0.4242424242424242,-0.16521988809108734
1,88,0.126228717592906,0.6551074155876496,0.5510188120223747,33.74006794618323,1,49,0.4356358048439375,0.21947161074371213,1.1656536753392288e-06,30.582187175750732,0.0895281657576561,-0.04425770789384842,0.4305555555555555,-0.16508075594902039
1,89,0.130052564627662,0.6533457868274055,0.5490134998402812,37.546239438634785,0,49,0.4356358048439375,0.21770998198346803,9.815330310080889e-07,30.006207704544067,0.14136968553066254,-0.010411224327981472,0.4368686868686869,-0.16496382653713226
1,90,0.12788241949616647,0.6533326644662582,0.5499551737623752,33.729264623000404,1,49,0.4356358048439375,0.21769685962232066,8.127413744904805e-07,36.04896640777588,0.12387089431285858,-0.044501688331365585,0.4431818181818181,-0.16479361057281494
1,91,0.1251986904868058,0.654704656208337,0.550838211821402,37.4864747586823,0,49,0.4356358048439375,0.21906885136439946,6.594632769846353e-07,31.22854733467102,0.09735381603240967,-0.056794099509716034,0.44949494949494945,-0.16475561261177063
1,92,0.12615301862967257,0.6539327583571216,0.5497599624813105,37.459198195755704,0,49,0.4356358048439375,0.21829695351318412,5.218663458397716e-07,30.496965885162354,0.14819753170013428,-0.023038219660520554,0.45580808080808083,-0.16479457914829254
1,93,0.12101537749475362,0.6540209525321292,0.5505056617451599,37.3848150978515,0,49,0.4356358048439375,0.21838514768819173,4.0010104127991385e-07,30.091432332992554,0.15572918951511383,-0.04251425713300705,0.46212121212121215,-0.1647571176290512
1,94,0.12267174845447346,0.6543419522608517,0.5509358685055331,33.59737894048672,0,49,0.4356358048439375,0.2187061474169142,2.943005118778597e-07,30.178089380264282,0.1254120022058487,-0.017933547496795654,0.46843434343434337,-0.16470149159431458
1,95,0.12117384488181192,0.6540394074701699,0.5505016272566949,34.17660012545086,0,49,0.4356358048439375,0.21840360262623237,2.0458044895916516e-07,37.182302474975586,0.1686418652534485,-0.07939435541629791,0.47474747474747475,-0.16466790437698364
1,96,0.1213678197593105,0.6535809216543333,0.5500096863685356,34.182637598781874,0,49,0.4356358048439375,0.21794511681039586,1.3103896009537207e-07,32.04361581802368,0.08904874324798584,-0.02913498505949974,0.4810606060606061,-0.16464197635650635
1,97,0.12169784702816788,0.6535446668771101,0.5500062202098577,33.584779221574394,0,49,0.4356358048439375,0.2179088620331726,7.375646182482875e-08,30.140458822250366,0.15615586936473846,-0.011111900210380554,0.4873737373737373,-0.16463173925876617
1,98,0.11834914769445147,0.6535696536100577,0.5501035574978218,33.59403455190652,0,49,0.4356358048439375,0.2179338487661202,3.279559171838198e-08,30.48190951347351,0.15197107195854187,-0.014600801281630993,0.4936868686868687,-0.1646207869052887
1,99,0.12362093934599235,0.6535542816634935,0.5500759046732311,33.58335309078459,0,49,0.4356358048439375,0.217918476819556,8.201139886109265e-09,30.127418994903564,0.11082074046134949,-0.047197069972753525,0.5,-0.16461855173110962
2,0,0.8083188485126106,0.3625113720212977,0.2514922961747783,102.27837608902685,1,49,0.4324622420678442,-0.06995087004654654,6e-06,18.319207191467285,0.6891371607780457,0.0,0.0,-0.0045087519101798534
2,1,0.6573236913097148,0.4302798431285784,0.3109397033965081,94.74887780622959,1,49,0.4324622420678442,-0.002182398939265806,1.2e-05,15.509698390960693,0.5754423141479492,0.0,0.0,-0.017360644415020943
2,2,0.6158909079979877,0.4538447181242944,0.3352356897851211,66.53344140709264,1,49,0.4324622420678442,0.02138247605645016,1.8e-05,15.344038486480713,0.3134087324142456,0.0,0.0,-0.03868640214204788
2,3,0.6709638292692146,0.4979752925994992,0.3779925375035985,73.31656018159697,1,49,0.4324622420678442,0.06551305053165496,2.4e-05,23.664450645446777,0.3924327492713928,0.0,0.0,-0.055667322129011154
2,4,0.5725902002684924,0.48835991231923714,0.36445277114392577,72.25034277850247,1,49,0.4324622420678442,0.05589767025139292,3.0000000000000004e-05,24.620551347732544,0.4196772575378418,0.0,0.0,-0.08412162214517593
2,5,0.5010115498182725,0.5928212248829404,0.46140606899805237,49.183418212363414,0,49,0.4324622420678442,0.1603589828150962,3e-05,24.27527952194214,0.725801408290863,0.0,0.0,-0.11249472200870514
2,6,0.47632996707546466,0.6223194347991754,0.4886998789126139,37.2352204370153,0,49,0.4324622420678442,0.18985719273133117,2.999179886011389e-05,24.774094581604004,0.5402899980545044,0.0,0.0,-0.12958645820617676
2,7,0.4449317278910656,0.6185755252873869,0.4871575884148819,50.36004421415639,0,49,0.4324622420678442,0.18611328321954268,2.9967204408281618e-05,24.18134307861328,0.4826723039150238,0.0,0.0,-0.13705705106258392
2,8,0.43157638305304,0.5957846984306266,0.4671332375670986,60.61889017761011,0,49,0.4324622420678442,0.16332245636278242,2.9926243538175172e-05,24.216822624206543,0.6828696131706238,0.0,0.0,-0.1433890014886856
2,9,0.4382812158793819,0.6323544078857046,0.5097241125069527,31.965353631091734,0,49,0.4324622420678442,0.1998921658178604,2.9868961039904628e-05,23.958149433135986,0.45137208700180054,0.0,0.0,-0.15061548352241516
2,10,0.4102095228676893,0.6736425367416327,0.5501777967161623,29.14161516204523,1,49,0.4324622420678442,0.24118029467378843,2.9795419551040836e-05,27.62516736984253,0.20839110016822815,0.0,0.0,-0.1569998562335968
2,11,0.39205558567631,0.6556394448487767,0.5251810204089539,25.078671231354186,0,49,0.4324622420678442,0.22317720278093245,2.970569948812214e-05,24.687859296798706,0.4504963159561157,0.0,0.0,-0.1588963270187378
2,12,0.3885780901324992,0.5946980424859387,0.46737043187156074,61.62363711925394,0,49,0.4324622420678442,0.1622358004180945,2.9599898958720088e-05,24.382857084274292,0.5937445163726807,0.0,0.0,-0.15918058156967163
2,13,0.3735976617555229,0.6700528509239285,0.5505677261102229,17.58692706770541,2,49,0.4324622420678442,0.2375906088560843,2.947813365416023e-05,23.883052110671997,0.5173737406730652,0.0,0.0,-0.1628609150648117
2,14,0.37562220254722906,0.6208465413336031,0.4911192789448824,39.799308567783605,0,49,0.4324622420678442,0.18838429926575884,2.9340536723015367e-05,23.919443368911743,0.32169008255004883,0.0,0.0,-0.16542401909828186
2,15,0.3548771042604836,0.6500111907256985,0.5231623689180936,39.44182771180608,0,49,0.4324622420678442,0.21754894865785424,2.9187258625509518e-05,27.674964904785156,0.3018770217895508,0.0,0.0,-0.16786369681358337
2,16,0.36319473933200447,0.6429525971536388,0.5165061970215072,29.453149509578882,0,49,0.4324622420678442,0.2104903550857946,2.9018466968991913e-05,24.02385902404785,0.2406284064054489,0.0,0.0,-0.1713767647743225
2,17,0.3349195171375664,0.648164781348075,0.5173271047563462,36.681267602924954,0,49,0.4324622420678442,0.21570253928023075,2.883434632466077e-05,23.568185806274414,0.38114890456199646,0.0,0.0,-0.17222316563129425
2,18,0.3600244132839904,0.6075002888936893,0.477670870947886,42.204289229330584,0,49,0.4324622420678442,0.17503804682584512,2.863509802573744e-05,23.899627208709717,0.31315281987190247,0.0,0.0,-0.17634747922420502
2,19,0.36906782066335486,0.610616921378276,0.4834503373045786,58.60300211030024,0,49,0.4324622420678442,0.17815467931043172,2.8420939947311454e-05,24.07492685317993,0.3673556447029114,0.0,0.0,-0.17744344472885132
2,20,0.35036380163260866,0.624111281501057,0.5022228568004033,53.954653342971426,0,49,0.4324622420678442,0.19164903943321276,2.8192106268097336e-05,37.37971329689026,0.3546801507472992,0.004035359248518944,0.0012626262626262534,-0.17681118845939636
2,21,0.32566539517470766,0.6847888614359803,0.5680231975130065,28.460328488577655,0,49,0.4324622420678442,0.25232661936813605,2.794884721436361e-05,31.884933948516846,0.4866373538970947,0.007363240234553814,0.0075757575757575725,-0.1793014109134674
2,22,0.3480284512042999,0.6583790811955589,0.5323599388822059,36.49972872082401,0,49,0.4324622420678442,0.22591683912771465,2.769142878631403e-05,31.716883897781372,0.21539798378944397,-0.2314375936985016,0.013888888888888874,-0.1816016584634781
2,23,0.3164336945937604,0.6816179644076171,0.5601373753569895,25.927108433468636,1,49,0.4324622420678442,0.2491557223397729,2.74201324672203e-05,30.2145094871521,0.2134978026151657,-0.025683443993330002,0.020202020202020193,-0.18209144473075867
2,24,0.32309694101615827,0.7072813909859293,0.5930708008684258,15.788400984339448,0,49,0.4324622420678442,0.2748191489180851,2.7135254915624213e-05,29.90562391281128,0.4624902904033661,-0.014786971732974052,0.026515151515151512,-0.18228387832641602
2,25,0.30057122178223666,0.6673951688889284,0.5478280877896308,36.923689335908286,0,49,0.4324622420678442,0.23493292682108413,2.6837107640945904e-05,37.15160822868347,0.36738383769989014,-0.028457961976528168,0.03282828282828283,-0.1824142038822174
2,26,0.29708756810548353,0.6824199956750491,0.5635176615353706,22.24649732360434,0,49,0.4324622420678442,0.24995775360720485,2.6526016662852887e-05,31.15010666847229,0.27532288432121277,-0.01334960013628006,0.03914141414141415,-0.18423716723918915
2,27,0.2915269175962526,0.7293339182166014,0.617354032407756,14.694419579709646,1,49,0.4324622420678442,0.2968716761487572,2.620232215476231e-05,29.985658884048462,0.15857796370983124,-0.045775990933179855,0.045454545454545435,-0.1893477737903595
2,28,0.2884074077010155,0.7318122530888852,0.6187846627703997,19.310682395021427,1,49,0.4324622420678442,0.299350011021041,2.5866378071866338e-05,31.822670221328735,0.15353640913963318,-0.589425265789032,0.051767676767676754,-0.18766243755817413
2,29,0.28266935202540183,0.7032252273188998,0.5921907948677821,35.5172051006074,0,49,0.4324622420678442,0.2707629852510556,2.5518551764087326e-05,31.42105460166931,0.1723461002111435,-0.013276400975883007,0.05808080808080807,-0.18464763462543488
2,30,0.2769933905528516,0.7010012103241716,0.5834507971460007,23.68638546927455,0,49,0.4324622420678442,0.2685389682563274,2.5159223574386117e-05,36.21355319023132,0.38741204142570496,-0.007964983582496643,0.06439393939393939,-0.1856883317232132
2,31,0.282669404635624,0.6486557554793864,0.5407374875315274,39.78642941277785,0,49,0.4324622420678442,0.21619351341154214,2.478878642286253e-05,31.812148571014404,0.2583678364753723,-0.007755194790661335,0.0707070707070707,-0.18612636625766754
2,32,0.27838912454186654,0.6991141435996581,0.5814880136764132,26.807416469832337,0,49,0.4324622420678442,0.26665190153181384,2.4407645377103056e-05,30.062244415283203,0.2206629365682602,-0.006032179109752178,0.07702020202020203,-0.1868007630109787
2,33,0.2636803546730353,0.6914558839166653,0.5842365851332452,15.105549230405016,1,49,0.4324622420678442,0.2589936418488211,2.4016217209245377e-05,30.248257875442505,0.1993687003850937,-0.007472489029169083,0.08333333333333331,-0.18604455888271332
2,34,0.27471455445094983,0.6960872803617537,0.586357820597007,19.33365610557814,0,49,0.4324622420678442,0.2636250382939095,2.3614929940244155e-05,30.101165294647217,0.2170335054397583,-0.0021080446895211935,0.08964646464646463,-0.18587327003479004
2,35,0.26089122374447027,0.679245792226779,0.5647189130088782,30.095469474341265,0,49,0.4324622420678442,0.24678355015893483,2.320422237183641e-05,36.057340145111084,0.23838691413402557,0.0017122392309829593,0.09595959595959595,-0.186897873878479
2,36,0.2670849283434907,0.6814027793810016,0.5697635657291114,15.571834823481682,2,49,0.4324622420678442,0.24894053731315735,2.2784543606718227e-05,31.108741760253906,0.13897746801376343,-0.18067097663879395,0.10227272727272727,-0.18813368678092957
2,37,0.24081971830859475,0.6600675085898593,0.5534219777323643,22.020820078158533,3,49,0.4324622420678442,0.22760526652201507,2.2356352557457624e-05,29.963951587677002,0.27805301547050476,-0.0049316599033772945,0.10858585858585859,-0.18665161728858948
2,38,0.25628698799683125,0.6225736600317601,0.5182954638841282,43.37241432556593,3,49,0.4324622420678442,0.19011141796391584,2.1920117444680317e-05,30.315752744674683,0.22068578004837036,-0.010008318349719048,0.11489898989898988,-0.18476280570030212
2,39,0.23033056043240488,0.7173727243692811,0.6104684141762621,21.21950615871681,1,49,0.4324622420678442,0.2849104823014369,2.1476315285077393e-05,29.767080068588257,0.2441272735595703,-0.11354152858257294,0.12121212121212119,-0.1843390315771103
2,40,0.23378755882078286,0.6678254929176216,0.5550538156129162,23.186414697356657,2,49,0.4324622420678442,0.23536325084977738,2.1025431369794546e-05,35.54710388183594,0.2732110917568207,0.008309630677103996,0.1275252525252525,-0.18406644463539124
2,41,0.23586668986447004,0.6978107968988201,0.5886766618202812,26.011055280509602,0,49,0.4324622420678442,0.26534855483097586,2.056795873377331e-05,31.584800004959106,0.18115131556987762,-0.05184119939804077,0.1338383838383838,-0.1843264102935791
2,42,0.22444767079183034,0.6831614239005699,0.5785388688229781,16.829314760065888,2,49,0.4324622420678442,0.25069918183272566,2.0104397616624646e-05,29.980071783065796,0.4034309983253479,-0.013116687536239624,0.14015151515151514,-0.18508873879909515
2,43,0.21133228680308985,0.6581037454838008,0.5601070693822923,22.114521522855274,3,49,0.4324622420678442,0.22564150341595657,1.963525491562421e-05,30.10206890106201,0.21105432510375977,-0.00922443252056837,0.14646464646464646,-0.18709796667099
2,44,0.21883539034395802,0.6492136829260975,0.5476615797741629,25.42975578295757,2,49,0.4324622420678442,0.21675144085825326,1.916104363142767e-05,30.172451496124268,0.14214040338993073,-0.03773253411054611,0.15277777777777773,-0.18441671133041382
2,45,0.22093314282139953,0.7063768596558557,0.5989102054585972,23.77832316805124,1,49,0.4324622420678442,0.2739146175880115,1.8682282307111988e-05,37.12075877189636,0.15831485390663147,-0.02059481292963028,0.15909090909090906,-0.1863488256931305
2,46,0.2075370439157194,0.6676462194681866,0.5669475907104935,14.452206072397278,2,49,0.4324622420678442,0.23518397740034236,1.8199494461156203e-05,31.280771255493164,0.20932607352733612,-0.038991376757621765,0.1654040404040404,-0.18462030589580536
2,47,0.21324749275737878,0.7188391518211523,0.6110692509916598,19.912147821765426,1,49,0.4324622420678442,0.2863769097533081,1.771320801498165e-05,29.96228551864624,0.32384297251701355,0.028895214200019836,0.1717171717171717,-0.18467175960540771
2,48,0.20071897807778144,0.6825591833433374,0.5779726166778627,29.28558563258361,0,49,0.4324622420678442,0.2500969412754932,1.722395471567763e-05,30.145379066467285,0.1436191201210022,-0.5628942847251892,0.178030303030303,-0.18444396555423737
2,49,0.2134199446561385,0.7017343018408183,0.5885186865938166,26.86112350041606,0,49,0.4324622420678442,0.2692720597729741,1.6732269554543794e-05,29.980036973953247,0.402751088142395,-0.050934404134750366,0.18434343434343434,-0.18445175886154175
2,50,0.19902821675855287,0.7146342528136858,0.6060991592804935,22.529886736170898,1,49,0.4324622420678442,0.28217201074584153,1.623869018208499e-05,34.956732988357544,0.15058454871177673,-0.01760747656226158,0.19065656565656566,-0.18443147838115692
2,51,0.19505944285465746,0.6673789850413507,0.5625276944418532,28.554161777586003,0,49,0.4324622420678442,0.2349167429735065,1.5743756320098334e-05,31.175618171691895,0.21440592408180237,-0.021967776119709015,0.19696969696969693,-0.1828489750623703
2,52,0.1979759411544216,0.7057816028313194,0.5940217127624231,35.850424805832006,0,49,0.4324622420678442,0.2733193607634752,1.524800917149538e-05,30.34903311729431,0.11263884603977203,-0.03968154639005661,0.2032828282828283,-0.18305662274360657
2,53,0.19632684272162768,0.6789011659352128,0.5757545461640143,27.54437559415841,1,49,0.4324622420678442,0.24643892386736854,1.4751990828504623e-05,29.97479271888733,0.25792086124420166,-0.008713221177458763,0.20959595959595959,-0.18321824073791504
2,54,0.1815823480790975,0.6875014837925164,0.5764432982636322,39.77623739983057,1,49,0.4324622420678442,0.2550392417246722,1.4256243679901665e-05,30.797910690307617,0.1826181411743164,-0.04072413966059685,0.21590909090909086,-0.18305239081382751
2,55,0.18881103016284048,0.7107717521242078,0.6024326194483868,33.5097855814676,1,49,0.4324622420678442,0.2783095100563636,1.3761309817915017e-05,36.80357766151428,0.15120679140090942,-0.022035297006368637,0.2222222222222222,-0.18263399600982666
2,56,0.19237763206569516,0.7024721924866432,0.5966567200234307,34.42437641012246,0,49,0.4324622420678442,0.27000995041879894,1.3267730445456208e-05,31.836106777191162,0.3495909571647644,0.0864265114068985,0.2285353535353535,-0.18282943964004517
2,57,0.18136810192040034,0.7008486404661188,0.5931865529479767,47.56852087220081,0,49,0.4324622420678442,0.2683863983982746,1.277604528432237e-05,30.00962805747986,0.31195127964019775,-0.022694572806358337,0.23484848484848486,-0.18243706226348877
2,58,0.17989531782816867,0.6986547208892935,0.597931250568118,24.676824329503827,0,49,0.4324622420678442,0.26619247882144925,1.2286791985018356e-05,30.503008604049683,0.20089153945446014,-0.015241261571645737,0.24116161616161613,-0.18231573700904846
2,59,0.16743447403518522,0.6908528974547168,0.5862311458799315,43.47948434508472,1,49,0.4324622420678442,0.25839065538687256,1.18005055388438e-05,30.050796031951904,0.24388937652111053,-0.04391483962535858,0.24747474747474743,-0.18270547688007355
2,60,0.1662990315532198,0.6915905647252585,0.5946753845503391,27.126573803492462,1,49,0.4324622420678442,0.25912832265741426,1.1317717692888014e-05,36.63779163360596,0.1828441619873047,-0.1818738877773285,0.2537878787878788,-0.18336813151836395
2,61,0.1660917640036466,0.6657385753523749,0.5617759021324903,20.847075344841183,1,49,0.4324622420678442,0.23327633328453068,1.0838956368572335e-05,31.69573974609375,0.15363085269927979,-0.0440300814807415,0.26010101010101006,-0.1831609159708023
2,62,0.1653396622562895,0.6727183826661145,0.5778187986651164,28.27430475921403,1,49,0.4324622420678442,0.24025614059827027,1.036474508437579e-05,30.483353853225708,0.12824514508247375,-0.04988881200551987,0.26641414141414144,-0.18245810270309448
2,63,0.16486383320725695,0.7044273740812959,0.5996337149362763,33.62545774720829,0,49,0.4324622420678442,0.2719651320134516,9.895602383375355e-06,30.22454810142517,0.15510448813438416,-0.013132419437170029,0.2727272727272727,-0.1824495494365692
2,64,0.160292281408091,0.7040059855047297,0.60083713042567,25.937798310841597,1,49,0.4324622420678442,0.2715437434368855,9.432041266226686e-06,30.552153825759888,0.1279720813035965,-0.035310011357069016,0.27904040404040403,-0.18180885910987854
2,65,0.14886919317805036,0.6826693296368197,0.5831243120679842,22.894660862717945,1,49,0.4324622420678442,0.2502070875689755,8.974568630205462e-06,36.65293073654175,0.1407935917377472,-0.2719620168209076,0.28535353535353536,-0.1810474395751953
2,66,0.15168290402816267,0.6961685845435582,0.5941887348582482,36.43013974368509,0,49,0.4324622420678442,0.263706342475714,8.523684714922608e-06,31.22153401374817,0.17225301265716553,-0.09667690843343735,0.29166666666666663,-0.18015004694461823
2,67,0.15480313001542675,0.6658641519585591,0.5694703063456561,28.387081040272296,1,49,0.4324622420678442,0.23340190989071485,8.079882555319685e-06,30.209235668182373,0.1283436268568039,-0.01033148355782032,0.29797979797979796,-0.17921333014965057
2,68,0.1524737425604645,0.679962221723827,0.5811577550733454,27.903267028949145,0,49,0.4324622420678442,0.2474999796559828,7.643647442542383e-06,29.7845675945282,0.2110724151134491,-0.026848431676626205,0.3042929292929293,-0.1789310723543167
2,69,0.14597037388962142,0.6689845097629666,0.5702747208071959,21.90899278223173,0,49,0.4324622420678442,0.2365222676951224,7.215456393281777e-06,30.5423104763031,0.23611049354076385,-0.021910492330789566,0.3106060606060606,-0.1788892149925232
2,70,0.14752161761327665,0.6712832429152287,0.5712618389641666,30.384108188431124,0,49,0.4324622420678442,0.23882100084738445,6.795777628163599e-06,35.738439321517944,0.17741362750530243,-0.0034805049654096365,0.3169191919191919,-0.1783684939146042
2,71,0.1448443585208484,0.6699425292422818,0.5745290074267588,17.485196004584832,1,49,0.4324622420678442,0.2374802871744376,6.3850700597558465e-06,31.140413761138916,0.10191178321838379,-0.06174765154719353,0.3232323232323232,-0.17848117649555206
2,72,0.14563127424643965,0.7143662538476538,0.6115571294598791,32.808358639091225,0,49,0.4324622420678442,0.2819040117798096,5.983782790754624e-06,30.61411166191101,0.15878230333328247,-0.34678566455841064,0.3295454545454546,-0.17832301557064056
2,73,0.13693652013126684,0.6950838315793462,0.5916344395359617,24.64373759590754,1,49,0.4324622420678442,0.26262158951150194,5.592354622896944e-06,30.010465383529663,0.1684228628873825,-0.01359559129923582,0.3358585858585858,-0.17773590981960297
2,74,0.14794408955744334,0.697342986684971,0.5987048788364361,26.260663090140078,0,49,0.4324622420678442,0.26488074461712674,5.21121357713747e-06,30.182451486587524,0.14617986977100372,-0.03147827461361885,0.3421717171717171,-0.1778426319360733
2,75,0.13934906450461368,0.6937497540351715,0.5924556499587255,26.472999224707003,0,49,0.4324622420678442,0.26128751196732725,4.840776425613887e-06,37.072345495224,0.12800812721252441,-0.03953361511230469,0.3484848484848485,-0.17737837135791779
2,76,0.1415018731234025,0.6898958535831516,0.5904179777209395,30.06675234585996,0,49,0.4324622420678442,0.2574336115153074,4.481448235912671e-06,31.856080532073975,0.17124229669570923,-0.051049914211034775,0.3547979797979797,-0.1771138459444046
2,77,0.1344796107435713,0.6744840642197769,0.5808419438253473,28.866704754001884,1,49,0.4324622420678442,0.2420218221519327,4.133621928133666e-06,29.777681589126587,0.1466212272644043,-0.010561613366007805,0.36111111111111105,-0.17682978510856628
2,78,0.13567686141753682,0.6710667258492512,0.5729900731675495,36.853679056404715,0,49,0.4324622420678442,0.23860448378140697,3.7976778452376966e-06,29.872007608413696,0.1701338142156601,-0.02487902157008648,0.36742424242424243,-0.17648404836654663
2,79,0.13860745902876465,0.6778016926938871,0.5803249513276265,30.754409301457557,1,49,0.4324622420678442,0.2453394506260429,3.473983337147118e-06,30.033437728881836,0.21364015340805054,-0.0056641618721187115,0.37373737373737376,-0.17617051303386688
2,80,0.13003219557659967,0.6818989963577826,0.5848783751122107,37.20407326168117,0,49,0.4324622420678442,0.2494367542899384,3.162892359054098e-06,36.6928391456604,0.12563017010688782,-0.04295849800109863,0.38005050505050497,-0.17561255395412445
2,81,0.12890044189229302,0.6872444856866274,0.5863049755691863,38.14685154682313,0,49,0.4324622420678442,0.2547822436187832,2.86474508437579e-06,31.563883304595947,0.16775989532470703,-0.013594120740890503,0.38636363636363635,-0.175355464220047
2,82,0.12446793609735918,0.6825241474996555,0.5854582304567088,30.1720916536147,0,49,0.4324622420678442,0.2500619054318113,2.5798675327796994e-06,30.300118923187256,0.10945481061935425,-0.048472143709659576,0.3926767676767677,-0.1750774085521698
2,83,0.12111236094212045,0.6812341937404105,0.5840057275320562,30.543842055150698,0,49,0.4324622420678442,0.24877195167256627,2.308571213685967e-06,30.306801319122314,0.1863001435995102,-0.029791444540023804,0.3989898989898989,-0.1746753603219986
2,84,0.12149684868600903,0.6864334228534665,0.5877029979994441,30.28738851828719,0,49,0.4324622420678442,0.2539711807856223,2.0511527856363916e-06,30.354989051818848,0.09372838586568832,-0.0839252695441246,0.4053030303030303,-0.17465664446353912
2,85,0.1175870608006205,0.6886592922500568,0.5900846836648784,30.34656279268849,0,49,0.4324622420678442,0.2561970501822126,1.8078937319026655e-06,35.81715726852417,0.09889179468154907,-0.0491906963288784,0.4116161616161616,-0.1744285523891449
2,86,0.11856755477433302,0.6881388094550565,0.589794831382819,36.21321611066701,0,49,0.4324622420678442,0.25567656738721223,1.579060052688548e-06,31.708654642105103,0.1333693265914917,-0.046188920736312866,0.417929292929293,-0.1741219162940979
2,87,0.11628165681447301,0.6805554023704473,0.5820744038832881,34.52959889020039,0,49,0.4324622420678442,0.2480931603026031,1.3649019742625624e-06,30.24007773399353,0.15948860347270966,-0.013350320979952812,0.4242424242424242,-0.17391815781593323
2,88,0.1259102155359424,0.6815782483035941,0.5835787809486845,34.36719599428254,0,49,0.4324622420678442,0.24911600623574992,1.1656536753392288e-06,30.497661113739014,0.10151055455207825,-0.04420563578605652,0.4305555555555555,-0.1738295704126358
2,89,0.122114647864079,0.6862043138122345,0.5878534977920012,34.27517387011421,0,49,0.4324622420678442,0.25374207174439023,9.815330310080889e-07,30.316131114959717,0.16049939393997192,-0.010075106285512447,0.4368686868686869,-0.17389178276062012
2,90,0.12042956358315993,0.6829198171027432,0.585492400959617,33.75670919126281,0,49,0.4324622420678442,0.25045757503489896,8.127413744904805e-07,36.260677337646484,0.0909392237663269,-0.11986317485570908,0.4431818181818181,-0.1737995743751526
2,91,0.1155840919486114,0.6791575387385332,0.582650149537567,33.8279928016423,0,49,0.4324622420678442,0.246695296670689,6.594632769846353e-07,32.05211424827576,0.114786796271801,-0.025677748024463654,0.44949494949494945,-0.1736428588628769
2,92,0.1199506974341918,0.6796622554573929,0.5824207153646888,30.17891538391509,0,49,0.4324622420678442,0.24720001338954867,5.218663458397716e-07,30.264461278915405,0.1815180480480194,-0.05320911854505539,0.45580808080808083,-0.17360933125019073
2,93,0.11248910647569871,0.6812159585616333,0.5835476720703495,30.17249176838924,0,49,0.4324622420678442,0.24875371649378908,4.0010104127991385e-07,30.785833835601807,0.1428156942129135,-0.042915742844343185,0.46212121212121215,-0.17363372445106506
2,94,0.11647165308193284,0.6769117530949739,0.579574412636432,30.143292473452853,0,49,0.4324622420678442,0.24444951102712964,2.943005118778597e-07,29.99091076850891,0.1361553966999054,-0.053882330656051636,0.46843434343434337,-0.17359229922294617
2,95,0.10835347925217784,0.6776593302752932,0.5802338048145793,30.140123940078944,0,49,0.4324622420678442,0.245197088207449,2.0458044895916516e-07,36.2678599357605,0.16639241576194763,-0.07985805720090866,0.47474747474747475,-0.17354676127433777
2,96,0.11508431992664629,0.6789782286642773,0.5814627613865843,33.858036357195196,0,49,0.4324622420678442,0.24651598659643303,1.3103896009537207e-07,31.06730031967163,0.09447962045669556,-0.028956513851881027,0.4810606060606061,-0.17351678013801575
2,97,0.11054430795567376,0.6790720329558251,0.5815293838066697,33.29853556289754,0,49,0.4324622420678442,0.24660979088798085,7.375646182482875e-08,30.4396550655365,0.14847072958946228,-0.012538237497210503,0.4873737373737373,-0.17351098358631134
2,98,0.11419889939074614,0.6793613647629138,0.5817231442506564,33.84511415007255,0,49,0.4324622420678442,0.24689912269506953,3.279559171838198e-08,30.016279458999634,0.17207863926887512,-0.01022261567413807,0.4936868686868687,-0.1735069304704666
2,99,0.11310315474259611,0.6793295217730002,0.5817154321299803,33.849132943302095,0,49,0.4324622420678442,0.24686727970515598,8.201139886109265e-09,30.49528694152832,0.10690335929393768,-0.04729011654853821,0.5,-0.17350514233112335
3,0,0.8142157866030323,0.42243716595037234,0.2922756636582095,81.33715432246608,0,48,0.41153481387066854,0.010902352079703803,6e-06,17.300624132156372,0.7710591554641724,0.0,0.0,-0.0042602382600307465
3,1,0.6687018238768285,0.45438195734734305,0.32187643561698576,92.0919977901915,0,48,0.41153481387066854,0.04284714347667451,1.2e-05,16.046958208084106,0.7433937191963196,0.0,0.0,-0.016116179525852203
3,2,0.6288082727364132,0.4817767233720627,0.34571274936284063,72.90524499837954,0,48,0.41153481387066854,0.07024190950139414,1.8e-05,15.713576078414917,0.7186570167541504,0.0,0.0,-0.03818293660879135
3,3,0.7712865009599802,0.4871634198167207,0.3555798042855289,72.1435188132004,2,48,0.41153481387066854,0.07562860594605214,2.4e-05,23.592304468154907,0.6955441832542419,0.0,0.0,-0.0526139922440052
3,4,0.6237346669849084,0.4919424489212017,0.35570736034271544,82.67569836233528,0,48,0.41153481387066854,0.08040763505053317,3.0000000000000004e-05,24.38363289833069,0.6316430568695068,0.0,0.0,-0.08020711690187454
3,5,0.5527639176164355,0.6293710723714233,0.5009736851735515,39.69758957790289,1,48,0.41153481387066854,0.21783625850075478,3e-05,24.96664333343506,0.4033733010292053,0.0,0.0,-0.11340624839067459
3,6,0.479781088172173,0.6302739915585698,0.4898917801505043,34.886506833156595,2,48,0.41153481387066854,0.21873917768790124,2.999179886011389e-05,24.692501544952393,0.5068774223327637,0.0,0.0,-0.13871103525161743
3,7,0.4886660508963527,0.5663396089432634,0.44987102642763116,17.37329857364403,3,48,0.41153481387066854,0.15480479507259487,2.9967204408281618e-05,23.188215732574463,0.6044983863830566,0.0,0.0,-0.1470213681459427
3,8,0.46482912922392083,0.4455454518390038,0.30702373345667944,84.56416165201621,0,48,0.41153481387066854,0.034010637968335256,2.9926243538175172e-05,23.86286163330078,0.5499821901321411,0.0,0.0,-0.15528318285942078
3,9,0.43784305331658346,0.673425827911785,0.5364796675990172,35.63288311861475,0,48,0.41153481387066854,0.2618910140411164,2.9868961039904628e-05,23.58057975769043,0.3783870339393616,0.0,0.0,-0.16139380633831024
3,10,0.43292688350288233,0.6444970228807265,0.5005917422542131,58.57989598927215,0,48,0.41153481387066854,0.23296220901005799,2.9795419551040836e-05,26.383063077926636,0.5175875425338745,0.0,0.0,-0.16748780012130737
3,11,0.4088399239948818,0.6930249550342856,0.5619693351889264,18.318391143597363,0,48,0.41153481387066854,0.2814901411636171,2.970569948812214e-05,24.02185845375061,0.21284647285938263,0.0,0.0,-0.16926078498363495
3,12,0.4300512832646467,0.6934453339165948,0.5614940389129562,35.97633173370308,1,48,0.41153481387066854,0.28191052004592626,2.9599898958720088e-05,24.419758081436157,0.32412242889404297,0.0,0.0,-0.17014501988887787
3,13,0.39282566978006944,0.6698260744486936,0.5359068692875452,41.50395672638921,0,48,0.41153481387066854,0.25829126057802504,2.947813365416023e-05,24.64378309249878,0.2976004183292389,0.0,0.0,-0.1728062629699707
3,14,0.39643867830840906,0.7064122093522381,0.5827766965857427,16.333382491083757,1,48,0.41153481387066854,0.2948773954815696,2.9340536723015367e-05,23.54642152786255,0.571731448173523,0.0,0.0,-0.17515672743320465
3,15,0.41189043071805215,0.5948843732151413,0.45856506186266904,57.32115789641957,0,48,0.41153481387066854,0.18334955934447278,2.9187258625509518e-05,26.31135892868042,0.41252386569976807,0.0,0.0,-0.1756894439458847
3,16,0.39891089377354605,0.6568420215638447,0.518172224372216,36.903776344084676,0,48,0.41153481387066854,0.2453072076931762,2.9018466968991913e-05,24.488435983657837,0.19949272274971008,0.0,0.0,-0.1794009506702423
3,17,0.36631727461912195,0.7025668052145932,0.5840698238224104,16.260128176073977,2,48,0.41153481387066854,0.2910319913439247,2.883434632466077e-05,24.12525510787964,0.3222731947898865,0.0,0.0,-0.18192490935325623
3,18,0.3682039693302038,0.7000243094161874,0.5827974695806355,19.212657358751983,1,48,0.41153481387066854,0.2884894955455189,2.863509802573744e-05,23.923399686813354,0.1786574423313141,0.0,0.0,-0.18424296379089355
3,19,0.3748230055278661,0.6982141154034435,0.5797802900166976,23.609856609985766,1,48,0.41153481387066854,0.28667930153277493,2.8420939947311454e-05,23.87656593322754,0.5442343354225159,0.0,0.0,-0.18398940563201904
3,20,0.35672842026973256,0.6570671981927901,0.5311428954705728,33.802445384901425,1,48,0.41153481387066854,0.2455323843221216,2.8192106268097336e-05,35.94270205497742,0.4281814396381378,-0.020721063017845154,0.0012626262626262534,-0.18294358253479004
3,21,0.34737829347046056,0.6321690433466444,0.4961290960746845,52.148999370966365,1,48,0.41153481387066854,0.22063422947597583,2.794884721436361e-05,32.18350672721863,0.36255374550819397,0.010687294416129589,0.0075757575757575725,-0.18665853142738342
3,22,0.3456938832390065,0.7117359405445152,0.5855821061815983,30.317617374147108,0,48,0.41153481387066854,0.30020112667384663,2.769142878631403e-05,30.37313485145569,0.3721250891685486,0.07772915065288544,0.013888888888888874,-0.18854813277721405
3,23,0.3509226675544466,0.6711002111137896,0.5335770865137781,39.99607565259941,0,48,0.41153481387066854,0.25956539724312105,2.74201324672203e-05,30.81513023376465,0.5368123054504395,0.04915370047092438,0.020202020202020193,-0.1897505670785904
3,24,0.348243135274673,0.7065266657112376,0.5718144371194458,32.729283745773415,0,48,0.41153481387066854,0.29499185184056903,2.7135254915624213e-05,30.87419366836548,0.2076398730278015,-0.010787513107061386,0.026515151515151512,-0.19075071811676025
3,25,0.3338028344572807,0.6773897813468147,0.5593024733841242,24.943487803372108,2,48,0.41153481387066854,0.2658549674761462,2.6837107640945904e-05,37.34550976753235,0.2701002359390259,-0.01379100326448679,0.03282828282828283,-0.19064964354038239
3,26,0.31833092290527965,0.7292642887753479,0.595839771827603,23.198707794303175,0,48,0.41153481387066854,0.31772947490467934,2.6526016662852887e-05,30.35012698173523,0.3803887963294983,0.02923903986811638,0.03914141414141415,-0.18841765820980072
3,27,0.31704276648102975,0.6741310067937203,0.5392351274629852,44.822703528579844,0,48,0.41153481387066854,0.26259619292305175,2.620232215476231e-05,31.173309087753296,0.49527037143707275,0.024284232407808304,0.045454545454545435,-0.18994265794754028
3,28,0.32522310985594377,0.6944395044144024,0.5739001014494122,31.52715618258465,0,48,0.41153481387066854,0.28290469054373385,2.5866378071866338e-05,30.437875986099243,0.18892163038253784,-0.05094018578529358,0.051767676767676754,-0.19057461619377136
3,29,0.32697454520634245,0.7158613089995951,0.5928161329486384,34.23227074026196,0,48,0.41153481387066854,0.30432649512892657,2.5518551764087326e-05,29.93364977836609,0.4887779653072357,0.03219827637076378,0.05808080808080807,-0.18879078328609467
3,30,0.3011162798015439,0.7160485915841269,0.5936385218425352,30.711144236478514,0,48,0.41153481387066854,0.3045137777134584,2.5159223574386117e-05,34.80361557006836,0.27832138538360596,-0.05582064390182495,0.06439393939393939,-0.1929226517677307
3,31,0.30337812371399936,0.7293795446039032,0.6148831264479857,26.874847208154677,0,48,0.41153481387066854,0.31784473073323466,2.478878642286253e-05,30.364219188690186,0.3551596701145172,-0.12076640874147415,0.0707070707070707,-0.1930726319551468
3,32,0.30804260303171316,0.7320626857708619,0.6099946759660767,24.903966255906372,0,48,0.41153481387066854,0.32052787190019333,2.4407645377103056e-05,31.54145908355713,0.2345714569091797,-0.01253474224358797,0.07702020202020203,-0.19450639188289642
3,33,0.28745880023557313,0.7266317100137935,0.610919760597617,22.063559953169783,1,48,0.41153481387066854,0.3150968961431249,2.4016217209245377e-05,30.829288482666016,0.202853262424469,-0.025525085628032684,0.08333333333333331,-0.19304369390010834
3,34,0.28831139875918016,0.6606027213891618,0.5579054605015331,23.482272771230488,2,48,0.41153481387066854,0.24906790751849323,2.3614929940244155e-05,29.87497091293335,0.28835317492485046,-0.035820186138153076,0.08964646464646463,-0.19308798015117645
3,35,0.2962427131679593,0.6987443238760075,0.576174926163111,35.76439801876473,0,48,0.41153481387066854,0.28720951000533895,2.320422237183641e-05,34.605769872665405,0.22243909537792206,-0.018555503338575363,0.09595959595959595,-0.19228076934814453
3,36,0.2771701015988175,0.7141115486276002,0.5992368335038066,23.768851531333056,1,48,0.41153481387066854,0.30257673475693164,2.2784543606718227e-05,31.340065717697144,0.371229350566864,0.015929851680994034,0.10227272727272727,-0.19259656965732574
3,37,0.2807834534620752,0.7419350832764051,0.6235482730435886,16.0991731289396,1,48,0.41153481387066854,0.3304002694057366,2.2356352557457624e-05,29.658241748809814,0.1517481803894043,-0.03824412822723389,0.10858585858585859,-0.19319048523902893
3,38,0.2679368143483084,0.7026402816007292,0.5860282739954793,35.50872849214769,0,48,0.41153481387066854,0.2911054677300607,2.1920117444680317e-05,31.177881479263306,0.23180899024009705,-0.027173619717359543,0.11489898989898988,-0.19220569729804993
3,39,0.2775735003607614,0.7032664122125398,0.5872691423455353,38.959285747159925,1,48,0.41153481387066854,0.2917315983418713,2.1476315285077393e-05,29.8940486907959,0.20148825645446777,-0.04068900644779205,0.12121212121212119,-0.19280113279819489
3,40,0.2941791229710287,0.6184983228640218,0.5110958833728703,20.14575892597581,2,48,0.41153481387066854,0.2069635089933533,2.1025431369794546e-05,36.11010193824768,0.18672192096710205,-0.09436927735805511,0.1275252525252525,-0.19265000522136688
3,41,0.29196446176086155,0.6643986070279366,0.5626067915918865,23.70357133374336,2,48,0.41153481387066854,0.2528637931572681,2.056795873377331e-05,31.066519498825073,0.5006235241889954,-0.010581656359136105,0.1338383838383838,-0.19304360449314117
3,42,0.2502104290285889,0.6801681912544909,0.5778016380425074,35.49807339607989,1,48,0.41153481387066854,0.26863337738382237,2.0104397616624646e-05,29.60146188735962,0.156498521566391,-0.014788215048611164,0.14015151515151514,-0.1952904313802719
3,43,0.26010661883925906,0.7336544451685869,0.6204116433455679,30.842002409984236,0,48,0.41153481387066854,0.3221196312979184,1.963525491562421e-05,30.23907446861267,0.37480348348617554,0.047897689044475555,0.14646464646464646,-0.19542506337165833
3,44,0.2390077466867408,0.7013435779206173,0.5855175436271438,33.4636069326245,1,48,0.41153481387066854,0.28980876404994876,1.916104363142767e-05,30.003881692886353,0.24325868487358093,-0.13249382376670837,0.15277777777777773,-0.19580665230751038
3,45,0.24444467148610524,0.7071575934709727,0.5957590663329704,27.38020659749207,1,48,0.41153481387066854,0.2956227796003042,1.8682282307111988e-05,35.84121799468994,0.132368266582489,-0.05352909862995148,0.15909090909090906,-0.1935655176639557
3,46,0.24475942612910756,0.6937618477295219,0.57437833121331,36.00174081239477,1,48,0.41153481387066854,0.28222703385885334,1.8199494461156203e-05,31.227524280548096,0.3423634171485901,-0.054703664034605026,0.1654040404040404,-0.19406801462173462
3,47,0.25070760976903295,0.7167787095154402,0.6039270567193196,26.8795515519834,0,48,0.41153481387066854,0.30524389564477167,1.771320801498165e-05,29.641363620758057,0.16255468130111694,-0.4869456887245178,0.1717171717171717,-0.19420385360717773
3,48,0.22796195167668012,0.743370054182655,0.6267429409074873,30.377348392743887,0,48,0.41153481387066854,0.33183524031198647,1.722395471567763e-05,29.612626552581787,0.2139904797077179,-0.04618699103593826,0.178030303030303,-0.19439522922039032
3,49,0.22342278869176396,0.6475753892017962,0.5508418537778225,14.417135476945615,4,48,0.41153481387066854,0.2360405753311277,1.6732269554543794e-05,30.663463354110718,0.37470781803131104,-0.05662188678979874,0.18434343434343434,-0.19604645669460297
3,50,0.2414889302180738,0.6986739395965212,0.5984695466638084,28.802676471799394,2,48,0.41153481387066854,0.2871391257258527,1.623869018208499e-05,36.100000858306885,0.11460350453853607,-0.030829740688204765,0.19065656565656566,-0.1928260177373886
3,51,0.2203629742167434,0.7087314198969931,0.5912168145582452,36.4323245830553,0,48,0.41153481387066854,0.29719660602632453,1.5743756320098334e-05,31.12307047843933,0.17968465387821198,-0.04601345956325531,0.19696969696969693,-0.19327296316623688
3,52,0.22586922210698224,0.672850646535952,0.5704049357840678,20.385435758399243,3,48,0.41153481387066854,0.2613158326652834,1.524800917149538e-05,29.886725187301636,0.23504182696342468,-0.01929936371743679,0.2032828282828283,-0.19331693649291992
3,53,0.2364008648663151,0.740831077662847,0.6288431622154143,23.463764651131665,1,48,0.41153481387066854,0.3292962637921784,1.4751990828504623e-05,30.130588054656982,0.13762378692626953,-0.0348845049738884,0.20959595959595959,-0.19409117102622986
3,54,0.21028948134305525,0.6781446428019358,0.5677008330390935,28.144298137039282,1,48,0.41153481387066854,0.2666098289312672,1.4256243679901665e-05,30.199833154678345,0.3650093972682953,0.013697582297027111,0.21590909090909086,-0.1924489140510559
3,55,0.21460695671183722,0.7179119392602971,0.6129515144220093,30.51807942234469,1,48,0.41153481387066854,0.3063771253896285,1.3761309817915017e-05,34.66076874732971,0.1731150895357132,-0.04578673839569092,0.2222222222222222,-0.1933491826057434
3,56,0.21341125241347722,0.7142561646741402,0.599424942141483,35.524814135458534,1,48,0.41153481387066854,0.3027213508034717,1.3267730445456208e-05,31.120257139205933,0.20953217148780823,0.004431590437889099,0.2285353535353535,-0.1929745227098465
3,57,0.2028303927913004,0.7246826812429857,0.6188509454217268,24.47728083929413,2,48,0.41153481387066854,0.3131478673723172,1.277604528432237e-05,30.171595811843872,0.18733170628547668,-0.014774730429053307,0.23484848484848486,-0.1932695209980011
3,58,0.2030349374577707,0.7406721804920499,0.6323892245024748,25.055558290410925,0,48,0.41153481387066854,0.3291373666213813,1.2286791985018356e-05,29.803569555282593,0.19283731281757355,-0.028430268168449402,0.24116161616161613,-0.1916722059249878
3,59,0.1986190781605487,0.7205897372139073,0.6133944262664802,31.588895286653525,2,48,0.41153481387066854,0.30905492334323875,1.18005055388438e-05,29.81559991836548,0.17772653698921204,-0.0369846448302269,0.24747474747474743,-0.1907261610031128
3,60,0.18735992361088188,0.7187860295928558,0.6053032816420058,33.97688827347984,1,48,0.41153481387066854,0.3072512157221872,1.1317717692888014e-05,36.68482685089111,0.16270175576210022,-0.08053752779960632,0.2537878787878788,-0.1908341497182846
3,61,0.19940970564375118,0.7090692503038273,0.6076656361036846,24.723318645633846,3,48,0.41153481387066854,0.29753443643315874,1.0838956368572335e-05,31.095219373703003,0.34560590982437134,-0.017459159716963768,0.26010101010101006,-0.1907842755317688
3,62,0.18636072670318643,0.7420106283929471,0.6308345507625831,27.768187441735705,0,48,0.41153481387066854,0.33047581452227853,1.036474508437579e-05,30.455769777297974,0.19606992602348328,-0.023863285779953003,0.26641414141414144,-0.1909244954586029
3,63,0.17917690638984954,0.7083847244101653,0.6053023841434338,19.53788246450063,2,48,0.41153481387066854,0.2968499105394968,9.895602383375355e-06,29.828802347183228,0.13596582412719727,-0.6069705486297607,0.2727272727272727,-0.18904268741607666
3,64,0.18544938734599523,0.7081899715438897,0.6039061240181188,27.02100640425675,2,48,0.41153481387066854,0.2966551576732212,9.432041266226686e-06,29.760769844055176,0.1870679259300232,-0.02287035807967186,0.27904040404040403,-0.18861737847328186
3,65,0.17855681372540338,0.7068169130122791,0.6042721608825729,32.42601832278904,2,48,0.41153481387066854,0.2952820991416106,8.974568630205462e-06,37.18651485443115,0.1585635542869568,-0.052108656615018845,0.28535353535353536,-0.1884358674287796
3,66,0.18319135600206804,0.7219901046511432,0.622322158302543,27.956514305592233,0,48,0.41153481387066854,0.3104552907804747,8.523684714922608e-06,32.19296360015869,0.1484375149011612,-0.07717058062553406,0.29166666666666663,-0.18843016028404236
3,67,0.1647063536303384,0.716679315497248,0.6086208408401892,27.993946098056245,0,48,0.41153481387066854,0.3051445016265794,8.079882555319685e-06,29.845523357391357,0.3387608528137207,-0.036186084151268005,0.29797979797979796,-0.18758852779865265
3,68,0.1665819211273777,0.74797486833933,0.6372913295062007,32.26615994879722,0,48,0.41153481387066854,0.3364400544686615,7.643647442542383e-06,30.020997762680054,0.11834052205085754,-0.04311676323413849,0.3042929292929293,-0.1867314577102661
3,69,0.17090236897371253,0.7320881133381762,0.6283154357692411,27.150405887953863,1,48,0.41153481387066854,0.3205532994675077,7.215456393281777e-06,31.70147943496704,0.19327564537525177,-0.027303270995616913,0.3106060606060606,-0.18696801364421844
3,70,0.16870124896570127,0.7187050257488766,0.61841319398496,26.21367544703048,1,48,0.41153481387066854,0.3071702118782081,6.795777628163599e-06,36.85645937919617,0.18918287754058838,-0.172952800989151,0.3169191919191919,-0.18620838224887848
3,71,0.16283027158707988,0.7137733323512735,0.6128339818462815,26.179852227740213,2,48,0.41153481387066854,0.30223851848060496,6.3850700597558465e-06,31.20606565475464,0.11830392479896545,-0.07426334172487259,0.3232323232323232,-0.1861802041530609
3,72,0.17060516090417394,0.7105269756921394,0.6133907491426331,27.201823301180802,1,48,0.41153481387066854,0.29899216182147087,5.983782790754624e-06,30.37792682647705,0.11066842079162598,-0.04844622313976288,0.3295454545454546,-0.18645358085632324
3,73,0.16105440106927132,0.7126735093161631,0.6112830781050286,22.844956005558643,3,48,0.41153481387066854,0.3011386954454946,5.592354622896944e-06,30.072437286376953,0.34787729382514954,-0.062361158430576324,0.3358585858585858,-0.18634171783924103
3,74,0.1580966958890156,0.7201619935693442,0.618584106152668,22.62428429462516,0,48,0.41153481387066854,0.30862717969867565,5.21121357713747e-06,30.279171228408813,0.15575605630874634,-0.060619305819272995,0.3421717171717171,-0.18686926364898682
3,75,0.15344701327231466,0.7178160569948107,0.6188896629397301,25.96472620805083,2,48,0.41153481387066854,0.3062812431241421,4.840776425613887e-06,36.585691690444946,0.15343119204044342,-0.06392721086740494,0.3484848484848485,-0.1863928884267807
3,76,0.15089152836982084,0.7242998551434118,0.6264329443194986,24.679390387127924,2,48,0.41153481387066854,0.31276504127274324,4.481448235912671e-06,30.70797872543335,0.2061796933412552,-0.02428603731095791,0.3547979797979797,-0.18567590415477753
3,77,0.14990237157563774,0.7142967953910463,0.6169061450017216,25.640319045379833,2,48,0.41153481387066854,0.30276198152037775,4.133621928133666e-06,29.792283296585083,0.33135145902633667,-0.013705138117074966,0.36111111111111105,-0.18557977676391602
3,78,0.14772328536729423,0.7235875664476911,0.6201192245121256,31.397402945298264,0,48,0.41153481387066854,0.31205275257702253,3.7976778452376966e-06,29.652047872543335,0.137931227684021,-0.0565415695309639,0.36742424242424243,-0.18509382009506226
3,79,0.14751998897717924,0.7208709932451377,0.622592098853868,25.596899321358062,0,48,0.41153481387066854,0.30933617937446917,3.473983337147118e-06,30.10606360435486,0.1634988784790039,-0.05355587601661682,0.37373737373737376,-0.18462041020393372
3,80,0.1471320202155989,0.7205738402418209,0.6230306919077893,28.043101837129765,0,48,0.41153481387066854,0.3090390263711524,3.162892359054098e-06,36.81873106956482,0.2335759848356247,-0.016729384660720825,0.38005050505050497,-0.18454034626483917
3,81,0.14685922952330843,0.7267021004950935,0.625666533283607,29.97597582835624,0,48,0.41153481387066854,0.315167286624425,2.86474508437579e-06,30.66061568260193,0.10347424447536469,-0.13457080721855164,0.38636363636363635,-0.1844886690378189
3,82,0.1455266048409501,0.7152937427998095,0.6174446147392527,29.22641061981084,0,48,0.41153481387066854,0.30375892892914097,2.5798675327796994e-06,29.96617364883423,0.11388783156871796,-0.01919640228152275,0.3926767676767677,-0.18429604172706604
3,83,0.14711397939494678,0.7195321739320651,0.6213183748680642,29.182325224873086,0,48,0.41153481387066854,0.3079973600613966,2.308571213685967e-06,30.10324788093567,0.17632755637168884,-0.014699422754347324,0.3989898989898989,-0.18428367376327515
3,84,0.1468516410309441,0.7250452561584205,0.625396135817106,29.3772489919378,0,48,0.41153481387066854,0.313510442287752,2.0511527856363916e-06,29.894516468048096,0.235881045460701,-0.04201938211917877,0.4053030303030303,-0.18430399894714355
3,85,0.1301571360352088,0.7230025074487029,0.6248118182782999,26.56263659518595,0,48,0.41153481387066854,0.31146769357803433,1.8078937319026655e-06,35.27035307884216,0.13982659578323364,-0.015086366795003414,0.4116161616161616,-0.18408267199993134
3,86,0.13859851954846966,0.7113516720575218,0.616277632230192,28.01998117208343,1,48,0.41153481387066854,0.2998168581868533,1.579060052688548e-06,31.22037124633789,0.18577264249324799,-0.017508510500192642,0.417929292929293,-0.18379497528076172
3,87,0.13695820854330548,0.7097999859911636,0.6155784647855395,26.66627576597328,1,48,0.41153481387066854,0.298265172120495,1.3649019742625624e-06,29.87579584121704,0.1552298218011856,-0.01240226998925209,0.4242424242424242,-0.18361146748065948
3,88,0.1318008907291354,0.7191006663513836,0.6230860876222207,27.18757291444791,0,48,0.41153481387066854,0.30756585248071505,1.1656536753392288e-06,30.2450270652771,0.12813323736190796,-0.5474005937576294,0.4305555555555555,-0.1834808886051178
3,89,0.13555916353147857,0.7096656950401079,0.615511822688639,26.130720314787265,0,48,0.41153481387066854,0.29813088116943937,9.815330310080889e-07,30.119832754135132,0.20121575891971588,-0.001080426387488842,0.4368686868686869,-0.18339090049266815
3,90,0.13373692432532505,0.7127748614636022,0.617361732441435,26.33016456190335,0,48,0.41153481387066854,0.3012400475929337,8.127413744904805e-07,36.08041262626648,0.35785743594169617,-0.03248870372772217,0.4431818181818181,-0.18335527181625366
3,91,0.12874631492459043,0.7058563642012935,0.6126766268284709,26.784632689791493,0,48,0.41153481387066854,0.29432155033062496,6.594632769846353e-07,30.609622478485107,0.13990381360054016,-0.012040771543979645,0.44949494949494945,-0.18324439227581024
3,92,0.13326331288838872,0.7089737607496035,0.6147728725960965,27.583697122921603,0,48,0.41153481387066854,0.29743894687893496,5.218663458397716e-07,30.16169309616089,0.11007243394851685,-0.4147072434425354,0.45580808080808083,-0.18319810926914215
3,93,0.13252854560102736,0.7127001836617767,0.6170004294464019,26.979625414010076,0,48,0.41153481387066854,0.30116536979110814,4.0010104127991385e-07,30.112971544265747,0.09940564632415771,-0.011528713628649712,0.46212121212121215,-0.1832057684659958
3,94,0.1268509710777779,0.7106522434467323,0.6155236836778634,27.148107677523445,0,48,0.41153481387066854,0.29911742957606374,2.943005118778597e-07,29.841188669204712,0.15788742899894714,-0.048736199736595154,0.46843434343434337,-0.1831604391336441
3,95,0.12776844089432637,0.7105082547334183,0.6151620296156111,27.208552164150543,0,48,0.41153481387066854,0.29897344086274974,2.0458044895916516e-07,36.601067543029785,0.12061741948127747,-0.14679169654846191,0.47474747474747475,-0.18310660123825073
3,96,0.12828730700575575,0.7116641078683384,0.6160745068963122,27.167046468096927,0,48,0.41153481387066854,0.3001292939976699,1.3103896009537207e-07,31.118736028671265,0.14909397065639496,-0.030982717871665955,0.4810606060606061,-0.18309380114078522
3,97,0.12731080905211214,0.71131074285444,0.6159054862047004,27.2008022612626,0,48,0.41153481387066854,0.2997759289837714,7.375646182482875e-08,29.65772318840027,0.15328672528266907,-0.42459240555763245,0.4873737373737373,-0.1830880492925644
3,98,0.12647120183219715,0.7113086375672033,0.6159650084379559,27.197552744421056,0,48,0.41153481387066854,0.29977382369653477,3.279559171838198e-08,29.64940595626831,0.13860203325748444,-0.02107045240700245,0.4936868686868687,-0.1830812245607376
3,99,0.13706109376282108,0.71131284842954,0.6159544174629039,27.19590339190778,0,48,0.41153481387066854,0.2997780345588715,8.201139886109265e-09,29.737244367599487,0.17865890264511108,-0.03394876420497894,0.5,-0.18308059871196747
4,0,0.8007955040250506,0.3416580432591796,0.22707201209192052,104.77071152617346,0,48,0.37905462830833797,-0.03739658504915838,6e-06,17.411120176315308,0.769280731678009,0.0,0.0,-0.004336940124630928
4,1,0.6529998256235706,0.4564524235971346,0.3310384074214959,85.86825142803025,0,48,0.37905462830833797,0.07739779528879664,1.2e-05,15.304231405258179,0.7297978401184082,0.0,0.0,-0.01410144567489624
4,2,0.6188975815870323,0.49771276441783413,0.3679357538998411,77.03176667639453,0,48,0.37905462830833797,0.11865813610949616,1.8e-05,15.038227796554565,0.7667295336723328,0.0,0.0,-0.036125533282756805
4,3,0.6599060175370197,0.4708209506362826,0.36432593319235584,54.90620130357544,5,48,0.37905462830833797,0.09176632232794463,2.4e-05,23.40641212463379,0.6675657033920288,0.0,0.0,-0.05462484061717987
4,4,0.5522750202490359,0.5436215068362751,0.4108767334978907,72.9086672305096,0,48,0.37905462830833797,0.1645668785279371,3.0000000000000004e-05,23.567979097366333,0.7899459600448608,0.0,0.0,-0.07872562855482101
4,5,0.5157417509020591,0.6264306102535175,0.5038604332313973,28.60012807031848,0,48,0.37905462830833797,0.24737598194517957,3e-05,23.890878438949585,0.35698938369750977,0.0,0.0,-0.11181986331939697
4,6,0.4848815537228876,0.6315893546544228,0.5074098392620235,33.73433390303447,0,48,0.37905462830833797,0.2525347263460848,2.999179886011389e-05,23.644564390182495,0.4420889616012573,0.0,0.0,-0.1292639672756195
4,7,0.4660774709618821,0.6273416490063309,0.5099153745953705,43.92259014720275,0,48,0.37905462830833797,0.24828702069799297,2.9967204408281618e-05,24.337263584136963,0.41779646277427673,0.0,0.0,-0.13510137796401978
4,8,0.4280822362218584,0.5397675346413364,0.4074027055239953,73.17023183906531,0,48,0.37905462830833797,0.16071290633299845,2.9926243538175172e-05,23.891939163208008,0.4520190954208374,0.0,0.0,-0.1386992633342743
4,9,0.4170214053319425,0.6345711683189276,0.5054127110973248,37.25691417409493,0,48,0.37905462830833797,0.2555165400105896,2.9868961039904628e-05,23.472991943359375,0.4079199433326721,0.0,0.0,-0.1445816308259964
4,10,0.42392296389657624,0.655118957554936,0.5337817212795787,29.920525825816355,0,48,0.37905462830833797,0.276064329246598,2.9795419551040836e-05,27.274356365203857,0.4731307029724121,0.0,0.0,-0.14991100132465363
4,11,0.40700778273903593,0.6437127787787845,0.5241388837019504,33.97127130842762,0,48,0.37905462830833797,0.26465815047044655,2.970569948812214e-05,23.72679591178894,0.23776501417160034,0.0,0.0,-0.1529211550951004
4,12,0.44287434129082426,0.6718213529880356,0.5478989333452167,49.35770597457846,0,48,0.37905462830833797,0.2927667246796976,2.9599898958720088e-05,23.632720232009888,0.3176420331001282,0.0,0.0,-0.15655680000782013
4,13,0.38114910648793593,0.6203637355533642,0.49565808977612297,26.287487337130568,0,48,0.37905462830833797,0.24130910724502624,2.947813365416023e-05,23.744916677474976,0.6173983812332153,0.0,0.0,-0.15987668931484222
4,14,0.39245327090730475,0.6443103326423095,0.5205122404926578,35.4281814635456,0,48,0.37905462830833797,0.26525570433397155,2.9340536723015367e-05,23.797216176986694,0.5892367362976074,0.0,0.0,-0.16373282670974731
4,15,0.38049970019836815,0.6639052053249085,0.5516666920246968,33.953511774885065,0,48,0.37905462830833797,0.2848505770165705,2.9187258625509518e-05,26.477774143218994,0.412866473197937,0.0,0.0,-0.16615350544452667
4,16,0.37136939593723844,0.6377746939458234,0.5261404262290151,41.37944109531487,0,48,0.37905462830833797,0.25872006563748545,2.9018466968991913e-05,24.047781467437744,0.3376809358596802,0.0,0.0,-0.16818615794181824
4,17,0.3553391716309956,0.6871229552415324,0.5694699258181477,26.330867179465457,0,48,0.37905462830833797,0.30806832693319447,2.883434632466077e-05,23.579694509506226,0.3242647349834442,0.0,0.0,-0.17018340528011322
4,18,0.3673610097291518,0.689321602245173,0.571367190809605,30.29644214101854,0,48,0.37905462830833797,0.31026697393683506,2.863509802573744e-05,24.825822830200195,0.24881625175476074,0.0,0.0,-0.17070305347442627
4,19,0.353795910976371,0.651682116074927,0.544898013333691,32.23109177484563,0,48,0.37905462830833797,0.272627487766589,2.8420939947311454e-05,24.639772415161133,0.47005295753479004,0.0,0.0,-0.16935086250305176
4,20,0.36090213699000223,0.6835241723882083,0.5779112818869866,24.566123763161148,2,48,0.37905462830833797,0.3044695440798703,2.8192106268097336e-05,37.114928245544434,0.48998934030532837,0.0012898665154352784,0.0012626262626262534,-0.16934271156787872
4,21,0.33121657979731656,0.6884485690691441,0.5699611006006693,34.565514446346995,0,48,0.37905462830833797,0.3093939407608061,2.794884721436361e-05,31.106664180755615,0.27813246846199036,-0.0027558535803109407,0.0075757575757575725,-0.17204056680202484
4,22,0.330724551057329,0.6861232233164224,0.5783630124934708,22.88944931140831,0,48,0.37905462830833797,0.3070685950080844,2.769142878631403e-05,30.16946268081665,0.33345934748649597,-0.011711753904819489,0.013888888888888874,-0.17327487468719482
4,23,0.32329198596428854,0.6592989528279157,0.5466281289431025,35.43056685964038,0,48,0.37905462830833797,0.28024432451957776,2.74201324672203e-05,30.091182947158813,0.29031726717948914,0.02862844243645668,0.020202020202020193,-0.17363451421260834
4,24,0.3304323599654801,0.6146968516925471,0.4972425762449559,40.195216349990176,1,48,0.37905462830833797,0.2356422233842091,2.7135254915624213e-05,30.053534030914307,0.1449839174747467,-0.03719165921211243,0.026515151515151512,-0.1758042424917221
4,25,0.32163079508713316,0.6820647671296168,0.5608121944859158,40.081805825588305,0,48,0.37905462830833797,0.30301013882127886,2.6837107640945904e-05,36.65069890022278,0.25851500034332275,-0.010969897732138634,0.03282828282828283,-0.17682769894599915
4,26,0.3173238379614694,0.6668009976611248,0.5545161246542868,42.18542130029263,0,48,0.37905462830833797,0.2877463693527868,2.6526016662852887e-05,31.661743640899658,0.3681228458881378,0.012714407406747341,0.03914141414141415,-0.1776508241891861
4,27,0.2976797238296392,0.6587268923724652,0.5385862085259867,48.730175741732495,0,48,0.37905462830833797,0.2796722640641272,2.620232215476231e-05,30.483399152755737,0.4271332025527954,0.0778268575668335,0.045454545454545435,-0.17730148136615753
4,28,0.32033141018176564,0.6577297187697134,0.5442087189425745,36.32825054412314,1,48,0.37905462830833797,0.27867509046137545,2.5866378071866338e-05,30.64900541305542,0.1941409707069397,-0.09393768012523651,0.051767676767676754,-0.1787465214729309
4,29,0.3053398079105786,0.6852917386804328,0.5822851978398801,25.76227175632054,3,48,0.37905462830833797,0.30623711037209483,2.5518551764087326e-05,30.10808277130127,0.26664841175079346,-0.05637257546186447,0.05808080808080807,-0.17690518498420715
4,30,0.2853713543439398,0.6844899296056707,0.5703426498227145,32.07628819232941,0,48,0.37905462830833797,0.3054353012973327,2.5159223574386117e-05,36.82393455505371,0.29960039258003235,-0.04183236509561539,0.06439393939393939,-0.1787743866443634
4,31,0.28589198966415563,0.6974636169341107,0.592469280309735,25.677691372196914,0,48,0.37905462830833797,0.31840898862577277,2.478878642286253e-05,31.96331524848938,0.35278597474098206,-0.12492115795612335,0.0707070707070707,-0.17741993069648743
4,32,0.295467877874569,0.7245100027438739,0.6246137393522145,27.398412706796634,0,48,0.37905462830833797,0.3454553744355359,2.4407645377103056e-05,32.455750703811646,0.2251388430595398,-0.00243363413028419,0.07702020202020203,-0.1798829436302185
4,33,0.27555074953303044,0.6965681206280143,0.5985253382983804,24.280370852552753,1,48,0.37905462830833797,0.31751349231967635,2.4016217209245377e-05,32.42600965499878,0.28303635120391846,-0.028917506337165833,0.08333333333333331,-0.18167456984519958
4,34,0.2805450129873899,0.701326028820318,0.5987782754285259,33.45461247568153,0,48,0.37905462830833797,0.32227140051198006,2.3614929940244155e-05,30.30494713783264,0.25778093934059143,-0.05279216915369034,0.08964646464646463,-0.18071573972702026
4,35,0.2866047170697426,0.6820917935833114,0.5699887448771365,36.9873952115994,0,48,0.37905462830833797,0.30303716527497343,2.320422237183641e-05,36.58726406097412,0.2166527807712555,-0.11178518831729889,0.09595959595959595,-0.18025745451450348
4,36,0.26261680649251357,0.7023733887608458,0.5927660832892987,29.329833437717184,0,48,0.37905462830833797,0.3233187604525078,2.2784543606718227e-05,31.5194308757782,0.38306963443756104,0.007320201490074396,0.10227272727272727,-0.18121881783008575
4,37,0.2639300569283719,0.6694932293972764,0.5619706842188056,31.802721759816688,1,48,0.37905462830833797,0.29043860108893843,2.2356352557457624e-05,30.86235523223877,0.15306586027145386,-0.03119450807571411,0.10858585858585859,-0.18159928917884827
4,38,0.2666136890041585,0.7001277340158968,0.5914320378541803,27.36589423994824,1,48,0.37905462830833797,0.3210731057075588,2.1920117444680317e-05,30.253541707992554,0.21309028565883636,-0.08989264070987701,0.11489898989898988,-0.1832120269536972
4,39,0.24893211771030815,0.6958880861706894,0.5919272315596068,29.742809973248768,0,48,0.37905462830833797,0.31683345786235145,2.1476315285077393e-05,30.80002212524414,0.23307113349437714,-0.03740093857049942,0.12121212121212119,-0.18360161781311035
4,40,0.2561487324383794,0.6849524902159566,0.5896997957702265,33.2092225738163,0,48,0.37905462830833797,0.30589786190761864,2.1025431369794546e-05,35.578688621520996,0.20048800110816956,-0.0699574276804924,0.1275252525252525,-0.18200185894966125
4,41,0.25766064150601015,0.688388758080459,0.5868909881560399,17.74612507621854,2,48,0.37905462830833797,0.309334129772121,2.056795873377331e-05,31.293498039245605,0.19773739576339722,-0.01652175560593605,0.1338383838383838,-0.18524597585201263
4,42,0.2350036748209778,0.707307298935289,0.6058965176527505,26.233480732143978,1,48,0.37905462830833797,0.328252670626951,2.0104397616624646e-05,30.170366764068604,0.14479538798332214,-0.015403512865304947,0.14015151515151514,-0.18588867783546448
4,43,0.23646267229805187,0.701340420919629,0.5990036612530917,24.1623354668484,1,48,0.37905462830833797,0.32228579261129103,1.963525491562421e-05,30.181476354599,0.3504686951637268,0.04604136198759079,0.14646464646464646,-0.18323473632335663
4,44,0.25174563819048357,0.687836975529744,0.576942380833417,31.233554097714137,0,48,0.37905462830833797,0.308782347221406,1.916104363142767e-05,30.7024347782135,0.3350329101085663,-0.005201013758778572,0.15277777777777773,-0.1841559261083603
4,45,0.23400026651061312,0.71245078141833,0.6102868941557659,26.175753104252447,0,48,0.37905462830833797,0.333396153109992,1.8682282307111988e-05,37.778679609298706,0.13860560953617096,-0.052433233708143234,0.15909090909090906,-0.18317385017871857
4,46,0.23307132067120806,0.6634411431494445,0.5649224692809254,25.479073021279323,3,48,0.37905462830833797,0.2843865148411065,1.8199494461156203e-05,31.130476713180542,0.4443863034248352,-0.048960864543914795,0.1654040404040404,-0.18246425688266754
4,47,0.23698059682335174,0.675667120705878,0.5747574649357524,24.788139577816764,3,48,0.37905462830833797,0.29661249239754,1.771320801498165e-05,30.1371431350708,0.14795394241809845,-0.4810338020324707,0.1717171717171717,-0.18371635675430298
4,48,0.21879489294120244,0.6730983745770063,0.5760472283761017,22.58018142303401,0,48,0.37905462830833797,0.2940437462686683,1.722395471567763e-05,30.19417715072632,0.2151350975036621,-0.06302017718553543,0.178030303030303,-0.1838938593864441
4,49,0.22042622888574795,0.7089573497453281,0.6085182012311605,24.064340138197323,1,48,0.37905462830833797,0.3299027214369901,1.6732269554543794e-05,30.486692667007446,0.33208298683166504,-0.055332399904727936,0.18434343434343434,-0.18422764539718628
4,50,0.21806807983286527,0.7134684975763818,0.6135200980671832,28.301014570525684,1,48,0.37905462830833797,0.3344138692680438,1.623869018208499e-05,36.566004276275635,0.11346065998077393,-0.028800848871469498,0.19065656565656566,-0.18362614512443542
4,51,0.215465532881873,0.691621961466152,0.5920730729001781,31.213962740270244,0,48,0.37905462830833797,0.312567333157814,1.5743756320098334e-05,31.735116004943848,0.18331515789031982,-0.04767719656229019,0.19696969696969693,-0.18260341882705688
4,52,0.21889813381190204,0.6713513704122219,0.5717671440413795,26.722114979677876,1,48,0.37905462830833797,0.29229674210388396,1.524800917149538e-05,30.26566767692566,0.2480390965938568,-0.10686270892620087,0.2032828282828283,-0.18277449905872345
4,53,0.20734115963687702,0.6905157845605833,0.5888177456897773,31.996471072547575,1,48,0.37905462830833797,0.3114611562522453,1.4751990828504623e-05,31.048712253570557,0.14434517920017242,-0.03558596223592758,0.20959595959595959,-0.18117137253284454
4,54,0.2000975357938786,0.7030586428455038,0.601617841501484,30.683814859985958,0,48,0.37905462830833797,0.3240040145371658,1.4256243679901665e-05,30.263105154037476,0.4657938480377197,1.2312433682382107e-05,0.21590909090909086,-0.18109041452407837
4,55,0.19981953091159158,0.7085283690751193,0.6082473215606928,30.353577582715065,0,48,0.37905462830833797,0.3294737407667813,1.3761309817915017e-05,37.37557601928711,0.16569161415100098,-0.029634946957230568,0.2222222222222222,-0.1819615215063095
4,56,0.19247677116369716,0.6739672108133932,0.5773642665347587,27.088605997910427,1,48,0.37905462830833797,0.2949125825050552,1.3267730445456208e-05,31.44705867767334,0.17882996797561646,-0.0688643604516983,0.2285353535353535,-0.1809930056333542
4,57,0.19111377380940378,0.6856746063270215,0.5869110965474718,33.03876419264019,0,48,0.37905462830833797,0.3066199780186835,1.277604528432237e-05,30.18337106704712,0.0992726981639862,-0.018429460003972054,0.23484848484848486,-0.18026764690876007
4,58,0.18608372993006997,0.6761511315115866,0.5794332614357255,30.31748836161633,0,48,0.37905462830833797,0.2970965032032486,1.2286791985018356e-05,30.71929955482483,0.1530422866344452,-0.026696765795350075,0.24116161616161613,-0.18003319203853607
4,59,0.18572659379973702,0.6853561777958689,0.5829305097074118,31.22898270968301,0,48,0.37905462830833797,0.3063015494875309,1.18005055388438e-05,30.269741773605347,0.18111540377140045,-0.03743075206875801,0.24747474747474743,-0.1800585836172104
4,60,0.19877185094721464,0.6627034140991416,0.5670995153219498,33.68727930381962,0,48,0.37905462830833797,0.2836487857908036,1.1317717692888014e-05,36.088685750961304,0.19546672701835632,-0.08954069018363953,0.2537878787878788,-0.1788337379693985
4,61,0.18923288340471228,0.6817435208753122,0.5856065491171191,34.60722121755506,0,48,0.37905462830833797,0.30268889256697423,1.0838956368572335e-05,31.3156316280365,0.19661669433116913,-0.021635251119732857,0.26010101010101006,-0.179510697722435
4,62,0.17640257718003527,0.6897445143583615,0.5941535904258528,34.72536897534636,0,48,0.37905462830833797,0.3106898860500235,1.036474508437579e-05,30.458204746246338,0.20530956983566284,-0.024697300046682358,0.26641414141414144,-0.17898181080818176
4,63,0.1734535940447632,0.6822714129117999,0.582741090234706,29.580618392175825,1,48,0.37905462830833797,0.30321678460346196,9.895602383375355e-06,30.15700650215149,0.10883881896734238,-0.6122211813926697,0.2727272727272727,-0.17743554711341858
4,64,0.17404802265215893,0.6611892535316545,0.569486348646153,22.288894145616286,1,48,0.37905462830833797,0.2821346252233165,9.432041266226686e-06,30.06819438934326,0.15693625807762146,-0.023385604843497276,0.27904040404040403,-0.17748163640499115
4,65,0.17056128549940733,0.6710716691487346,0.5734284353140278,27.747282770972788,2,48,0.37905462830833797,0.29201704084039665,8.974568630205462e-06,36.471972942352295,0.15033908188343048,-0.05016982555389404,0.28535353535353536,-0.17701129615306854
4,66,0.17833901424797213,0.6895673996753479,0.5927352268566943,22.502373945985283,2,48,0.37905462830833797,0.3105127713670099,8.523684714922608e-06,31.577157258987427,0.15831619501113892,-0.15582823753356934,0.29166666666666663,-0.1775754690170288
4,67,0.1614081668002265,0.6772739920794972,0.5863619225187661,23.07285989635747,2,48,0.37905462830833797,0.29821936377115926,8.079882555319685e-06,29.934032917022705,0.346204549074173,-0.03621726855635643,0.29797979797979796,-0.17699764668941498
4,68,0.16030470905255298,0.6702346504268427,0.5767874056834549,23.44473486000637,2,48,0.37905462830833797,0.29118002211850474,7.643647442542383e-06,30.1650812625885,0.12747325003147125,-0.04293324053287506,0.3042929292929293,-0.1762419044971466
4,69,0.16063400677272252,0.6753964380459451,0.5791518735895065,29.581349502535325,1,48,0.37905462830833797,0.2963418097376071,7.215456393281777e-06,30.300184726715088,0.16394513845443726,-0.035469960421323776,0.3106060606060606,-0.1750124841928482
4,70,0.16981338070971624,0.6655898215682626,0.5737588747589321,27.723728890000828,1,48,0.37905462830833797,0.28653519325992466,6.795777628163599e-06,36.71157956123352,0.18855521082878113,-0.007870342582464218,0.3169191919191919,-0.17498484253883362
4,71,0.15864019187129275,0.6673108918392766,0.5739383463999673,25.616497072114235,1,48,0.37905462830833797,0.28825626353093864,6.3850700597558465e-06,31.823866367340088,0.1361972540616989,-0.07803492248058319,0.3232323232323232,-0.1749916970729828
4,72,0.15319377016656252,0.669636555075043,0.5752557649408535,23.446860240997832,2,48,0.37905462830833797,0.2905819267667051,5.983782790754624e-06,30.315519332885742,0.13461928069591522,-0.04472510889172554,0.3295454545454546,-0.17475953698158264
4,73,0.1603007252727236,0.6685487615065853,0.5755679816512446,32.743914664048184,0,48,0.37905462830833797,0.2894941331982473,5.592354622896944e-06,30.247000217437744,0.09296707063913345,-0.06383965909481049,0.3358585858585858,-0.1744031310081482
4,74,0.15069114796969355,0.6739644177857528,0.5799881034312314,25.930721328204324,1,48,0.37905462830833797,0.2949097894774148,5.21121357713747e-06,30.527973651885986,0.15388134121894836,-0.07180456072092056,0.3421717171717171,-0.17436960339546204
4,75,0.155313785282933,0.676971985710597,0.5814861414311988,31.047355067824707,1,48,0.37905462830833797,0.29791735740225905,4.840776425613887e-06,37.5471625328064,0.2270847111940384,-0.06059127300977707,0.3484848484848485,-0.17415566742420197
4,76,0.1474764041450559,0.6727591281736589,0.579624687642359,31.155013300464525,1,48,0.37905462830833797,0.29370449986532093,4.481448235912671e-06,31.12258291244507,0.19696550071239471,-0.0231647752225399,0.3547979797979797,-0.1738346964120865
4,77,0.14441057553096692,0.6766253827711958,0.5824414956110351,32.08743740546897,0,48,0.37905462830833797,0.2975707544628578,4.133621928133666e-06,30.306998014450073,0.1763932704925537,-0.014685477130115032,0.36111111111111105,-0.17336149513721466
4,78,0.14265743871124423,0.6739165997619249,0.5801527883358194,36.740313782887746,0,48,0.37905462830833797,0.2948619714535869,3.7976778452376966e-06,30.335299491882324,0.15531066060066223,-0.055770646780729294,0.36742424242424243,-0.17266638576984406
4,79,0.14702570286332345,0.6663743263079127,0.574919082604998,25.214889179413447,1,48,0.37905462830833797,0.28731969799957474,3.473983337147118e-06,30.261266708374023,0.14188805222511292,-0.05242759734392166,0.37373737373737376,-0.17213977873325348
4,80,0.14091714410757533,0.6661730713813439,0.5729594671323864,25.045404573712982,1,48,0.37905462830833797,0.2871184430730059,3.162892359054098e-06,35.17367362976074,0.1936667561531067,-0.014576775953173637,0.38005050505050497,-0.1718888282775879
4,81,0.14486508459156874,0.672487878015386,0.5807323896228495,31.06394352454672,1,48,0.37905462830833797,0.29343324970704804,2.86474508437579e-06,31.702658891677856,0.15706324577331543,-0.025442643091082573,0.38636363636363635,-0.17181706428527832
4,82,0.144469252350379,0.6696601585419705,0.5789053024998498,30.253374395705325,1,48,0.37905462830833797,0.2906055302336325,2.5798675327796994e-06,30.14348840713501,0.1299418807029724,-0.01408170536160469,0.3926767676767677,-0.17209061980247498
4,83,0.1388451388599921,0.668712360462972,0.5779519687297415,29.78225828786818,1,48,0.37905462830833797,0.28965773215463403,2.308571213685967e-06,30.682650089263916,0.13748805224895477,-0.018590623512864113,0.3989898989898989,-0.1717095822095871
4,84,0.139558416164043,0.666989565421952,0.5759557814039068,29.944277636934192,1,48,0.37905462830833797,0.287934937113614,2.0511527856363916e-06,30.241769313812256,0.15872317552566528,-0.04433012008666992,0.4053030303030303,-0.17168717086315155
4,85,0.13499084236670514,0.6671616965353467,0.5754472839019464,30.839272942804016,1,48,0.37905462830833797,0.28810706822700877,1.8078937319026655e-06,34.9463632106781,0.13250762224197388,-0.011530446819961071,0.4116161616161616,-0.17165304720401764
4,86,0.13902549476039652,0.6664238491691662,0.5761177632102806,27.355750836202386,1,48,0.37905462830833797,0.2873692208608282,1.579060052688548e-06,31.2055881023407,0.17823602259159088,-0.014514144510030746,0.417929292929293,-0.17156480252742767
4,87,0.14025285976881885,0.6616804251467224,0.5703035815616163,26.350768853881302,1,48,0.37905462830833797,0.28262579683838446,1.3649019742625624e-06,30.16925883293152,0.14517085254192352,-0.006527632474899292,0.4242424242424242,-0.17147941887378693
4,88,0.1324673360403703,0.6578254341395479,0.5670648530239167,26.48231564944838,1,48,0.37905462830833797,0.2787708058312099,1.1656536753392288e-06,30.297213077545166,0.10874734818935394,-0.5502380132675171,0.4305555555555555,-0.17136770486831665
4,89,0.13294761916812586,0.6639568844110132,0.5722099049670205,27.35710953507507,1,48,0.37905462830833797,0.2849022561026752,9.815330310080889e-07,30.21136784553528,0.1469203233718872,-0.003310583531856537,0.4368686868686869,-0.17136552929878235
4,90,0.1370094032311926,0.6672444748767763,0.5745674841101588,27.326566718917427,1,48,0.37905462830833797,0.2881898465684383,8.127413744904805e-07,36.149529457092285,0.35208752751350403,-0.032583095133304596,0.4431818181818181,-0.1713658720254898
4,91,0.1284036242536136,0.6683860429225364,0.5753625904796752,27.40503451372557,1,48,0.37905462830833797,0.2893314146141985,6.594632769846353e-07,31.585291862487793,0.12110310792922974,-0.015739912167191505,0.44949494949494945,-0.17136603593826294
4,92,0.1336345663484262,0.6689521463448967,0.5766263011854648,27.402695310972895,1,48,0.37905462830833797,0.2898975180365588,5.218663458397716e-07,30.36278748512268,0.1568942368030548,-0.025632504373788834,0.45580808080808083,-0.1713033765554428
4,93,0.12994809806042787,0.6671817933642977,0.5748157600311149,26.696822824267425,1,48,0.37905462830833797,0.28812716505595976,4.0010104127991385e-07,30.23592233657837,0.12226910144090652,-0.010943455621600151,0.46212121212121215,-0.1712481528520584
4,94,0.12947986624678787,0.6669535629511841,0.5746494568547602,26.642579765633336,1,48,0.37905462830833797,0.28789893464284616,2.943005118778597e-07,30.438387155532837,0.14424431324005127,-0.049107179045677185,0.46843434343434337,-0.17120441794395447
4,95,0.13164956153047327,0.6673418295344226,0.5750259570603343,26.656212120179813,1,48,0.37905462830833797,0.2882872012260846,2.0458044895916516e-07,36.69737887382507,0.13904115557670593,-0.008462965488433838,0.47474747474747475,-0.17117366194725037
4,96,0.12961747337664878,0.6675342856112881,0.5753911139838497,26.668059369726883,1,48,0.37905462830833797,0.28847965730295017,1.3103896009537207e-07,31.689849138259888,0.09521791338920593,-0.03350081294775009,0.4810606060606061,-0.17115971446037292
4,97,0.13082305402780064,0.6664218597147206,0.5746932767609217,27.337932542445035,1,48,0.37905462830833797,0.2873672314063826,7.375646182482875e-08,30.32663130760193,0.19791817665100098,-0.3524017333984375,0.4873737373737373,-0.17114871740341187
4,98,0.12773493601351368,0.6664043842303791,0.5746944279089087,27.31345465399699,1,48,0.37905462830833797,0.2873497559220411,3.279559171838198e-08,30.48826575279236,0.13315165042877197,-0.02074430324137211,0.4936868686868687,-0.17114301025867462
4,99,0.13372161665133067,0.6664931908155483,0.5748043972472929,27.30762544279098,1,48,0.37905462830833797,0.2874385625072103,8.201139886109265e-09,30.19844913482666,0.1692310869693756,-0.038737401366233826,0.5,-0.17114245891571045
