fold,epoch,loss,val_dice,val_iou,val_hd95,baseline_dice,delta,lr_bb,sec,ft,bd,w
0,0,0.6624990823317547,0.5740078447779062,0.439650527784545,22.499485392345765,0.3888955634602504,0.18511228131765584,3e-05,36.57845950126648,0.9733147621154785,0.0,0.0
0,1,0.5159083525745236,0.5691082112147356,0.44358592255761636,37.005219589159886,0.3888955634602504,0.18021264775448526,3e-05,38.091105222702026,0.6949390769004822,0.0,0.0
0,2,0.4558748894808244,0.5901724167939197,0.45915136108036786,27.762924322162434,0.3888955634602504,0.20127685333366935,2.999244813574778e-05,36.77552342414856,0.27908021211624146,0.0,0.0
0,3,0.42081456768269443,0.5904136823053023,0.47285544509296246,24.133860664791094,0.3888955634602504,0.20151811884505194,2.9969800147078265e-05,37.76799488067627,0.29272621870040894,0.0,0.0
0,4,0.37404542735644747,0.6059179751872391,0.496623860854225,21.532294600333042,0.3888955634602504,0.21702241172698872,2.993207883859627e-05,37.47923135757446,0.3644648790359497,0.0,0.0
0,5,0.3601260772164987,0.6434998626275613,0.5198718624435965,24.29664621690087,0.3888955634602504,0.2546042991673109,2.9879322192461932e-05,38.106529712677,0.33352142572402954,0.0,0.0
0,6,0.344357539500509,0.6697727949993592,0.558970011745389,24.448328279953298,0.3888955634602504,0.28087723153910876,2.9811583330145915e-05,37.03360414505005,0.37607717514038086,0.0,0.0
0,7,0.3365500849120471,0.6369732267490902,0.5158014216114609,31.958364719199363,0.3888955634602504,0.2480776632888398,2.97289304589406e-05,37.76903200149536,0.26731717586517334,0.0,0.0
0,8,0.3177446692573781,0.6157486806768846,0.4885345881280657,32.68680912345775,0.3888955634602504,0.2268531172166342,2.963144680328111e-05,37.04211163520813,0.23815958201885223,0.0,0.0
0,9,0.3403845678786842,0.635406638389967,0.5156576382989823,24.245494705697997,0.3888955634602504,0.24651107492971663,2.9519230520945346e-05,36.901867151260376,0.33716318011283875,0.0,0.0
0,10,0.30174521432847395,0.6593096171697865,0.5499200091091706,25.413996641213238,0.3888955634602504,0.27041405370953614,2.939239460421746e-05,36.79294800758362,0.15508697926998138,0.0,0.0
0,11,0.30680172510293063,0.6522877354695702,0.5483791904141284,22.92809341937904,0.3888955634602504,0.2633921720093198,2.925106676611418e-05,37.18829965591431,0.2754480540752411,0.0,0.0
0,12,0.29632573285881353,0.6743279122717917,0.5617157985887956,28.0829082469007,0.3888955634602504,0.2854323488115413,2.9095389311788626e-05,36.40290713310242,0.24637752771377563,0.0,0.0
0,13,0.27730052690116724,0.682378704910199,0.5735532320655722,21.875257044538163,0.3888955634602504,0.29348314144994864,2.892551899524109e-05,37.90704870223999,0.19533531367778778,0.0,0.0
0,14,0.2811023215858304,0.644666224371653,0.5412244313026506,34.03335862646678,0.3888955634602504,0.2557706609114026,2.8741626861481043e-05,37.75325155258179,0.39658915996551514,0.0,0.0
0,15,0.28491288453948743,0.6779154801153584,0.5701569557099883,21.042126093618016,0.3888955634602504,0.289019916655108,2.8543898074299322e-05,36.16650414466858,0.2772426903247833,0.0,0.0
0,16,0.28103043260622995,0.6545487933067328,0.5407659976546116,23.575831680828795,0.3888955634602504,0.2656532298464824,2.8332531729823853e-05,36.48144555091858,0.2589852511882782,0.0,0.0
0,17,0.2731504549785536,0.6840516418512687,0.5793013868207237,20.463844730379122,0.3888955634602504,0.29515607839101826,2.8107740656046775e-05,36.92139983177185,0.146895170211792,0.0,0.0
0,18,0.25586063217143623,0.6772207738526707,0.5662840878081782,25.364613972484513,0.3888955634602504,0.28832521039242026,2.7869751198524656e-05,37.77319693565369,0.2193600982427597,0.0,0.0
0,19,0.2546524180441487,0.6626100586836459,0.5520373591068438,27.595794146200415,0.3888955634602504,0.27371449522339547,2.7618802992467718e-05,36.57410478591919,0.2437216341495514,0.0,0.0
0,20,0.23991503034319198,0.6617293409758156,0.5485420838475975,26.35435426724237,0.3888955634602504,0.2728337775155652,2.7355148721447492e-05,43.18863487243652,0.18301977217197418,-0.002802507719025016,0.0012626262626262534
0,21,0.2370950436713744,0.6438159253858704,0.5326376849100022,24.651230220072037,0.3888955634602504,0.25492036192562,2.707905386296588e-05,43.17126417160034,0.10535650700330734,-0.04636882245540619,0.0075757575757575725
0,22,0.24010598629104848,0.6713884576944966,0.5612893705783862,15.92194712828772,0.3888955634602504,0.28249289423424623,2.6790796421141813e-05,43.40195608139038,0.12890204787254333,-0.008384756743907928,0.013888888888888874
0,23,0.24847604212712268,0.6311105933390071,0.5193735202592492,28.859738336164995,0.3888955634602504,0.2422150298787567,2.649066664678467e-05,43.770169258117676,0.43308210372924805,0.030160196125507355,0.020202020202020193
0,24,0.2378683850473287,0.6735115826362109,0.5639927212655693,16.538190181351737,0.3888955634602504,0.2846160191759605,2.6178966745136322e-05,42.80088257789612,0.19922691583633423,-0.03780268505215645,0.026515151515151512
0,25,0.23260212233480143,0.6776822394008257,0.5621803338926119,21.67901999876462,0.3888955634602504,0.28878667594057533,2.5856010571576052e-05,43.324774503707886,0.1238107979297638,-0.021585259586572647,0.03282828282828283
0,26,0.22401733392355394,0.6662098341981926,0.5502888796811084,21.400345582120472,0.3888955634602504,0.2773142707379422,2.552212331559482e-05,43.37434959411621,0.37261533737182617,-0.020404256880283356,0.03914141414141415
0,27,0.2187613153031894,0.685782792340575,0.5716090920466705,20.680800112408587,0.3888955634602504,0.29688722888032465,2.5177641173356985e-05,42.406166315078735,0.1924665868282318,-0.040256112813949585,0.045454545454545435
0,28,0.21583201568953844,0.688824034081437,0.5690576344589127,23.45574549887272,0.3888955634602504,0.2999284706211866,2.482291100917928e-05,44.169917821884155,0.16899248957633972,-0.06401443481445312,0.051767676767676754
0,29,0.21421097888022053,0.6978751230722777,0.5878581451002625,22.73509787470548,0.3888955634602504,0.30897955961202733,2.445829000626784e-05,44.84253144264221,0.27059364318847656,-0.022019367665052414,0.05808080808080807
0,30,0.20887879343057164,0.6865421644482361,0.5699809556017612,21.228760496884014,0.3888955634602504,0.29764660098798573,2.4084145307065e-05,45.46080160140991,0.10344560444355011,-0.039376065135002136,0.06439393939393939
0,31,0.21373580700280714,0.6440555304109452,0.5322690892678036,30.064886964207286,0.3888955634602504,0.2551599669506948,2.3700853643567973e-05,43.04264163970947,0.6405283212661743,0.006553563755005598,0.0707070707070707
0,32,0.20615050181442376,0.6408760012777086,0.5307313744042207,24.873858880928264,0.3888955634602504,0.2519804378174582,2.3308800957991657e-05,43.29831504821777,0.6186715960502625,-0.0019883960485458374,0.07702020202020203
0,33,0.20637562749337177,0.671685420868519,0.5608930496810581,23.750276189813604,0.3888955634602504,0.2827898574082686,2.2908382014157536e-05,43.732558488845825,0.15438607335090637,-0.028266694396734238,0.08333333333333331
0,34,0.20453515648841858,0.6586591390766522,0.543487175360902,29.205314930791303,0.3888955634602504,0.2697635756164018,2.25e-05,43.42998218536377,0.1482841670513153,-0.012101344764232635,0.08964646464646463
0,35,0.20682895122742168,0.6500925082646475,0.5337431660486073,31.99503011830786,0.3888955634602504,0.2611969448043971,2.2084066121590242e-05,43.284090757369995,0.5746898651123047,0.13948071002960205,0.09595959595959595
0,36,0.1887940419267635,0.6945523011992966,0.5787757086344907,23.845566767061918,0.3888955634602504,0.30565673773904617,2.1660999189086613e-05,43.17921471595764,0.14573290944099426,-0.009290818125009537,0.10227272727272727
0,37,0.19929977825709752,0.6939550075687362,0.5785463164576143,20.355133647799104,0.3888955634602504,0.3050594441084858,2.12312251950283e-05,43.180569648742676,0.5375185012817383,0.026407722383737564,0.10858585858585859
0,38,0.19993579342048995,0.6884756883583227,0.57543498251853,25.294365459830374,0.3888955634602504,0.29958012489807234,2.0795176885396928e-05,43.299434185028076,0.12095865607261658,-0.006581633351743221,0.11489898989898988
0,39,0.18266314085648985,0.6775806211988289,0.5700554514777522,21.13785878845689,0.3888955634602504,0.2886850577385785,2.035329332387808e-05,42.72936391830444,0.10864129662513733,-0.06992881745100021,0.12121212121212119
0,40,0.1862569947023781,0.6604282479606759,0.5515545367845879,24.752366953364877,0.3888955634602504,0.2715326845004255,1.990601944976133e-05,43.45993661880493,0.1308700293302536,-0.03170396387577057,0.1275252525252525
0,41,0.18138705619743892,0.6750585728169471,0.5681419363294481,20.118973492446955,0.3888955634602504,0.28616300935669675,1.9453805629924126e-05,42.81972646713257,0.19421768188476562,-0.009460868313908577,0.1338383838383838
0,42,0.1762538827499565,0.6834945933570948,0.5711475917692953,23.740196469587676,0.3888955634602504,0.29459902989684444,1.8997107205350525e-05,43.23838567733765,0.15072672069072723,-0.006416572257876396,0.14015151515151514
0,43,0.17078862719389856,0.6828686660350672,0.5720181138142272,18.45231804806475,0.3888955634602504,0.29397310257481685,1.853638403264141e-05,43.00832271575928,0.18888899683952332,-0.00656928401440382,0.14646464646464646
0,44,0.1759976385047241,0.6759508959533543,0.5648633037101384,27.674743638052643,0.3888955634602504,0.28705533249310394,1.807210002097786e-05,43.90135931968689,0.19003525376319885,-0.01291090901941061,0.15277777777777773
0,45,0.1843131464354846,0.6741443546491075,0.5652334411607668,26.11623012426161,0.3888955634602504,0.2852487911888571,1.760472266500396e-05,45.467140913009644,0.12717849016189575,-0.014874095097184181,0.15909090909090906
0,46,0.1669670227839022,0.6947631260666799,0.5843099808044477,20.99770251738794,0.3888955634602504,0.3058675626064295,1.713472257409928e-05,44.151691198349,0.09928295761346817,-0.010398139245808125,0.1654040404040404
0,47,0.16565150045314614,0.6782047179351021,0.5679350697976822,23.70183194250735,0.3888955634602504,0.28930915447485167,1.6662572998515166e-05,44.630725383758545,0.17899101972579956,-0.025754503905773163,0.1717171717171717
0,48,0.16588312752392828,0.6950728488137784,0.5897772181363607,21.94496167233915,0.3888955634602504,0.306177285353528,1.6188749352851825e-05,43.793718099594116,0.10092197358608246,-0.03896160423755646,0.178030303030303
0,49,0.16211067649478816,0.6894895032389298,0.583423798626242,17.186643979014335,0.3888955634602504,0.3005939397786794,1.5713728737356138e-05,43.87613582611084,0.19001206755638123,-0.021915707737207413,0.18434343434343434
0,50,0.15937429012692705,0.6832169381228828,0.5729958559616481,21.71812581855405,0.3888955634602504,0.29432137466263236,1.523798945752212e-05,42.73195958137512,0.14271652698516846,-0.02080324850976467,0.19065656565656566
0,51,0.15900659409104562,0.6754827025922633,0.5664192584802866,19.247799549315268,0.3888955634602504,0.2865871391320129,1.4762010542477881e-05,43.82007718086243,0.10428865998983383,-0.05410376191139221,0.19696969696969693
0,52,0.15987952357652235,0.6845360693350656,0.5728093432980942,25.527908883544193,0.3888955634602504,0.2956405058748152,1.4286271262643866e-05,42.849833726882935,0.09592648595571518,-0.29763442277908325,0.2032828282828283
0,53,0.15954345548335386,0.6825921696489982,0.5718828893463166,21.024101250042968,0.3888955634602504,0.29369660618874777,1.3811250647148172e-05,43.115007638931274,0.18515391647815704,-0.014391551725566387,0.20959595959595959
0,54,0.15292271439518249,0.6863194056408723,0.5726010352856314,23.40212280216134,0.3888955634602504,0.29742384218062196,1.3337427001484836e-05,43.15319752693176,0.24463476240634918,-0.0018991917604580522,0.21590909090909086
0,55,0.15726491732864964,0.6560821111602678,0.541610802054046,26.831864829692915,0.3888955634602504,0.26718654770001743,1.2865277425900725e-05,42.64484000205994,0.14011722803115845,-0.02886824868619442,0.2222222222222222
0,56,0.1471130157611808,0.6750135000835773,0.5677960976800108,23.975575358268603,0.3888955634602504,0.2861179366233269,1.2395277334996045e-05,43.34247970581055,0.15581072866916656,-0.026437148451805115,0.2285353535353535
0,57,0.14899101412417937,0.6712075312014956,0.5651527008971459,23.610504493631144,0.3888955634602504,0.2823119677412452,1.1927899979022143e-05,42.647416830062866,0.12415307760238647,-0.01040355209261179,0.23484848484848486
0,58,0.15164847633972459,0.6555328460041572,0.5484937361835305,26.538923905696336,0.3888955634602504,0.2666372825439068,1.146361596735859e-05,43.02135944366455,0.15720005333423615,-0.020166736096143723,0.24116161616161613
0,59,0.14494469123227255,0.669844663531683,0.5634591342840284,24.493986704721014,0.3888955634602504,0.28094910007143264,1.1002892794649478e-05,43.219391107559204,0.1283055543899536,-0.03185879439115524,0.24747474747474743
0,60,0.13772911882522154,0.6771179183137186,0.5672217393583817,27.078616010324712,0.3888955634602504,0.2882223548534682,1.0546194370075882e-05,42.48788356781006,0.13144314289093018,-0.01374773494899273,0.2537878787878788
0,61,0.14052016135989404,0.6595444803708937,0.5469954457945656,29.772039852128355,0.3888955634602504,0.27064891691064336,1.0093980550238676e-05,43.1662073135376,0.1414349377155304,-0.004893303848803043,0.26010101010101006
0,62,0.13299617019234872,0.6815735586544668,0.566757428622884,25.389467821462247,0.3888955634602504,0.2926779951942164,9.646706676121924e-06,42.88656759262085,0.10181117057800293,-0.028283707797527313,0.26641414141414144
0,63,0.13644472935370036,0.6774380847269331,0.5658714393844338,24.322082470877714,0.3888955634602504,0.2885425212666827,9.20482311460307e-06,43.15909433364868,0.12755371630191803,-0.009448102675378323,0.2727272727272727
0,64,0.13785097862080653,0.6750547025362573,0.5650771749185663,23.445790966661463,0.3888955634602504,0.28615913907600693,8.768774804971705e-06,43.768258571624756,0.09320847690105438,-0.04619504511356354,0.27904040404040403
0,65,0.13335896861188265,0.6466707528924754,0.5348062944224725,25.463054751266746,0.3888955634602504,0.25777518943222505,8.339000810913388e-06,43.861979246139526,0.15382754802703857,-0.024689991027116776,0.28535353535353536
0,66,0.13742918095418385,0.670750099890621,0.5568214207684827,26.00529030912328,0.3888955634602504,0.28185453643037056,7.915933878409762e-06,44.82803416252136,0.22183693945407867,0.009155678562819958,0.29166666666666663
0,67,0.12853567530306018,0.6544255076063805,0.5438949061108006,23.74775382423284,0.3888955634602504,0.2655299441461301,7.500000000000004e-06,44.72149062156677,0.16535422205924988,-0.017563853412866592,0.29797979797979796
0,68,0.1352484350909992,0.6585071868724073,0.5457825677969609,24.017114364197937,0.3888955634602504,0.2696116234121569,7.091617985842463e-06,45.111615896224976,0.11303402483463287,-0.1608259677886963,0.3042929292929293
0,69,0.12586095138471953,0.665354200550686,0.550679406415177,23.652907771011314,0.3888955634602504,0.27645863709043556,6.691199042008346e-06,45.27561974525452,0.15314528346061707,-0.024347666651010513,0.3106060606060606
0,70,0.13201946156973743,0.6484313086674734,0.5355899549248686,27.077251558709143,0.3888955634602504,0.25953574520722306,6.2991463564320296e-06,43.82699632644653,0.12682101130485535,-0.03835305571556091,0.3169191919191919
0,71,0.12950799317688358,0.6672684857711911,0.5551351749618177,28.79491288978422,0.3888955634602504,0.27837292231094074,5.915854692935002e-06,44.03737473487854,0.23705461621284485,-0.01047547534108162,0.3232323232323232
0,72,0.12943067994652963,0.6463866034686845,0.532322142491791,26.582446882432777,0.3888955634602504,0.2574910400084341,5.541709993732168e-06,45.58621954917908,0.10043921321630478,-0.32665732502937317,0.3295454545454546
0,73,0.12717014285070555,0.667259880883789,0.5531478270083303,23.628161551701243,0.3888955634602504,0.27836431742353857,5.177088990820725e-06,44.281262159347534,0.09281203150749207,-0.036708757281303406,0.3358585858585858
0,74,0.12018748395601098,0.6640391942032217,0.5505247157558232,25.861801458819198,0.3888955634602504,0.27514363074297127,4.822358826643019e-06,45.031826972961426,0.08405801653862,-0.04000458866357803,0.3421717171717171
0,75,0.11892135372879553,0.6616144590727804,0.5482187428161454,23.974784048213536,0.3888955634602504,0.27271889561253,4.4778766844051795e-06,43.36574959754944,0.0926603376865387,-0.06160725653171539,0.3484848484848485
0,76,0.11828242554044237,0.6488017429877285,0.5375388820741162,26.327915858889533,0.3888955634602504,0.25990617952747813,4.1439894284239474e-06,43.59568500518799,0.15036192536354065,-0.023381829261779785,0.3547979797979797
0,77,0.11623271159371551,0.6553854800246228,0.5446049405951897,26.17250233767633,0.3888955634602504,0.26648991656437243,3.82103325486368e-06,43.55888271331787,0.06734177470207214,-0.22120074927806854,0.36111111111111105
0,78,0.11785370316736553,0.6504821881364171,0.5408088977308446,26.3617316859884,0.3888955634602504,0.2615866246761667,3.5093333532153316e-06,43.04667854309082,0.1099250316619873,-0.04849155992269516,0.36742424242424243
0,79,0.11967471196335189,0.6518026248111035,0.5406040851555679,27.829147077184533,0.3888955634602504,0.2629070613508531,3.2092035788581907e-06,43.5642945766449,0.11866717040538788,-0.02974078059196472,0.37373737373737376
0,80,0.11210616411907333,0.6494710266441909,0.5382707221654373,28.272083445094232,0.3888955634602504,0.2605754631839405,2.9209461370341204e-06,43.038933992385864,0.11783629655838013,-0.028037793934345245,0.38005050505050497
0,81,0.12073129415512085,0.6438976146886111,0.5319357792895454,27.12762102620716,0.3888955634602504,0.25500205122836067,2.64485127855251e-06,43.14455437660217,0.1875370740890503,-0.034228138625621796,0.38636363636363635
0,82,0.11662798990704576,0.6444693540912348,0.5319122910565475,27.03366247659132,0.3888955634602504,0.25557379063098445,2.38119700753228e-06,43.187634229660034,0.10933232307434082,-0.0139181949198246,0.3926767676767677
0,83,0.11532528972139164,0.6452232758283982,0.5333129756145492,26.945706053057542,0.3888955634602504,0.25632771236814783,2.130248801475344e-06,42.98558259010315,0.1373264044523239,-0.00877685658633709,0.3989898989898989
0,84,0.10927126229721673,0.643233587925662,0.5319270124497675,26.932114097416285,0.3888955634602504,0.2543380244654116,1.892259343953226e-06,43.25712251663208,0.12105795741081238,-0.00907033123075962,0.4053030303030303
0,85,0.10963478866888553,0.6464799084734334,0.5346995602686443,26.891111856423095,0.3888955634602504,0.257584345013183,1.6674682701761496e-06,43.13845109939575,0.10277781635522842,-0.04428798705339432,0.4116161616161616
0,86,0.11227259891373771,0.6410571743776479,0.5309752346438804,27.15598823790807,0.3888955634602504,0.25216161091739747,1.456101925700684e-06,42.79322600364685,0.0662676990032196,-0.17046722769737244,0.417929292929293
0,87,0.10893410520285976,0.6423434327191283,0.530861037177684,27.061030884630732,0.3888955634602504,0.2534478692588779,1.2583731385189562e-06,43.85444688796997,0.12197242677211761,-0.023828350007534027,0.4242424242424242
0,88,0.10938109875637658,0.6448209862494543,0.5340262060797631,26.986524103563983,0.3888955634602504,0.2559254227892039,1.0744810047589116e-06,42.7076518535614,0.1825414001941681,-0.007013771682977676,0.4305555555555555
0,89,0.11040249162790727,0.6422373408258939,0.5313414851723745,27.082508045454656,0.3888955634602504,0.2533417773656435,9.046106882113753e-07,43.5091826915741,0.06860337406396866,-0.14323639869689941,0.4368686868686869
0,90,0.1080671220409627,0.6386165550088541,0.5276774630964993,27.12974908682449,0.3888955634602504,0.24972099154860367,7.489332338858202e-07,42.70169401168823,0.07789553701877594,-0.15665268898010254,0.4431818181818181
0,91,0.1047590768002734,0.6405864008131748,0.529561921522513,27.067421328865873,0.3888955634602504,0.25169083735292436,6.076053957825411e-07,43.42886829376221,0.11060208082199097,-0.03128509223461151,0.44949494949494945
0,92,0.10256928654045475,0.6394318241471075,0.5284252944820504,27.081008366608785,0.3888955634602504,0.25053626068685714,4.807694790546563e-07,42.44814896583557,0.043523773550987244,-0.2769603729248047,0.45580808080808083
0,93,0.1023137447785358,0.6405578061967272,0.5295088101016188,27.083716688285953,0.3888955634602504,0.2516622427364768,3.6855319671889433e-07,42.95276141166687,0.08189120888710022,-0.03983752429485321,0.46212121212121215
0,94,0.10401730520688758,0.6382682814251928,0.5275828114894907,27.108308890096005,0.3888955634602504,0.24937271796494237,2.710695410593994e-07,42.550949811935425,0.08466251194477081,-0.03212737292051315,0.46843434343434337
0,95,0.10170358465034135,0.6380402657828568,0.5272780055036201,27.084835232136783,0.3888955634602504,0.24914470232260638,1.8841666985408566e-07,43.00346088409424,0.09697064012289047,-0.046678222715854645,0.47474747474747475
0,96,0.1026599365381562,0.6387820629633731,0.5279063151887268,27.05040419622749,0.3888955634602504,0.24988649950312275,1.206778075380699e-07,42.74622702598572,0.11222976446151733,-0.015386480838060379,0.4810606060606061
0,97,0.10213680512138776,0.6389429824670738,0.5281334263760202,27.058066675124607,0.3888955634602504,0.2500474190068234,6.792116140373117e-08,42.81675410270691,0.09209847450256348,-0.051538173109292984,0.4873737373737373
0,98,0.10297086637239067,0.6388924289268203,0.5280073973373507,27.053289743205553,0.3888955634602504,0.2499968654665699,3.0199852921735104e-08,43.039870262145996,0.0932706743478775,-0.04795365780591965,0.4936868686868687
0,99,0.10984975350450496,0.6389604848145175,0.528098251119359,27.06407598540015,0.3888955634602504,0.2500649213542671,7.551864252223762e-09,42.95566725730896,0.5421831011772156,-0.026697244495153427,0.5
1,0,0.647842539208276,0.5906780178043035,0.4568385023978237,40.62162644807869,0.4356358048439375,0.15504221296036602,3e-05,37.64066505432129,0.6326989531517029,0.0,0.0
1,1,0.498754123643953,0.5952712544658477,0.45451643666039043,34.35256728536896,0.4356358048439375,0.15963544962191023,3e-05,36.72528672218323,0.2842443883419037,0.0,0.0
1,2,0.4682443950857435,0.5830158364850383,0.4524205510443994,33.667679427789146,0.4356358048439375,0.1473800316411008,2.999244813574778e-05,37.7164626121521,0.2824178636074066,0.0,0.0
1,3,0.42418153249487583,0.5937446014427289,0.46117505389808044,43.08971383575921,0.4356358048439375,0.1581087965987914,2.9969800147078265e-05,36.62780261039734,0.32984215021133423,0.0,0.0
1,4,0.40175228368262855,0.6361177715581248,0.50774702804518,31.953155357850118,0.4356358048439375,0.20048196671418728,2.993207883859627e-05,37.19471049308777,0.3972410559654236,0.0,0.0
1,5,0.3617716559341976,0.6324099970064123,0.5228549104172618,28.02578476143937,0.4356358048439375,0.19677419216247483,2.9879322192461932e-05,37.64906692504883,0.40742141008377075,0.0,0.0
1,6,0.34107208039079395,0.6446944925376819,0.5192483639608064,36.25341737243701,0.4356358048439375,0.20905868769374436,2.9811583330145915e-05,36.909873723983765,0.2628093957901001,0.0,0.0
1,7,0.3357348934728272,0.6887275031642954,0.5690366978448914,27.875184500592727,0.4356358048439375,0.25309169832035794,2.97289304589406e-05,37.92700386047363,0.3444249629974365,0.0,0.0
1,8,0.3307877319807909,0.6445411661430298,0.5205861396392321,35.00853149065762,0.4356358048439375,0.20890536129909232,2.963144680328111e-05,37.787920236587524,0.37645673751831055,0.0,0.0
1,9,0.3020529917308262,0.6250542200887577,0.5069796732823191,25.45762825916956,0.4356358048439375,0.18941841524482017,2.9519230520945346e-05,36.78716564178467,0.18628369271755219,0.0,0.0
1,10,0.3091013610971217,0.6663239256649396,0.5428103818510148,30.10504699032006,0.4356358048439375,0.2306881208210021,2.939239460421746e-05,36.6985821723938,0.15975883603096008,0.0,0.0
1,11,0.2887459388192819,0.6599083719001535,0.5379895404527911,31.357746753501885,0.4356358048439375,0.224272567056216,2.925106676611418e-05,36.632641315460205,0.29059720039367676,0.0,0.0
1,12,0.28348507443252874,0.6516065323219371,0.5375245910540216,34.690751266886856,0.4356358048439375,0.2159707274779996,2.9095389311788626e-05,36.3876097202301,0.5048185586929321,0.0,0.0
1,13,0.28400688968142684,0.6116299539142168,0.49921230956121004,26.30189694912657,0.4356358048439375,0.17599414907027933,2.892551899524109e-05,36.38281273841858,0.25196704268455505,0.0,0.0
1,14,0.2826631285098134,0.6506911634587839,0.5308270838322292,37.81232091379962,0.4356358048439375,0.21505535861484637,2.8741626861481043e-05,36.460898876190186,0.1895175576210022,0.0,0.0
1,15,0.2650434374809265,0.6440914403761644,0.5291411329936431,27.65919743023221,0.4356358048439375,0.2084556355322269,2.8543898074299322e-05,36.59578537940979,0.2527424097061157,0.0,0.0
1,16,0.2873514936286576,0.6720868072339565,0.550872814687482,31.377786147934998,0.4356358048439375,0.23645100239001904,2.8332531729823853e-05,36.87756013870239,0.20242886245250702,0.0,0.0
1,17,0.249692902881272,0.6772757855786437,0.5640014595234357,29.839253151042936,0.4356358048439375,0.24163998073470616,2.8107740656046775e-05,36.586347341537476,0.15914811193943024,0.0,0.0
1,18,0.24610884335576272,0.6828946733855767,0.5701315182371799,29.227272969561557,0.4356358048439375,0.24725886854163925,2.7869751198524656e-05,36.84517788887024,0.15842083096504211,0.0,0.0
1,19,0.2598516661293653,0.6268298288887156,0.5237464078936828,30.988122629738584,0.4356358048439375,0.19119402404477814,2.7618802992467718e-05,36.843438148498535,0.2043091356754303,0.0,0.0
1,20,0.24807653241619773,0.6593552314625207,0.5537214904095625,26.910285439835295,0.4356358048439375,0.22371942661858324,2.7355148721447492e-05,42.9544620513916,0.15989604592323303,-0.13454288244247437,0.0012626262626262534
1,21,0.23567895500027403,0.6559417847661579,0.540456016344991,33.906294825770686,0.4356358048439375,0.22030597992222045,2.707905386296588e-05,43.33669304847717,0.4207994341850281,0.06046178936958313,0.0075757575757575725
1,22,0.23656158225268734,0.6209068144375213,0.51054874504782,36.695135950219175,0.4356358048439375,0.18527100959358378,2.6790796421141813e-05,43.61358094215393,0.13333123922348022,-0.4066189229488373,0.013888888888888874
1,23,0.23162312592778886,0.6777648899937391,0.5641363810240888,30.518254356920234,0.4356358048439375,0.24212908514980158,2.649066664678467e-05,43.28997802734375,0.42400655150413513,-0.020901549607515335,0.020202020202020193
1,24,0.22791286603528627,0.6367544888823965,0.5258068577392664,34.194164406444344,0.4356358048439375,0.201118684038459,2.6178966745136322e-05,43.1145920753479,0.7156386375427246,-0.008959900587797165,0.026515151515151512
1,25,0.2358605294507377,0.6484009132224853,0.5328912108690039,34.19740255415427,0.4356358048439375,0.21276510837854778,2.5856010571576052e-05,42.967854022979736,0.19816212356090546,-0.07389909029006958,0.03282828282828283
1,26,0.2195153297210226,0.678114979510932,0.564367258500442,28.768111303846933,0.4356358048439375,0.24247917466699453,2.552212331559482e-05,43.823954582214355,0.4214411675930023,0.008788305334746838,0.03914141414141415
1,27,0.22143317546163285,0.6930507998899358,0.5836883427317994,24.968607140351462,0.4356358048439375,0.2574149950459983,2.5177641173356985e-05,42.89375305175781,0.17115281522274017,-0.05614735931158066,0.045454545454545435
1,28,0.21143223725411356,0.6599266416175584,0.5545992910162654,21.62723391866742,0.4356358048439375,0.22429083677362094,2.482291100917928e-05,44.89892244338989,0.17093569040298462,-0.021589990705251694,0.051767676767676754
1,29,0.22221109864054894,0.6769910342347654,0.5657120687635364,25.86505807446359,0.4356358048439375,0.24135522939082787,2.445829000626784e-05,42.77323126792908,0.12275142967700958,-0.05328555032610893,0.05808080808080807
1,30,0.21349165360538327,0.6741743402910702,0.5613781193571752,30.151053053341887,0.4356358048439375,0.23853853544713266,2.4084145307065e-05,42.92246961593628,0.15337729454040527,-0.031928665935993195,0.06439393939393939
1,31,0.2058511282108268,0.6603712665465775,0.5500126922243906,30.41064411841426,0.4356358048439375,0.22473546170264003,2.3700853643567973e-05,43.084526777267456,0.16561059653759003,-0.02461838722229004,0.0707070707070707
1,32,0.2051367312669754,0.6765542681225128,0.5683622814582092,33.257004904689595,0.4356358048439375,0.24091846327857536,2.3308800957991657e-05,43.04633402824402,0.13826262950897217,-0.030752062797546387,0.07702020202020203
1,33,0.21321398567180244,0.6587480225375635,0.5587473823557259,32.079715527259225,0.4356358048439375,0.223112217693626,2.2908382014157536e-05,42.98207068443298,0.14909082651138306,-0.11879049241542816,0.08333333333333331
1,34,0.19680419701094531,0.6509991931037115,0.5434128177595444,32.44541051029851,0.4356358048439375,0.21536338825977397,2.25e-05,42.961124658584595,0.22695593535900116,-0.023389805108308792,0.08964646464646463
1,35,0.19660088161424716,0.6654805382447634,0.5503740937753202,34.30535514117926,0.4356358048439375,0.2298447334008259,2.2084066121590242e-05,43.23232388496399,0.1872778832912445,-0.02637828141450882,0.09595959595959595
1,36,0.19987299475742845,0.6529331892837688,0.5420600110560483,33.24787352279711,0.4356358048439375,0.21729738443983126,2.1660999189086613e-05,42.97064685821533,0.10351550579071045,-0.1923450231552124,0.10227272727272727
1,37,0.1882586591705984,0.6590087230997209,0.5428905216370083,32.24016052188274,0.4356358048439375,0.22337291825578343,2.12312251950283e-05,42.859546422958374,0.4565271735191345,-0.008186574093997478,0.10858585858585859
1,38,0.17978899545815527,0.6406441370492342,0.5344831177854373,31.11403664154031,0.4356358048439375,0.20500833220529668,2.0795176885396928e-05,42.814019203186035,0.1493133008480072,-0.021434195339679718,0.11489898989898988
1,39,0.19473492004433457,0.6667687903967359,0.5545577643887567,26.78253616452806,0.4356358048439375,0.23113298555279838,2.035329332387808e-05,43.00637483596802,0.17089013755321503,-0.11514808982610703,0.12121212121212119
1,40,0.18132686736632367,0.6619727464203953,0.5466272331637749,34.68592736760377,0.4356358048439375,0.22633694157645778,1.990601944976133e-05,43.101359605789185,0.20693908631801605,-0.017256520688533783,0.1275252525252525
1,41,0.17092549785667535,0.6603961520050591,0.5522780068776686,33.30153068532435,0.4356358048439375,0.2247603471611216,1.9453805629924126e-05,43.57947850227356,0.16764616966247559,-0.05036454647779465,0.1338383838383838
1,42,0.18149820928062713,0.6688918498591341,0.5598625553343678,35.39193504446464,0.4356358048439375,0.2332560450151966,1.8997107205350525e-05,42.74262714385986,0.29319506883621216,-0.020134028047323227,0.14015151515151514
1,43,0.17482717137555687,0.6680393000500261,0.5580802362720519,34.247099476729055,0.4356358048439375,0.2324034952060886,1.853638403264141e-05,43.07766151428223,0.17838624119758606,-0.0118727907538414,0.14646464646464646
1,44,0.1747447232506713,0.6659885108674919,0.5550925873026111,34.324387623071615,0.4356358048439375,0.2303527060235544,1.807210002097786e-05,43.40552234649658,0.12559139728546143,-0.03752520680427551,0.15277777777777773
1,45,0.17170783588472677,0.6578883380784215,0.5463442713422837,34.06723897717508,0.4356358048439375,0.22225253323448402,1.760472266500396e-05,43.1097469329834,0.12221728265285492,-0.0478377491235733,0.15909090909090906
1,46,0.17037525925101066,0.6626650795126134,0.5520886961847153,35.574177790818865,0.4356358048439375,0.22702927466867595,1.713472257409928e-05,42.58662700653076,0.3997126519680023,-0.038912322372198105,0.1654040404040404
1,47,0.1683287903362391,0.6597814991990988,0.5550918392227338,35.26886195041373,0.4356358048439375,0.2241456943551613,1.6662572998515166e-05,42.9584858417511,0.16383901238441467,-0.01011289656162262,0.1717171717171717
1,48,0.1648883173356251,0.6664099022256177,0.5581946139711679,36.02095589148238,0.4356358048439375,0.2307740973816802,1.6188749352851825e-05,43.52632808685303,0.14449864625930786,-0.031537752598524094,0.178030303030303
1,49,0.16075466117080378,0.6681214255519794,0.5574903207966139,34.77129020532352,0.4356358048439375,0.2324856207080419,1.5713728737356138e-05,42.839221715927124,0.1047649011015892,-0.07062823325395584,0.18434343434343434
1,50,0.16032457762226768,0.6658414377184528,0.5572742527262197,33.692622941206956,0.4356358048439375,0.23020563287451534,1.523798945752212e-05,43.616501808166504,0.16973690688610077,-0.017801271751523018,0.19065656565656566
1,51,0.1633741522626001,0.6598418624667445,0.5496886545502433,32.928682802047,0.4356358048439375,0.224206057622807,1.4762010542477881e-05,42.94326567649841,0.18483732640743256,-0.021916896104812622,0.19696969696969693
1,52,0.15165093617171657,0.663143974889169,0.5581006324489806,33.293689241787696,0.4356358048439375,0.2275081700452315,1.4286271262643866e-05,43.01342415809631,0.10215875506401062,-0.04008591175079346,0.2032828282828283
1,53,0.1558524592950636,0.6679814204567761,0.5621162522521331,33.36467485856344,0.4356358048439375,0.23234561561283862,1.3811250647148172e-05,43.13666105270386,0.1817460060119629,-0.021731048822402954,0.20959595959595959
1,54,0.14930361547336288,0.6577169325897682,0.550615031910412,35.21169436696852,0.4356358048439375,0.22208112774583066,1.3337427001484836e-05,42.96059226989746,0.1790996789932251,-0.03542344644665718,0.21590909090909086
1,55,0.15046937702869884,0.6504279565478289,0.5413550323281793,34.128708070685995,0.4356358048439375,0.21479215170389143,1.2865277425900725e-05,43.040939807891846,0.11959986388683319,-0.022670894861221313,0.2222222222222222
1,56,0.1556929883604147,0.6703273112158054,0.561120026883411,32.76966798064804,0.4356358048439375,0.23469150637186786,1.2395277334996045e-05,43.16996645927429,0.12492980808019638,-0.13750627636909485,0.2285353535353535
1,57,0.1542176359466144,0.6693755039213717,0.5596981286932858,34.94464442008118,0.4356358048439375,0.2337396990774342,1.1927899979022143e-05,43.67588806152344,0.18659041821956635,-0.010454314760863781,0.23484848484848486
1,58,0.14664918062638263,0.6596206682022115,0.5534223476684972,30.567287347443198,0.4356358048439375,0.22398486335827406,1.146361596735859e-05,43.68513011932373,0.14977459609508514,-0.013049299828708172,0.24116161616161613
1,59,0.1479273281079166,0.6544623073708772,0.5517483712824434,33.670979444942596,0.4356358048439375,0.2188265025269397,1.1002892794649478e-05,43.877378940582275,0.1931527704000473,-0.044270824640989304,0.24747474747474743
1,60,0.14364909380674362,0.6528267824651862,0.5437869443917818,36.32642861179933,0.4356358048439375,0.21719097762124873,1.0546194370075882e-05,43.22495484352112,0.15668539702892303,-0.18383745849132538,0.2537878787878788
1,61,0.14470553443748124,0.6590063788563514,0.5553331265533314,33.49773172463354,0.4356358048439375,0.2233705740124139,1.0093980550238676e-05,43.624988079071045,0.10670521855354309,-0.057594478130340576,0.26010101010101006
1,62,0.14089210361850504,0.6628675415165871,0.5573432478584821,32.343307198229866,0.4356358048439375,0.22723173667264962,9.646706676121924e-06,43.543981313705444,0.13873831927776337,-0.03991391509771347,0.26641414141414144
1,63,0.14079599074867308,0.6576369952145164,0.5522237653179191,33.102908773826876,0.4356358048439375,0.22200119037057886,9.20482311460307e-06,43.30646228790283,0.12846194207668304,-0.014649341814219952,0.2727272727272727
1,64,0.13931259900635604,0.6631479818325128,0.555687831501876,28.667973165590272,0.4356358048439375,0.2275121769885753,8.768774804971705e-06,43.27532744407654,0.13002267479896545,-0.03159627318382263,0.27904040404040403
1,65,0.14508863903430044,0.6645840377293928,0.5604870753629394,33.97971614661446,0.4356358048439375,0.2289482328854553,8.339000810913388e-06,43.323601961135864,0.10901491343975067,-0.27466103434562683,0.28535353535353536
1,66,0.1336007731757602,0.6610008092801295,0.5556633269257452,29.146098654548997,0.4356358048439375,0.225365004436192,7.915933878409762e-06,43.56571674346924,0.11843689531087875,-0.0901031419634819,0.29166666666666663
1,67,0.13774572236805546,0.6668760388271188,0.559756075150593,29.740772378839893,0.4356358048439375,0.23124023398318128,7.500000000000004e-06,43.123432636260986,0.12080197036266327,-0.01080538984388113,0.29797979797979796
1,68,0.1331576476899945,0.6621555971327606,0.5539260707228754,29.557075463592053,0.4356358048439375,0.22651979228882313,7.091617985842463e-06,43.37333798408508,0.16380450129508972,-0.027302425354719162,0.3042929292929293
1,69,0.13629311095086896,0.6620400698850343,0.5541947697383396,32.29909770624347,0.4356358048439375,0.22640426504109679,6.691199042008346e-06,43.09493803977966,0.2222391963005066,-0.004840973298996687,0.3106060606060606
1,70,0.13308396471702322,0.6714485262872589,0.5638610643708957,31.5776868186056,0.4356358048439375,0.23581272144332144,6.2991463564320296e-06,43.529033184051514,0.14602747559547424,-0.00472379382699728,0.3169191919191919
1,71,0.13007182612711068,0.6611631688570686,0.5541916454551846,29.828929463311713,0.4356358048439375,0.22552736401313112,5.915854692935002e-06,42.95796012878418,0.12081688642501831,-0.054612837731838226,0.3232323232323232
1,72,0.12915801218881898,0.6672706853707701,0.5581961336486767,29.99885935493746,0.4356358048439375,0.23163488052683257,5.541709993732168e-06,43.01712608337402,0.15181773900985718,-0.3484119772911072,0.3295454545454546
1,73,0.1262400256735938,0.6656936588451173,0.5572540724901877,32.13113288682476,0.4356358048439375,0.23005785400117984,5.177088990820725e-06,43.30028486251831,0.1450156271457672,-0.013520809821784496,0.3358585858585858
1,74,0.12362110804842442,0.6639249573850956,0.5557934691774342,34.235549964043315,0.4356358048439375,0.2282891525411581,4.822358826643019e-06,43.11364483833313,0.11379508674144745,-0.03184368088841438,0.3421717171717171
1,75,0.12377458521906211,0.6598433156841385,0.5541962244532725,34.22420410019707,0.4356358048439375,0.22420751084020096,4.4778766844051795e-06,43.710195541381836,0.12312668561935425,-0.012390000745654106,0.3484848484848485
1,76,0.121159058672433,0.6616891122934982,0.5540555413589479,31.985301763702747,0.4356358048439375,0.22605330744956076,4.1439894284239474e-06,43.15457320213318,0.14910350739955902,-0.016173703595995903,0.3547979797979797
1,77,0.12257678806781769,0.6556737403506294,0.5502299527043408,31.884113231649415,0.4356358048439375,0.22003793550669193,3.82103325486368e-06,42.75039577484131,0.1579725593328476,-0.010457634925842285,0.36111111111111105
1,78,0.1253214420712724,0.6595127492537434,0.553290190100701,32.41323165651748,0.4356358048439375,0.22387694440980588,3.5093333532153316e-06,43.25015354156494,0.19117514789104462,-0.011747991666197777,0.36742424242424243
1,79,0.12152150022436162,0.6683164258244105,0.5591524632369086,36.14198015103208,0.4356358048439375,0.23268062098047304,3.2092035788581907e-06,43.11854672431946,0.13894182443618774,-0.009584186598658562,0.37373737373737376
1,80,0.11828778767768218,0.6699189330141319,0.5596427043641073,31.982300895700156,0.4356358048439375,0.23428312817019437,2.9209461370341204e-06,43.25179481506348,0.12391883134841919,-0.0247059166431427,0.38005050505050497
1,81,0.1167604748387726,0.6689891164838948,0.5590705654418476,33.06598438478155,0.4356358048439375,0.23335331163995732,2.64485127855251e-06,43.22795844078064,0.13875481486320496,-0.013917866162955761,0.38636363636363635
1,82,0.12157060167923266,0.6679265610191257,0.5592516140068401,31.534726088459067,0.4356358048439375,0.23229075617518824,2.38119700753228e-06,43.33412790298462,0.11894756555557251,-0.056058287620544434,0.3926767676767677
1,83,0.1171806031952099,0.6670218742612012,0.5582590994865447,29.390534656920543,0.4356358048439375,0.2313860694172637,2.130248801475344e-06,43.046379804611206,0.14581537246704102,-0.02022382989525795,0.3989898989898989
1,84,0.1133770473605516,0.6674289312119542,0.5590081496052219,29.468355061374105,0.4356358048439375,0.23179312636801674,1.892259343953226e-06,43.23763871192932,0.08469203114509583,-0.08428226411342621,0.4053030303030303
1,85,0.11333260327881696,0.6659125637540038,0.5570834354520068,32.99521506243883,0.4356358048439375,0.23027675891006627,1.6674682701761496e-06,43.67080473899841,0.11191713809967041,-0.04699331521987915,0.4116161616161616
1,86,0.11127110829158705,0.6638943705598066,0.5554575173033062,34.21812909483258,0.4356358048439375,0.2282585657158691,1.456101925700684e-06,43.02350473403931,0.09229455888271332,-0.06253166496753693,0.417929292929293
1,87,0.11106061593306307,0.6639636354315948,0.5558785570610693,34.22309781689469,0.4356358048439375,0.22832783058765727,1.2583731385189562e-06,43.227627754211426,0.11093707382678986,-0.16364958882331848,0.4242424242424242
1,88,0.11537039553632542,0.66191798966591,0.5536527635293028,34.35563184813931,0.4356358048439375,0.2262821848219725,1.0744810047589116e-06,43.5714213848114,0.07899213582277298,-0.045127853751182556,0.4305555555555555
1,89,0.11058436349338414,0.6623194006420643,0.5537615906938048,34.37875168641985,0.4356358048439375,0.2266835957981268,9.046106882113753e-07,43.05776000022888,0.143927201628685,-0.010496476665139198,0.4368686868686869
1,90,0.1114517486065018,0.659711236056437,0.5513243837386115,34.573957679008174,0.4356358048439375,0.2240754312124995,7.489332338858202e-07,43.36306881904602,0.09590098261833191,-0.045512497425079346,0.4431818181818181
1,91,0.11051311473153075,0.6610101263156332,0.5521404770296301,34.38895824953175,0.4356358048439375,0.22537432147169567,6.076053957825411e-07,43.271031618118286,0.08265786617994308,-0.05745020508766174,0.44949494949494945
1,0,0.7000681046320467,0.5300934619848839,0.3829750841995909,30.253079075306303,0.4356358048439375,0.09445765714094645,6e-06,21.209635734558105,0.6164982318878174,0.0,0.0
1,1,0.5774121521687021,0.5413113052989834,0.39806489402422585,27.69604410694581,0.4356358048439375,0.10567550045504592,1.2e-05,19.965092658996582,0.28315651416778564,0.0,0.0
1,2,0.5638020050768949,0.5483176297048529,0.4037767039512533,48.62428452167184,0.4356358048439375,0.11268182486091538,1.8e-05,19.02672290802002,0.2871072292327881,0.0,0.0
1,3,0.5489298397180985,0.6299033687728008,0.49811532981062756,27.29727970176253,0.4356358048439375,0.19426756392886335,2.4e-05,33.52147197723389,0.33054548501968384,0.0,0.0
1,4,0.5054087724004473,0.6291602043250046,0.49442258764967045,34.11353494201939,0.4356358048439375,0.19352439948106714,3.0000000000000004e-05,35.87927794456482,0.4597017168998718,0.0,0.0
1,5,0.4403995272456383,0.618065808256442,0.49147144137666476,27.301649004987702,0.4356358048439375,0.18243000341250448,3e-05,36.53933882713318,0.5182735919952393,0.0,0.0
1,6,0.4161293570484434,0.6051488976199534,0.4815030541852941,30.20711785173056,0.4356358048439375,0.1695130927760159,2.999179886011389e-05,35.643983364105225,0.49049338698387146,0.0,0.0
1,7,0.3858205502738758,0.6379796828471858,0.5179960349376469,33.285820416452495,0.4356358048439375,0.20234387800324827,2.9967204408281618e-05,36.12905144691467,0.47459062933921814,0.0,0.0
1,8,0.36380734370679274,0.6341727637316422,0.49904312872185536,33.47811621503589,0.4356358048439375,0.19853695888770473,2.9926243538175172e-05,37.23470592498779,0.4821774661540985,0.0,0.0
1,9,0.3537809702814842,0.6329035596644105,0.5051358880886171,28.86751609386073,0.4356358048439375,0.19726775482047298,2.9868961039904628e-05,36.2412691116333,0.2367468774318695,0.0,0.0
1,10,0.3464718968892584,0.6723170613238562,0.5533041400282692,26.206537783302128,0.4356358048439375,0.23668125647991867,2.9795419551040836e-05,36.21416211128235,0.21467632055282593,0.0,0.0
1,11,0.3351787772713875,0.6719100495120917,0.5532504384179127,42.70639547298891,0.4356358048439375,0.23627424466815417,2.970569948812214e-05,36.429986238479614,0.34833523631095886,0.0,0.0
1,12,0.33307819646231984,0.6492968419717501,0.5311427952912954,29.46541852282965,0.4356358048439375,0.2136610371278126,2.9599898958720088e-05,34.92379593849182,0.49557799100875854,0.0,0.0
1,13,0.30330610974710814,0.6717166441339203,0.5546073478498059,27.481942207023096,0.4356358048439375,0.2360808392899828,2.947813365416023e-05,35.13543629646301,0.27835237979888916,0.0,0.0
1,14,0.30322391129269893,0.6318053332963909,0.5193218780691307,29.132886543657133,0.4356358048439375,0.1961695284524534,2.9340536723015367e-05,35.294517993927,0.3625754714012146,0.0,0.0
1,15,0.301615906917319,0.6575409886903582,0.535344328209528,24.596183041768484,0.4356358048439375,0.22190518384642066,2.9187258625509518e-05,36.53046250343323,0.28849971294403076,0.0,0.0
1,16,0.292710014447874,0.6552976866714377,0.535052522984018,28.810602783099405,0.4356358048439375,0.21966188182750024,2.9018466968991913e-05,35.51393938064575,0.21753549575805664,0.0,0.0
1,17,0.2783510961702892,0.6517651088363188,0.5425236466944835,29.60125452874046,0.4356358048439375,0.21612930399238128,2.883434632466077e-05,35.458271741867065,0.19022248685359955,0.0,0.0
1,18,0.2787056762953194,0.6720856813292463,0.5618584968217021,30.72625355203906,0.4356358048439375,0.2364498764853088,2.863509802573744e-05,35.3337676525116,0.16076193749904633,0.0,0.0
1,19,0.26481124089688673,0.6273712924912463,0.5118091823173243,42.16630474969359,0.4356358048439375,0.19173548764730886,2.8420939947311454e-05,35.23263740539551,0.1876819133758545,0.0,0.0
1,20,0.25747540136989283,0.6859586603702529,0.5719393083912762,32.32435976462469,0.4356358048439375,0.2503228555263154,2.8192106268097336e-05,42.4876708984375,0.1969325840473175,-0.12475695461034775,0.0012626262626262534
1,21,0.25826135703495573,0.6715737587967859,0.5579412245990361,31.892315186168112,0.4356358048439375,0.23593795395284844,2.794884721436361e-05,45.09673023223877,0.49752354621887207,0.039036158472299576,0.0075757575757575725
1,22,0.2562008164062792,0.6390279527198758,0.5320704313641628,35.5726038381248,0.4356358048439375,0.2033921478759383,2.769142878631403e-05,42.110403299331665,0.15944910049438477,-0.3992021679878235,0.013888888888888874
1,23,0.24407343079849164,0.6293602895965069,0.5140239789151062,33.24988879799826,0.4356358048439375,0.19372448475256943,2.74201324672203e-05,41.92192840576172,0.3243926167488098,-0.021597545593976974,0.020202020202020193
1,24,0.25013879321667615,0.6620121627699481,0.5537338140574044,35.34214329428365,0.4356358048439375,0.22637635792601063,2.7135254915624213e-05,41.90908122062683,0.6376024484634399,-0.00401595514267683,0.026515151515151512
1,25,0.22882101395908666,0.6387984152922871,0.5263808641120479,33.96950207795783,0.4356358048439375,0.2031626104483496,2.6837107640945904e-05,41.8823721408844,0.19153998792171478,-0.07499934732913971,0.03282828282828283
1,26,0.23145957458384184,0.6603060370985583,0.5480620087335464,29.655291232789306,0.4356358048439375,0.2246702322546208,2.6526016662852887e-05,41.57960057258606,0.44384831190109253,0.002799500245600939,0.03914141414141415
1,27,0.22788445727557552,0.6373570279034829,0.5326280984026083,31.032036100809336,0.4356358048439375,0.20172122305954543,2.620232215476231e-05,42.85114860534668,0.1361904889345169,-0.05836760252714157,0.045454545454545435
1,28,0.23400672662014865,0.6597051414881279,0.5523660353335546,34.79594930352317,0.4356358048439375,0.22406933664419038,2.5866378071866338e-05,43.12028908729553,0.159165158867836,-0.02107803337275982,0.051767676767676754
1,29,0.22451695069974784,0.6568831869954352,0.545161133718884,34.926708193314106,0.4356358048439375,0.22124738215149775,2.5518551764087326e-05,42.016053199768066,0.13503603637218475,-0.05296429246664047,0.05808080808080807
1,30,0.2140818513473686,0.6522393438598848,0.5420374691613824,34.622384128332996,0.4356358048439375,0.2166035390159473,2.5159223574386117e-05,47.82937741279602,0.1758577674627304,-0.035242486745119095,0.06439393939393939
1,31,0.21580742314762,0.6775772917930604,0.5687415744975306,26.774755477169435,0.4356358048439375,0.24194148694912287,2.478878642286253e-05,42.786762714385986,0.14590100944042206,-0.026788339018821716,0.0707070707070707
1,32,0.21433251594402353,0.657545299701423,0.5558047015088599,29.99814767435665,0.4356358048439375,0.22190949485748546,2.4407645377103056e-05,42.51748752593994,0.1398380845785141,-0.031055685132741928,0.07702020202020203
1,33,0.19999259041280162,0.6616854681322984,0.5573654266955871,30.110737675103266,0.4356358048439375,0.22604966328836096,2.4016217209245377e-05,42.45411396026611,0.14706721901893616,-0.11751451343297958,0.08333333333333331
1,34,0.20449376030235875,0.6600563772915482,0.5428851108415563,40.83836582711997,0.4356358048439375,0.2244205724476107,2.3614929940244155e-05,43.13633680343628,0.1427755504846573,-0.023502685129642487,0.08964646464646463
1,35,0.19278867542743683,0.6165117775088311,0.517626107210155,36.795264476202206,0.4356358048439375,0.18087597266489364,2.320422237183641e-05,41.987014055252075,0.17842233180999756,-0.027696382254362106,0.09595959595959595
1,36,0.19970599242619105,0.6493157130317896,0.5449175616805801,35.45101985193647,0.4356358048439375,0.2136799081878521,2.2784543606718227e-05,41.85007572174072,0.11643671244382858,-0.19145318865776062,0.10227272727272727
1,37,0.19782726025703,0.6630186521074151,0.5486611400009801,32.8727418875113,0.4356358048439375,0.22738284726347757,2.2356352557457624e-05,41.8079776763916,0.4459226727485657,-0.013411152176558971,0.10858585858585859
1,38,0.19185940404327548,0.666431686552771,0.5602616394105402,29.945414865432102,0.4356358048439375,0.23079588170883347,2.1920117444680317e-05,42.75989246368408,0.13764873147010803,-0.021103445440530777,0.11489898989898988
1,39,0.192959265289258,0.6445938257434336,0.5386721201512396,31.891621935414882,0.4356358048439375,0.2089580208994961,2.1476315285077393e-05,42.469210624694824,0.24400043487548828,-0.11559616774320602,0.12121212121212119
1,40,0.18710255820532234,0.6782189535938287,0.5693559936082454,29.961631480093637,0.4356358048439375,0.24258314874989118,2.1025431369794546e-05,41.90961003303528,0.1846344769001007,-0.01651492714881897,0.1275252525252525
1,41,0.18497092565711665,0.6496398099400282,0.5451969509916017,35.345552846833556,0.4356358048439375,0.21400400509609074,2.056795873377331e-05,41.84721326828003,0.17409007251262665,-0.0488387867808342,0.1338383838383838
1,42,0.18291969612544898,0.6450624710689365,0.5348612897899593,41.621452223442894,0.4356358048439375,0.20942666622499906,2.0104397616624646e-05,41.629401206970215,0.27587056159973145,-0.019831236451864243,0.14015151515151514
1,43,0.17677543129847975,0.6358481544231427,0.5340914988956292,30.593622496078876,0.4356358048439375,0.2002123495792052,1.963525491562421e-05,41.93816828727722,0.17915937304496765,-0.01239574234932661,0.14646464646464646
1,44,0.18400521530788772,0.6565503506701567,0.544209801046278,37.14478815241259,0.4356358048439375,0.22091454582621917,1.916104363142767e-05,41.71079349517822,0.1635391265153885,-0.03630463033914566,0.15277777777777773
1,45,0.17709409627987413,0.6550562917015592,0.5535620274914492,31.254011775938615,0.4356358048439375,0.21942048685762172,1.8682282307111988e-05,49.27661395072937,0.12622202932834625,-0.04774762690067291,0.15909090909090906
1,46,0.16754881353402623,0.643111977737215,0.5362847316500897,33.90879389479235,0.4356358048439375,0.20747617289327747,1.8199494461156203e-05,42.382975339889526,0.1708516776561737,-0.03912418335676193,0.1654040404040404
1,47,0.17843473915542876,0.6522842306119438,0.5512626207350516,33.12709274082639,0.4356358048439375,0.21664842576800636,1.771320801498165e-05,41.89364504814148,0.15471410751342773,-0.010231330059468746,0.1717171717171717
1,48,0.17497349378405785,0.6726847304844781,0.566439735612075,33.34675511320589,0.4356358048439375,0.2370489256405406,1.722395471567763e-05,42.8951051235199,0.1550607681274414,-0.031746841967105865,0.178030303030303
1,49,0.16475825285424991,0.6513292087492567,0.5446839986626596,30.515271116715763,0.4356358048439375,0.21569340390531921,1.6732269554543794e-05,42.29991340637207,0.12173710763454437,-0.071241594851017,0.18434343434343434
1,50,0.1690892710217408,0.6599100652428775,0.5523256437558421,32.16583123206003,0.4356358048439375,0.22427426039894005,1.623869018208499e-05,42.68537998199463,0.17039614915847778,-0.018067628145217896,0.19065656565656566
1,51,0.16647192805397268,0.6651193210513654,0.5574768987529495,32.2180067012982,0.4356358048439375,0.2294835162074279,1.5743756320098334e-05,41.56718873977661,0.18439583480358124,-0.022683918476104736,0.19696969696969693
1,52,0.1681743002667719,0.6296096474402907,0.5193946576953852,33.83087475923139,0.4356358048439375,0.1939738425963532,1.524800917149538e-05,41.54334497451782,0.10942094027996063,-0.03935897722840309,0.2032828282828283
1,53,0.15724031140609662,0.6736005116483113,0.5671585896180594,30.403783923728128,0.4356358048439375,0.23796470680437376,1.4751990828504623e-05,41.63232779502869,0.17294427752494812,-0.022947732359170914,0.20959595959595959
1,54,0.15625053188022303,0.6652935524648097,0.5564132122330028,32.33776888420392,0.4356358048439375,0.2296577476208722,1.4256243679901665e-05,41.242791175842285,0.19502215087413788,-0.03339354321360588,0.21590909090909086
1,55,0.15193588765604155,0.6555695336809011,0.5506893482915586,31.508272925132452,0.4356358048439375,0.2199337288369636,1.3761309817915017e-05,41.62076807022095,0.13076218962669373,-0.022656386718153954,0.2222222222222222
1,56,0.15622005588850196,0.6755561770069595,0.5675980777341527,36.75342095504654,0.4356358048439375,0.23992037216302198,1.3267730445456208e-05,41.49727749824524,0.13632123172283173,-0.13613751530647278,0.2285353535353535
1,57,0.15029043970363481,0.6632698061389467,0.5539167768117147,34.92172766267163,0.4356358048439375,0.22763400129500921,1.277604528432237e-05,41.90973687171936,0.2002444714307785,-0.009972439147531986,0.23484848484848486
1,58,0.15156073047190297,0.6634201967233955,0.5588777163064158,31.721832425836627,0.4356358048439375,0.22778439187945798,1.2286791985018356e-05,40.983997106552124,0.1586858034133911,-0.012930676341056824,0.24116161616161613
1,59,0.14828626575822734,0.6646058729710679,0.557296999626405,36.359608475565175,0.4356358048439375,0.2289700681271304,1.18005055388438e-05,42.02256417274475,0.19004526734352112,-0.04414025694131851,0.24747474747474743
1,60,0.1461820974946022,0.6470426549254898,0.5443652319338911,36.02716448320271,0.4356358048439375,0.21140685008155236,1.1317717692888014e-05,49.33184194564819,0.15604466199874878,-0.1841847002506256,0.2537878787878788
1,61,0.14659662924858988,0.6587390046023921,0.5565089060974475,35.09554195876468,0.4356358048439375,0.2231031997584546,1.0838956368572335e-05,43.5347683429718,0.10537286847829819,-0.05725247412919998,0.26010101010101006
1,62,0.14192080345689034,0.6562836928821292,0.5530454828683975,33.02822267868338,0.4356358048439375,0.2206478880381917,1.036474508437579e-05,42.421669006347656,0.15391288697719574,-0.040068477392196655,0.26641414141414144
1,63,0.1425512284040451,0.6638911736366097,0.5589636302704385,35.39306919094584,0.4356358048439375,0.22825536879267216,9.895602383375355e-06,41.594910860061646,0.14299257099628448,-0.013317066244781017,0.2727272727272727
1,64,0.1388335159542609,0.6614863466295859,0.5574865936675674,34.37110825101284,0.4356358048439375,0.22585054178564845,9.432041266226686e-06,42.04444670677185,0.12857657670974731,-0.03208361566066742,0.27904040404040403
1,65,0.1447763069703871,0.6745196976593519,0.5709895774240626,32.95417305692908,0.4356358048439375,0.23888389281541444,8.974568630205462e-06,41.918986320495605,0.11031745374202728,-0.2734866142272949,0.28535353535353536
1,66,0.1373173469791607,0.6679812036368011,0.5648252688942232,32.14483663767095,0.4356358048439375,0.23234539879286364,8.523684714922608e-06,42.912909269332886,0.11892680823802948,-0.08919720351696014,0.29166666666666663
1,67,0.13352154385374518,0.6595156844300708,0.5547450087707781,33.88924547088799,0.4356358048439375,0.2238798795861333,8.079882555319685e-06,43.13507032394409,0.12598031759262085,-0.0107577471062541,0.29797979797979796
1,68,0.1269840144989442,0.6592499935475601,0.5533993287600882,33.82604090798387,0.4356358048439375,0.2236141887036226,7.643647442542383e-06,42.448017835617065,0.159204363822937,-0.02758842706680298,0.3042929292929293
1,69,0.13230674234884127,0.672832427129353,0.568956391715652,33.58162332731468,0.4356358048439375,0.2371966222854155,7.215456393281777e-06,42.57525110244751,0.22144293785095215,-0.004735521040856838,0.3106060606060606
1,70,0.1357360390984282,0.6671331538311166,0.5621334010494003,32.5039364975695,0.4356358048439375,0.2314973489871791,6.795777628163599e-06,41.369343519210815,0.16691939532756805,-0.003984969574958086,0.3169191919191919
1,71,0.13589208535089783,0.6606357232325146,0.5556467373010415,32.35295340168989,0.4356358048439375,0.22499991838857714,6.3850700597558465e-06,42.203813791275024,0.12209910154342651,-0.05456201359629631,0.3232323232323232
1,72,0.1324007240485172,0.6546367378469783,0.5499716213989455,32.236434223438415,0.4356358048439375,0.2190009330030408,5.983782790754624e-06,42.94939470291138,0.130562886595726,-0.3485574722290039,0.3295454545454546
1,73,0.12603193567115434,0.651560244837914,0.5469151386455019,32.0652031330115,0.4356358048439375,0.21592443999397648,5.592354622896944e-06,42.046062707901,0.14787015318870544,-0.013615546748042107,0.3358585858585858
1,74,0.125859052322957,0.6578783722389634,0.5520455781378002,32.429133511274635,0.4356358048439375,0.2222425673950259,5.21121357713747e-06,42.23630666732788,0.11691395938396454,-0.03184397891163826,0.3421717171717171
1,75,0.12016248109997535,0.6571124097303899,0.5515221578824622,32.600517061042865,0.4356358048439375,0.22147660488645238,4.840776425613887e-06,48.19463872909546,0.1177777573466301,-0.012365481816232204,0.3484848484848485
1,76,0.12503066567742094,0.6608642853386053,0.5569503324786744,32.45643941724781,0.4356358048439375,0.22522848049466782,4.481448235912671e-06,43.23047757148743,0.14886267483234406,-0.016373543068766594,0.3547979797979797
1,77,0.12393201005702116,0.653447526203326,0.5486781684839991,32.40099044181647,0.4356358048439375,0.21781172135938853,4.133621928133666e-06,41.820143699645996,0.14775420725345612,-0.010532322339713573,0.36111111111111105
1,78,0.12157335542902654,0.654066290267286,0.5500455645309339,31.706044952533986,0.4356358048439375,0.21843048542334853,3.7976778452376966e-06,41.37032890319824,0.4342736601829529,-0.01128154993057251,0.36742424242424243
1,79,0.12181963011318324,0.65924872784658,0.556257679003367,35.03192475840427,0.4356358048439375,0.22361292300264246,3.473983337147118e-06,41.62366986274719,0.15102946758270264,-0.009446095675230026,0.37373737373737376
1,80,0.11895245777405038,0.6595670515612464,0.5561486652985452,35.21250771874213,0.4356358048439375,0.2239312467173089,3.162892359054098e-06,41.84424328804016,0.12193791568279266,-0.0248001329600811,0.38005050505050497
1,81,0.11350076295891587,0.6624945212851137,0.5594580975797149,32.778796156558194,0.4356358048439375,0.22685871644117617,2.86474508437579e-06,41.75002431869507,0.12993621826171875,-0.013970660977065563,0.38636363636363635
1,82,0.11503729444681382,0.6562804837998429,0.5529127126285115,34.8829539761,0.4356358048439375,0.22064467895590545,2.5798675327796994e-06,41.71041131019592,0.11575460433959961,-0.05601070448756218,0.3926767676767677
1,83,0.11439518463246677,0.6590249625524577,0.5555722231657526,31.221039031459718,0.4356358048439375,0.2233891577085202,2.308571213685967e-06,43.06898498535156,0.1559440940618515,-0.020227301865816116,0.3989898989898989
1,84,0.11636033593391885,0.6560970044211388,0.5517230388036111,31.013573885452566,0.4356358048439375,0.22046119957720134,2.0511527856363916e-06,42.780800580978394,0.08933001756668091,-0.08445875346660614,0.4053030303030303
1,85,0.11287179034279317,0.6608998132335344,0.5573145695816976,31.87369711473237,0.4356358048439375,0.22526400838959693,1.8078937319026655e-06,42.567580699920654,0.11136534065008163,-0.04698453098535538,0.4116161616161616
1,86,0.11273564877254623,0.6584963304319279,0.5542421235039015,31.502895435473157,0.4356358048439375,0.2228605255879904,1.579060052688548e-06,41.68059849739075,0.0959048867225647,-0.06226766109466553,0.417929292929293
1,87,0.11382832332533233,0.6607129007791982,0.557222414719526,31.666983866572064,0.4356358048439375,0.2250770959352607,1.3649019742625624e-06,42.30439591407776,0.1163448691368103,-0.16362300515174866,0.4242424242424242
1,88,0.10938194371303733,0.6563714765106109,0.5524704544615959,31.182328584748046,0.4356358048439375,0.2207356716666734,1.1656536753392288e-06,41.51585817337036,0.08483614772558212,-0.04522271081805229,0.4305555555555555
1,89,0.11218531939144037,0.6539529311944721,0.5501673765312013,31.556985003998545,0.4356358048439375,0.21831712635053457,9.815330310080889e-07,42.40773153305054,0.12781286239624023,-0.010619301348924637,0.4368686868686869
1,90,0.11070141454740447,0.6549740422133932,0.5516001703345585,31.24828768345123,0.4356358048439375,0.21933823736945568,8.127413744904805e-07,49.838003635406494,0.1045466959476471,-0.045422863215208054,0.4431818181818181
1,91,0.10602324265910655,0.6555068575594387,0.5521434812443398,31.25637798400639,0.4356358048439375,0.21987105271550123,6.594632769846353e-07,43.45362567901611,0.08310221880674362,-0.057583436369895935,0.44949494949494945
1,92,0.10726991516290879,0.6547853156474849,0.5514625834022178,33.88065145166145,0.4356358048439375,0.2191495108035474,5.218663458397716e-07,41.996662855148315,0.12488977611064911,-0.02357308566570282,0.45580808080808083
1,93,0.10762039184266207,0.6544578718954214,0.5511026695341069,33.85133224290716,0.4356358048439375,0.21882206705148388,4.0010104127991385e-07,41.890206813812256,0.12403076887130737,-0.044405966997146606,0.46212121212121215
1,94,0.10832276339737737,0.6545902000464158,0.5512366253430384,33.27975778263753,0.4356358048439375,0.21895439520247828,2.943005118778597e-07,42.03290152549744,0.11712229251861572,-0.017913831397891045,0.46843434343434337
1,95,0.10970448915447507,0.6540586021187857,0.5508350120582352,31.364254888817275,0.4356358048439375,0.21842279727484826,2.0458044895916516e-07,42.73327708244324,0.19774571061134338,-0.07997896522283554,0.47474747474747475
1,96,0.10251678465580454,0.6538000347775527,0.5505167147655132,32.07690326525321,0.4356358048439375,0.21816422993361517,1.3103896009537207e-07,41.463534355163574,0.09214751422405243,-0.029099470004439354,0.4810606060606061
1,97,0.10933559517167052,0.653889190792933,0.5505739774195619,32.01255374590176,0.4356358048439375,0.21825338594899546,7.375646182482875e-08,42.285866498947144,0.12510591745376587,-0.013605436310172081,0.4873737373737373
1,98,0.1079946996606126,0.6542910630878368,0.550996073968146,32.024813687395856,0.4356358048439375,0.2186552582438993,3.279559171838198e-08,41.305442333221436,0.13713151216506958,-0.015475792810320854,0.4936868686868687
1,99,0.10900552494793522,0.6542853829278666,0.5509701429771204,32.027056360651116,0.4356358048439375,0.21864957808392915,8.201139886109265e-09,42.35896015167236,0.10208144038915634,-0.04711686819791794,0.5
2,0,0.7096719510701238,0.48867570720848896,0.35667232695391576,27.34185643768847,0.4324622420678442,0.056213465140644736,6e-06,19.641772270202637,0.8597938418388367,0.0,0.0
2,1,0.5719178312895249,0.5369064184661452,0.40528252772409434,27.991431735606128,0.4324622420678442,0.10444417639830095,1.2e-05,20.324110984802246,0.31011778116226196,0.0,0.0
2,2,0.5477558429143867,0.5073015444660988,0.37582513739892826,48.114367641248464,0.4324622420678442,0.07483930239825454,1.8e-05,20.21164083480835,0.3664645850658417,0.0,0.0
2,3,0.594816057657709,0.5581598932742539,0.42412545778136274,53.54658175812901,0.4324622420678442,0.12569765120640963,2.4e-05,35.07556700706482,0.4532657563686371,0.0,0.0
2,4,0.5048867099139155,0.5958524388022043,0.4661682652650284,35.7004906855781,0.4324622420678442,0.16339019673436006,3.0000000000000004e-05,36.892578125,0.45701414346694946,0.0,0.0
2,5,0.46253559236623804,0.6167357805286623,0.4870023179407364,36.92437812021263,0.4324622420678442,0.18427353846081806,3e-05,35.885332107543945,0.6377214789390564,0.0,0.0
2,6,0.4442346433595735,0.6232303370480313,0.4938818740985978,37.1083786899872,0.4324622420678442,0.1907680949801871,2.999179886011389e-05,36.24354839324951,0.6657077074050903,0.0,0.0
2,7,0.40341766239429006,0.6570466858849778,0.5280321317900816,20.354488419673274,0.4324622420678442,0.2245844438171336,2.9967204408281618e-05,36.93782043457031,0.44440901279449463,0.0,0.0
2,8,0.3625482427222388,0.6437434687946578,0.5183399871281065,28.06286091691932,0.4324622420678442,0.2112812267268136,2.9926243538175172e-05,37.49457263946533,0.6661274433135986,0.0,0.0
2,9,0.35156749371363194,0.6422104851720423,0.5223896197503342,42.37960229181535,0.4324622420678442,0.20974824310419804,2.9868961039904628e-05,35.33568072319031,0.2520333230495453,0.0,0.0
2,10,0.34498600327238743,0.6425402470567312,0.5232779518622199,37.86443356942028,0.4324622420678442,0.21007800498888696,2.9795419551040836e-05,35.15054178237915,0.20599022507667542,0.0,0.0
2,11,0.32040082830555583,0.6824657808350839,0.564553414557664,24.195752083008454,0.4324622420678442,0.2500035387672397,2.970569948812214e-05,35.65353274345398,0.3832089900970459,0.0,0.0
2,12,0.3108327723279291,0.6507525785006437,0.537471314072587,29.906247517418265,0.4324622420678442,0.2182903364327995,2.9599898958720088e-05,35.46774911880493,0.41636964678764343,0.0,0.0
2,13,0.29010314661629344,0.6857951652042003,0.5707943556168974,19.491607540881034,0.4324622420678442,0.253332923136356,2.947813365416023e-05,35.37916874885559,0.32058700919151306,0.0,0.0
2,14,0.2910520057288968,0.6963059340084974,0.5795649957634602,22.260217545982577,0.4324622420678442,0.26384369194065316,2.9340536723015367e-05,36.578617334365845,0.6021804809570312,0.0,0.0
2,15,0.2773527344878839,0.6589028156675213,0.5485743483148466,24.455085969481825,0.4324622420678442,0.22644057359967706,2.9187258625509518e-05,37.64905261993408,0.17789283394813538,0.0,0.0
2,16,0.2828314240489687,0.6935166993599858,0.5800868946375607,17.045485210784374,0.4324622420678442,0.2610544572921416,2.9018466968991913e-05,35.25140357017517,0.1919899582862854,0.0,0.0
2,17,0.2817729927447377,0.6921823632406379,0.5741878495450362,17.49865642451525,0.4324622420678442,0.25972012117279364,2.883434632466077e-05,35.91006398200989,0.2136705219745636,0.0,0.0
2,18,0.2639605001527436,0.6933137355425645,0.5810883572897102,22.503409900804737,0.4324622420678442,0.26085149347472025,2.863509802573744e-05,35.53698992729187,0.19293127954006195,0.0,0.0
2,19,0.2591819653705675,0.689506118090733,0.5717259059915168,23.041686773622295,0.4324622420678442,0.2570438760228888,2.8420939947311454e-05,35.54584503173828,0.1920669972896576,0.0,0.0
2,20,0.25299958930331834,0.6754874077357409,0.5649340039458758,27.28055069006714,0.4324622420678442,0.24302516566789667,2.8192106268097336e-05,42.209176540374756,0.20591890811920166,-0.03567709028720856,0.0012626262626262534
2,21,0.251410611429993,0.7063467907789596,0.5976755554823568,16.727102318869917,0.4324622420678442,0.27388454871111534,2.794884721436361e-05,41.79549050331116,0.46169742941856384,0.04619070142507553,0.0075757575757575725
2,22,0.2487977195759209,0.6938121821857952,0.582077643238984,25.72580856316341,0.4324622420678442,0.261349940117951,2.769142878631403e-05,44.08127045631409,0.1706388294696808,-0.40046602487564087,0.013888888888888874
2,23,0.23773956861422987,0.6536984262573688,0.5443844780647077,18.46670862440058,0.4324622420678442,0.22123618418952462,2.74201324672203e-05,42.021950483322144,0.20266461372375488,-0.02866879478096962,0.020202020202020193
2,24,0.2317986698174963,0.6815889454844553,0.5709799823950283,22.97076508709232,0.4324622420678442,0.24912670341661103,2.7135254915624213e-05,42.36316990852356,0.44135791063308716,-0.016515256837010384,0.026515151515151512
2,25,0.24290897165025985,0.7123470395926922,0.6046125920277192,16.62624936109651,0.4324622420678442,0.27988479752484796,2.6837107640945904e-05,42.104655027389526,0.19236592948436737,-0.07643471658229828,0.03282828282828283
2,26,0.23758595497632512,0.6860847134456263,0.5726123256384517,16.103507719793328,0.4324622420678442,0.25362247137778204,2.6526016662852887e-05,43.696990728378296,0.16616550087928772,-0.02186517044901848,0.03914141414141415
2,27,0.21530596121233336,0.6365015382510008,0.5273702769528598,25.627822867790155,0.4324622420678442,0.20403929618315653,2.620232215476231e-05,41.24461340904236,0.13418756425380707,-0.04659029096364975,0.045454545454545435
2,28,0.21980303906056345,0.6739951326373215,0.566397522515834,20.773875528305243,0.4324622420678442,0.24153289056947724,2.5866378071866338e-05,42.47975754737854,0.1463889479637146,-0.6243929266929626,0.051767676767676754
2,29,0.2217131375658269,0.684074179319662,0.5744294019487989,15.989737963841385,0.4324622420678442,0.25161193725181774,2.5518551764087326e-05,41.90483021736145,0.12779662013053894,-0.045627932995557785,0.05808080808080807
2,30,0.2226281775807848,0.6779044340325426,0.5686881891209271,23.697715566822627,0.4324622420678442,0.2454421919646984,2.5159223574386117e-05,49.35355019569397,0.12413029372692108,-0.035257160663604736,0.06439393939393939
2,31,0.20237994520943992,0.6872823808989039,0.5752013793487908,29.236180511230817,0.4324622420678442,0.2548201388310597,2.478878642286253e-05,42.58353519439697,0.1925182342529297,-0.01641891524195671,0.0707070707070707
2,32,0.20572503899433175,0.6971879306953153,0.5853800162334521,23.645108978159943,0.4324622420678442,0.26472568862747103,2.4407645377103056e-05,42.8417444229126,0.17319314181804657,-0.009115230292081833,0.07702020202020203
2,33,0.20130776051355867,0.6412873156762856,0.5323845573693206,25.925447641079515,0.4324622420678442,0.20882507360844138,2.4016217209245377e-05,42.06987452507019,0.13889139890670776,-0.008481552824378014,0.08333333333333331
2,34,0.2032683269709957,0.664100704382956,0.5563376315942951,25.863826743940052,0.4324622420678442,0.23163846231511176,2.3614929940244155e-05,42.084144115448,0.17657124996185303,-0.020217999815940857,0.08964646464646463
2,35,0.20382462670000231,0.6662921500302741,0.5607832740160408,24.66212316700477,0.4324622420678442,0.23382990796242986,2.320422237183641e-05,41.975533962249756,0.19164936244487762,-0.02753118798136711,0.09595959595959595
2,36,0.19148393910454245,0.6984328866868021,0.5896212008384162,22.70248430726585,0.4324622420678442,0.2659706446189579,2.2784543606718227e-05,41.29845643043518,0.11320795863866806,-0.18683552742004395,0.10227272727272727
2,37,0.1939713921473951,0.6792957078875232,0.5760643571712739,23.5122621402495,0.4324622420678442,0.24683346581967902,2.2356352557457624e-05,41.79167342185974,0.19375082850456238,-0.02778201922774315,0.10858585858585859
2,38,0.18600274637645606,0.708646892299805,0.6053441505278142,17.532504254045694,0.4324622420678442,0.2761846502319608,2.1920117444680317e-05,41.091808795928955,0.14688202738761902,-0.021860554814338684,0.11489898989898988
2,39,0.1788294852084043,0.7258311142396983,0.6191629963509223,16.722060539985396,0.4324622420678442,0.29336887217185403,2.1476315285077393e-05,41.650686502456665,0.16868290305137634,-0.11336585134267807,0.12121212121212119
2,40,0.18862590954011801,0.7006018264680013,0.5901773248743102,20.462234295328724,0.4324622420678442,0.26813958440015706,2.1025431369794546e-05,42.617510080337524,0.22002312541007996,-0.015230118297040462,0.1275252525252525
2,41,0.18198130249368902,0.653716679335554,0.5444909849322761,31.884123109601408,0.4324622420678442,0.22125443726770977,2.056795873377331e-05,41.950541973114014,0.12523271143436432,-0.06605719029903412,0.1338383838383838
2,42,0.1817765397076704,0.638065423336287,0.5418822402313593,21.64280641971298,0.4324622420678442,0.2056031812684428,2.0104397616624646e-05,41.6562077999115,0.22630846500396729,-0.015920449048280716,0.14015151515151514
2,43,0.17531678255419342,0.6702811657540214,0.5645758427333332,17.10939664410713,0.4324622420678442,0.23781892368617719,1.963525491562421e-05,41.57848620414734,0.2629696726799011,0.006307817995548248,0.14646464646464646
2,44,0.1782582341408243,0.7128954461916209,0.60579381826436,18.52139660855962,0.4324622420678442,0.2804332041237767,1.916104363142767e-05,41.20254874229431,0.10317911207675934,-0.03802790492773056,0.15277777777777773
2,45,0.164831887094342,0.6885522306025011,0.5802634570518922,20.79425113788465,0.4324622420678442,0.2560899885346569,1.8682282307111988e-05,48.77588725090027,0.13205134868621826,-0.021105369552969933,0.15909090909090906
2,46,0.17558856749412965,0.703281055088837,0.5945149864975683,19.981146331498277,0.4324622420678442,0.27081881302099275,1.8199494461156203e-05,42.9265410900116,0.3989804685115814,-0.03866570442914963,0.1654040404040404
2,47,0.16696004265425157,0.6984205199081084,0.5979308999751363,16.14415947579934,0.4324622420678442,0.26595827784026416,1.771320801498165e-05,42.79637002944946,0.13271085917949677,-0.046520769596099854,0.1717171717171717
2,48,0.16461971455386706,0.7036402507647858,0.5944701489850318,21.03151698046783,0.4324622420678442,0.27117800869694153,1.722395471567763e-05,41.764166593551636,0.11398430913686752,-0.5784962177276611,0.178030303030303
2,49,0.16510769238277356,0.690504598295873,0.5781033545611817,22.088316823372743,0.4324622420678442,0.25804235622802874,1.6732269554543794e-05,40.98155450820923,0.10635286569595337,-0.07062476873397827,0.18434343434343434
2,50,0.15846840619128577,0.7019529487783185,0.5987698764915245,17.922624900723996,0.4324622420678442,0.26949070671047426,1.623869018208499e-05,42.18566703796387,0.141884446144104,-0.01797831803560257,0.19065656565656566
2,51,0.15730558579065362,0.7002373864662345,0.5950041151037695,18.271788792423852,0.4324622420678442,0.26777514439839023,1.5743756320098334e-05,41.01878380775452,0.1923162192106247,-0.022300949320197105,0.19696969696969693
2,52,0.15666208674713056,0.6910341163888052,0.5864477332982478,18.418176201901083,0.4324622420678442,0.25857187432096096,1.524800917149538e-05,41.884177684783936,0.11721855401992798,-0.03974028304219246,0.2032828282828283
2,53,0.15071932758603776,0.7011202071316048,0.5984270622251459,22.21075224653253,0.4324622420678442,0.2686579650637606,1.4751990828504623e-05,42.7363224029541,0.15575623512268066,-0.016098549589514732,0.20959595959595959
2,54,0.1542720213836553,0.6891762069415208,0.5838368417649331,20.35729816756481,0.4324622420678442,0.2567139648736766,1.4256243679901665e-05,42.36807131767273,0.1461942195892334,-0.04878329485654831,0.21590909090909086
2,55,0.14855726603038458,0.6861487343886419,0.5859582133698509,21.52997724938409,0.4324622420678442,0.25368649232079765,1.3761309817915017e-05,42.51532459259033,0.13662932813167572,-0.02272181585431099,0.2222222222222222
2,56,0.14061481292758668,0.6881081958953841,0.5844491043255929,23.33884408853044,0.4324622420678442,0.25564595382753985,1.3267730445456208e-05,41.947099924087524,0.15065857768058777,-0.011232856661081314,0.2285353535353535
2,57,0.14727294171343044,0.6688916118921473,0.5679847614973236,22.735898631750096,0.4324622420678442,0.23642936982430307,1.277604528432237e-05,41.517467975616455,0.16591185331344604,-0.0372345969080925,0.23484848484848486
2,58,0.14602807202205367,0.682411064736938,0.5744733399215569,20.656922783681285,0.4324622420678442,0.2499488226690938,1.2286791985018356e-05,41.63025140762329,0.16129101812839508,-0.01604558154940605,0.24116161616161613
2,59,0.14565872066483207,0.7059511426866161,0.6004683518717884,20.419118722590316,0.4324622420678442,0.27348890061877185,1.18005055388438e-05,42.29330348968506,0.3478657007217407,-0.021002164110541344,0.24747474747474743
2,60,0.1339720428294065,0.713309493415334,0.6064946225578002,18.764866655775386,0.4324622420678442,0.2808472513474898,1.1317717692888014e-05,49.3872447013855,0.1832430362701416,-0.18387550115585327,0.2537878787878788
2,61,0.13325245404730038,0.7034526024511122,0.6008191736880826,23.298818479010105,0.4324622420678442,0.27099036038326796,1.0838956368572335e-05,42.41773247718811,0.12151002883911133,-0.04600260779261589,0.26010101010101006
2,62,0.13597965453352248,0.696066341568608,0.5928176983712804,21.495643209238548,0.4324622420678442,0.2636040995007638,1.036474508437579e-05,41.16374921798706,0.11612172424793243,-0.05010371655225754,0.26641414141414144
2,63,0.134703484724979,0.705930696766857,0.5981419301644602,23.521972483827234,0.4324622420678442,0.2734684546990128,9.895602383375355e-06,41.88865852355957,0.12904511392116547,-0.01433627586811781,0.2727272727272727
2,64,0.1317868659234777,0.6953464323103062,0.5920172991254278,18.837793218280556,0.4324622420678442,0.262884190242462,9.432041266226686e-06,42.28085708618164,0.12836793065071106,-0.035309597849845886,0.27904040404040403
2,65,0.1336945236793586,0.7007125043450099,0.5939659406083343,23.665725259466036,0.4324622420678442,0.26825026227716564,8.974568630205462e-06,42.95227289199829,0.10897327959537506,-0.2741251587867737,0.28535353535353536
2,66,0.12662277249049167,0.7116051277235169,0.6061481267340991,23.595846988475596,0.4324622420678442,0.2791428856556727,8.523684714922608e-06,41.414422273635864,0.10752703994512558,-0.0991305559873581,0.29166666666666663
2,67,0.12682538776069271,0.7086280931093213,0.6011381167894714,21.941444740700458,0.4324622420678442,0.27616585104147706,8.079882555319685e-06,41.92458987236023,0.1316138654947281,-0.006007327698171139,0.29797979797979796
2,68,0.12093881015874902,0.7043422558918109,0.602021452414248,18.878521880594015,0.4324622420678442,0.27188001382396665,7.643647442542383e-06,40.813215017318726,0.13689784705638885,-0.027819234877824783,0.3042929292929293
2,69,0.12397079017697549,0.7027644469387567,0.5998904524122387,25.37447463502869,0.4324622420678442,0.2703022048709125,7.215456393281777e-06,41.75005626678467,0.17917153239250183,-0.024085817858576775,0.3106060606060606
2,70,0.12324033236625243,0.705087406577896,0.6008646748662029,20.745552322199952,0.4324622420678442,0.2726251645100518,6.795777628163599e-06,41.53418684005737,0.14012986421585083,-0.004707688000053167,0.3169191919191919
2,71,0.11954919210806185,0.7045728455398369,0.6018747459785708,18.892629160698203,0.4324622420678442,0.2721106034719927,6.3850700597558465e-06,42.54427647590637,0.08240943402051926,-0.06231551617383957,0.3232323232323232
2,72,0.12383696702974183,0.7122221736712219,0.6074190486811597,21.92843786249876,0.4324622420678442,0.27975993160337764,5.983782790754624e-06,41.68721270561218,0.13254328072071075,-0.3487023711204529,0.3295454545454546
2,73,0.1261705791159552,0.7102152101655973,0.6042802428182108,23.47886043849984,0.4324622420678442,0.2777529680977531,5.592354622896944e-06,41.93309259414673,0.14887635409832,-0.013385755941271782,0.3358585858585858
2,74,0.11828268022865665,0.7168713971586395,0.6114879778416923,18.99380339927337,0.4324622420678442,0.28440915509079523,5.21121357713747e-06,42.08289456367493,0.14153608679771423,-0.030628394335508347,0.3421717171717171
2,75,0.11477570410589782,0.7100561863952017,0.6054608687539352,18.999226896690313,0.4324622420678442,0.2775939443273575,4.840776425613887e-06,48.631797075271606,0.12151092290878296,-0.04172638803720474,0.3484848484848485
2,76,0.11294914455134042,0.704925584691397,0.601669701732867,18.97814534338669,0.4324622420678442,0.27246334262355276,4.481448235912671e-06,42.87306046485901,0.14263051748275757,-0.05208064243197441,0.3547979797979797
2,77,0.11293924219754277,0.7077918295773001,0.6019385187317149,19.015194912274524,0.4324622420678442,0.2753295875094559,4.133621928133666e-06,41.26374816894531,0.15727269649505615,-0.010275783017277718,0.36111111111111105
2,78,0.10933416838548621,0.7013414376417452,0.5962803350475306,21.880098098444012,0.4324622420678442,0.26887919557390094,3.7976778452376966e-06,42.38809561729431,0.13973316550254822,-0.026592275127768517,0.36742424242424243
2,79,0.1120605147158613,0.6973788694470024,0.5936686509560036,20.923502758047924,0.4324622420678442,0.2649166273791582,3.473983337147118e-06,41.62142992019653,0.15739230811595917,-0.0064963786862790585,0.37373737373737376
2,80,0.10911650096579474,0.6996956088237027,0.5947151389714159,25.54691544891636,0.4324622420678442,0.2672333667558585,3.162892359054098e-06,41.587291955947876,0.10096665471792221,-0.04499412700533867,0.38005050505050497
2,81,0.10558561212858375,0.6996652003819327,0.5918777729139375,25.715081753099973,0.4324622420678442,0.26720295831408847,2.86474508437579e-06,41.62539768218994,0.12654487788677216,-0.013959523290395737,0.38636363636363635
2,82,0.10611905712558299,0.6986210520687786,0.5938075634689571,25.5401020766362,0.4324622420678442,0.26615881000093433,2.5798675327796994e-06,41.12428832054138,0.10717552155256271,-0.04839954525232315,0.3926767676767677
2,83,0.1017822584479439,0.6963832211447064,0.5915930545748094,25.535832549006358,0.4324622420678442,0.2639209790768622,2.308571213685967e-06,41.6117684841156,0.14860974252223969,-0.03042508289217949,0.3989898989898989
2,84,0.1051280883958145,0.7009271631847126,0.5961423291015976,23.747518725802788,0.4324622420678442,0.26846492111686837,2.0511527856363916e-06,42.02715539932251,0.08389563858509064,-0.08436112850904465,0.4053030303030303
2,85,0.10190987252459234,0.7040872188451751,0.5990826148100162,21.91380456363283,0.4324622420678442,0.2716249767773309,1.8078937319026655e-06,42.095415353775024,0.09243148565292358,-0.04927113279700279,0.4116161616161616
2,86,0.10171817524396644,0.7053737944694054,0.5986658738915303,21.923786968351276,0.4324622420678442,0.2729115524015612,1.579060052688548e-06,42.37962603569031,0.10107114166021347,-0.047685425728559494,0.417929292929293
2,87,0.101512503259036,0.7059450038344792,0.600158240060496,21.86253832950274,0.4324622420678442,0.273482761766635,1.3649019742625624e-06,41.51656126976013,0.14499548077583313,-0.0186923835426569,0.4242424242424242
2,88,0.10201599562958795,0.7047129387456469,0.6005839789621401,23.645433545542133,0.4324622420678442,0.27225069667780266,1.1656536753392288e-06,41.48613667488098,0.09461366385221481,-0.04486154764890671,0.4305555555555555
2,89,0.09880608974062667,0.7041490985991437,0.599039138595183,21.920484994840805,0.4324622420678442,0.2716868565312994,9.815330310080889e-07,42.14956307411194,0.12728169560432434,-0.010627135634422302,0.4368686868686869
2,90,0.09852408191987447,0.700621580207186,0.5966479831187621,21.861867572705226,0.4324622420678442,0.2681593381393418,8.127413744904805e-07,49.35446047782898,0.08060318976640701,-0.12224091589450836,0.4431818181818181
2,91,0.09870806374416059,0.702585362129785,0.5979176093805808,21.869558962265884,0.4324622420678442,0.2701231200619407,6.594632769846353e-07,42.80757546424866,0.09810474514961243,-0.02570590004324913,0.44949494949494945
2,92,0.09876164322604938,0.7012776495488054,0.5974638838689503,21.834657055610762,0.4324622420678442,0.2688154074809612,5.218663458397716e-07,42.35057997703552,0.11208990216255188,-0.05865222215652466,0.45580808080808083
2,93,0.09874808324538932,0.7002613092142398,0.5972417559635966,22.84192249423098,0.4324622420678442,0.26779906714639556,4.0010104127991385e-07,42.52427840232849,0.13056282699108124,-0.04308433458209038,0.46212121212121215
2,94,0.1006741009044404,0.6996866885792768,0.5963528445596917,23.65828075033299,0.4324622420678442,0.2672244465114326,2.943005118778597e-07,41.469146966934204,0.11997862905263901,-0.05468853935599327,0.46843434343434337
2,95,0.0984945968553728,0.6998205914764498,0.5964577125777811,23.686156265894073,0.4324622420678442,0.2673583494086056,2.0458044895916516e-07,41.950154542922974,0.22230637073516846,-0.08029025793075562,0.47474747474747475
2,96,0.09470811843567965,0.6995797078057543,0.5960719263683194,23.708929886003933,0.4324622420678442,0.26711746573791006,1.3103896009537207e-07,42.44046664237976,0.094546377658844,-0.029131878167390823,0.4810606060606061
2,97,0.09752634639034466,0.6997505874243981,0.5962058796188984,23.011518524619305,0.4324622420678442,0.2672883453565539,7.375646182482875e-08,42.116010904312134,0.12223288416862488,-0.013655091635882854,0.4873737373737373
2,98,0.09631624528948142,0.699572060614136,0.5960409028317389,22.997341725038506,0.4324622420678442,0.2671098185462918,3.279559171838198e-08,41.68730616569519,0.1453450322151184,-0.015691468492150307,0.4936868686868687
2,99,0.09618346811253198,0.699673557720002,0.5960744880508572,22.980674128279496,0.4324622420678442,0.2672113156521577,8.201139886109265e-09,41.69602870941162,0.09551925957202911,-0.047532252967357635,0.5
3,0,0.684636232804279,0.4798788595517691,0.3382449829910826,57.85821771619525,0.41153481387066854,0.06834404568110058,6e-06,19.397881746292114,0.645796537399292,0.0,0.0
3,1,0.5950153433546728,0.559586159832627,0.41690015994067475,55.7633916698036,0.41153481387066854,0.1480513459619585,1.2e-05,20.5383722782135,0.6630271673202515,0.0,0.0
3,2,0.5803459402249784,0.523930195177687,0.375476756705689,39.95403669968604,0.41153481387066854,0.11239538130701848,1.8e-05,20.07995843887329,0.5574795603752136,0.0,0.0
3,3,0.5735120980107055,0.5606607448265605,0.414358451789192,58.09830106621894,0.41153481387066854,0.14912593095589194,2.4e-05,36.45761752128601,0.6017013788223267,0.0,0.0
3,4,0.4887028853504025,0.6406464401874182,0.49325333079088435,33.69027678612988,0.41153481387066854,0.2291116263167497,3.0000000000000004e-05,36.80618357658386,0.43661394715309143,0.0,0.0
3,5,0.4580152396644865,0.7117272129308175,0.574563652710494,15.750826990212714,0.41153481387066854,0.300192399060149,3e-05,37.18751883506775,0.2391483634710312,0.0,0.0
3,6,0.3963879152220123,0.6796667144338304,0.5432063085219442,15.223463718199538,0.41153481387066854,0.2681319005631619,2.999179886011389e-05,37.08067274093628,0.4679032564163208,0.0,0.0
3,7,0.3835630395582744,0.6859417506670026,0.5514594868416443,25.47825870606817,0.41153481387066854,0.27440693679633404,2.9967204408281618e-05,35.628178119659424,0.38100314140319824,0.0,0.0
3,8,0.38060651476285895,0.6536616646767315,0.5282926723346657,30.50115547599815,0.41153481387066854,0.24212685080606294,2.9926243538175172e-05,36.870808839797974,0.4100342392921448,0.0,0.0
3,9,0.3428051699789203,0.6754623263944372,0.538152768228863,20.18126453707273,0.41153481387066854,0.2639275125237686,2.9868961039904628e-05,35.513925075531006,0.3548244833946228,0.0,0.0
3,10,0.34331319131413285,0.7186314561632176,0.6021732165440682,17.878670956513123,0.41153481387066854,0.307096642292549,2.9795419551040836e-05,36.06755518913269,0.3983825147151947,0.0,0.0
3,11,0.3436538227358643,0.6852589011048528,0.55217110457042,25.209322131164082,0.41153481387066854,0.27372408723418423,2.970569948812214e-05,37.04602861404419,0.16956254839897156,0.0,0.0
3,12,0.3264350930646974,0.6823687751658224,0.5591165670714603,22.94447129448849,0.41153481387066854,0.27083396129515386,2.9599898958720088e-05,35.9102041721344,0.19163696467876434,0.0,0.0
3,13,0.315252882485487,0.7291477836086475,0.606055920795161,18.552478252033158,0.41153481387066854,0.317612969737979,2.947813365416023e-05,35.136038303375244,0.2104092538356781,0.0,0.0
3,14,0.2921890576883238,0.7120766865678784,0.5989188821356524,14.70726408603422,0.41153481387066854,0.30054187269720983,2.9340536723015367e-05,35.862279653549194,0.5501019954681396,0.0,0.0
3,15,0.27994853835933065,0.6694591919525125,0.5575990967224368,21.681493289068868,0.41153481387066854,0.25792437808184393,2.9187258625509518e-05,36.238525390625,0.35395359992980957,0.0,0.0
3,16,0.298384715099724,0.7443471921922137,0.623663052542888,18.624290627168342,0.41153481387066854,0.33281237832154514,2.9018466968991913e-05,34.885658502578735,0.14556613564491272,0.0,0.0
3,17,0.29525264306944243,0.707232697480889,0.5871911223264504,18.711100458885813,0.41153481387066854,0.2956978836102205,2.883434632466077e-05,36.524494647979736,0.32368552684783936,0.0,0.0
3,18,0.28459558225407894,0.677180984900418,0.572177365967002,22.008512723778416,0.41153481387066854,0.26564617102974947,2.863509802573744e-05,35.421279191970825,0.16841602325439453,0.0,0.0
3,19,0.2798502773654704,0.6977076882508979,0.5818811517048895,21.006462573868465,0.41153481387066854,0.28617287438022937,2.8420939947311454e-05,34.92389941215515,0.28747445344924927,0.0,0.0
3,20,0.27245190922094853,0.6986116755458598,0.5817393745917797,23.664182017226427,0.41153481387066854,0.28707686167519125,2.8192106268097336e-05,42.114181995391846,0.41743749380111694,-0.005704428069293499,0.0012626262626262534
3,21,0.2604358798387099,0.6972740806310836,0.5746661138361234,29.562576940865156,0.41153481387066854,0.2857392667604151,2.794884721436361e-05,42.38865375518799,0.28997406363487244,0.00769899133592844,0.0075757575757575725
3,22,0.26869241726033544,0.7513398603536521,0.625880500516543,17.683098408601666,0.41153481387066854,0.33980504648298354,2.769142878631403e-05,41.56851840019226,0.2689010202884674,0.0013486399548128247,0.013888888888888874
3,23,0.2551703317737093,0.7082612460503178,0.5915793347972168,22.885023860213508,0.41153481387066854,0.2967264321796493,2.74201324672203e-05,43.33703875541687,0.4499518871307373,0.005142177455127239,0.020202020202020193
3,24,0.2650045186889415,0.7441572046854744,0.627735294339426,15.596475961273825,0.41153481387066854,0.3326223908148059,2.7135254915624213e-05,43.1519718170166,0.16412457823753357,-0.03781318664550781,0.026515151515151512
3,25,0.24641431396713062,0.6873800410281291,0.5690942238054485,20.89545095151978,0.41153481387066854,0.27584522715746057,2.6837107640945904e-05,43.425031900405884,0.16800156235694885,-0.03980201482772827,0.03282828282828283
3,26,0.24099624248183504,0.7162817586692185,0.594813536356952,18.905569816189043,0.41153481387066854,0.30474694479854997,2.6526016662852887e-05,42.5221152305603,0.2205905318260193,-0.02304127812385559,0.03914141414141415
3,27,0.24504482502840003,0.7373821338229511,0.6209070089787969,18.340924840406757,0.41153481387066854,0.3258473199522826,2.620232215476231e-05,41.986090898513794,0.2684316635131836,-0.018528513610363007,0.045454545454545435
3,28,0.2323965249317033,0.7606784881671803,0.6417745598712129,18.82239720885037,0.41153481387066854,0.3491436742965118,2.5866378071866338e-05,41.91882133483887,0.15931707620620728,-0.09574948996305466,0.051767676767676754
3,29,0.2359542743283875,0.7692230962089887,0.6532386053100961,16.182080640130916,0.41153481387066854,0.3576882823383201,2.5518551764087326e-05,43.139978885650635,0.4203294515609741,-0.0683976262807846,0.05808080808080807
3,30,0.22656931135119224,0.6997788030668118,0.5929158105800921,17.727986680497203,0.41153481387066854,0.2882439891961433,2.5159223574386117e-05,49.41995549201965,0.2541957199573517,-0.06827755272388458,0.06439393939393939
3,31,0.22268901522062262,0.7384682127109707,0.6239847471177573,19.095755815251866,0.41153481387066854,0.3269333988403022,2.478878642286253e-05,44.90717911720276,0.3282861113548279,-0.1380683183670044,0.0707070707070707
3,32,0.22358816512385193,0.7415771533927428,0.6272381502798395,16.97517926767622,0.41153481387066854,0.33004233952207424,2.4407645377103056e-05,42.40274739265442,0.20289209485054016,-0.01303914189338684,0.07702020202020203
3,33,0.21583980717221085,0.7607522669561385,0.6485238747582235,16.88601668446665,0.41153481387066854,0.34921745308547,2.4016217209245377e-05,42.07341241836548,0.15569885075092316,-0.027464715763926506,0.08333333333333331
3,34,0.2201161973026334,0.7498756569923873,0.6303080541793588,15.556678125946897,0.41153481387066854,0.3383408431217188,2.3614929940244155e-05,42.68076038360596,0.17233091592788696,-0.05253070592880249,0.08964646464646463
3,35,0.21097873592255068,0.7222371651865848,0.6108228867034486,20.405544138799005,0.41153481387066854,0.3107023513159162,2.320422237183641e-05,41.59376835823059,0.18970522284507751,-0.021385492756962776,0.09595959595959595
3,36,0.20546968722221803,0.7644693247106723,0.6450504049889701,17.71603264481892,0.41153481387066854,0.35293451084000377,2.2784543606718227e-05,41.92384147644043,0.37803518772125244,8.778553456068039e-05,0.10227272727272727
3,37,0.21099966886092206,0.7682590416203509,0.6493190672931114,19.334653445843546,0.41153481387066854,0.3567242277496823,2.2356352557457624e-05,42.19297218322754,0.17245040833950043,-0.006445073988288641,0.10858585858585859
3,38,0.20518749298489825,0.6823917862773703,0.571418697366494,17.59300376714362,0.41153481387066854,0.27085697240670176,2.1920117444680317e-05,41.87522292137146,0.16025611758232117,-0.030246060341596603,0.11489898989898988
3,39,0.2154579439333507,0.7574634574263245,0.6378850873962136,19.243516382685396,0.41153481387066854,0.34592864355565595,2.1476315285077393e-05,42.52264380455017,0.20422261953353882,-0.04329530522227287,0.12121212121212119
3,40,0.20449309864518594,0.7569255880538496,0.6462354580468959,18.579820417809852,0.41153481387066854,0.34539077418318104,2.1025431369794546e-05,41.96733832359314,0.12400415539741516,-0.09993258118629456,0.1275252525252525
3,41,0.192998218597198,0.7511777394544392,0.6435369815874677,17.15743021583632,0.41153481387066854,0.3396429255837707,2.056795873377331e-05,41.65869879722595,0.1914607584476471,-0.018950119614601135,0.1338383838383838
3,42,0.19884278686070928,0.7037030965163803,0.6004238432220319,20.015312833853404,0.41153481387066854,0.29216828264571176,2.0104397616624646e-05,42.186285972595215,0.2367715686559677,-0.015498538501560688,0.14015151515151514
3,43,0.18229945749044418,0.7084756111523483,0.5960801603806797,19.492890813106815,0.41153481387066854,0.2969407972816797,1.963525491562421e-05,42.08816170692444,0.14958244562149048,-0.05169539898633957,0.14646464646464646
3,44,0.1811374138508524,0.7417483731089803,0.6340996445947337,16.54651300533062,0.41153481387066854,0.3302135592383118,1.916104363142767e-05,41.983181953430176,0.16844286024570465,-0.16349774599075317,0.15277777777777773
3,45,0.18064254096576146,0.7574429242544181,0.6445892315873123,16.397062206477205,0.41153481387066854,0.3459081103837495,1.8682282307111988e-05,49.112794399261475,0.10092911869287491,-0.05356989800930023,0.15909090909090906
3,46,0.18301781783906781,0.768801329828927,0.6547028376654715,16.559835098769394,0.41153481387066854,0.3572665159582585,1.8199494461156203e-05,43.59483003616333,0.18566212058067322,-0.07726279646158218,0.1654040404040404
3,47,0.18676217774651488,0.7060061495140199,0.5985447851846318,19.036874875391376,0.41153481387066854,0.2944713356433513,1.771320801498165e-05,42.45706224441528,0.1269361674785614,-0.49689042568206787,0.1717171717171717
3,48,0.17358797864646328,0.6991794722232832,0.6015281110164966,19.95708727810216,0.41153481387066854,0.2876446583526147,1.722395471567763e-05,42.20647573471069,0.13195158541202545,-0.08788998425006866,0.178030303030303
3,49,0.16706510861309207,0.7202563782922882,0.6126676689903832,17.346510234907832,0.41153481387066854,0.30872156442161963,1.6732269554543794e-05,42.775169134140015,0.146774560213089,-0.05839945748448372,0.18434343434343434
3,50,0.16910981843057943,0.7255493454214333,0.6173972624011353,17.013828784476328,0.41153481387066854,0.3140145315507648,1.623869018208499e-05,43.72030544281006,0.11066503822803497,-0.0314021036028862,0.19065656565656566
3,51,0.16141093218204927,0.7207943941715763,0.6131336005762469,18.285695365049932,0.41153481387066854,0.3092595803009078,1.5743756320098334e-05,41.46854496002197,0.13091209530830383,-0.05090053379535675,0.19696969696969693
3,52,0.16196258077207876,0.7329764863293547,0.620927557581011,18.621730777140435,0.41153481387066854,0.3214416724586862,1.524800917149538e-05,42.32373905181885,0.15865197777748108,-0.02086102031171322,0.2032828282828283
3,53,0.16252091146853506,0.7590700715829186,0.6427265954008723,19.359169881823004,0.41153481387066854,0.3475352577122501,1.4751990828504623e-05,42.345069885253906,0.1379140317440033,-0.0400705561041832,0.20959595959595959
3,54,0.16291266269221596,0.7069497198223452,0.5979890038440051,20.99425592678115,0.41153481387066854,0.2954149059516767,1.4256243679901665e-05,43.11914849281311,0.2939317524433136,-0.010121018625795841,0.21590909090909086
3,55,0.16569938465040557,0.7041112346736744,0.5941741400547719,19.770300376610546,0.41153481387066854,0.2925764208030059,1.3761309817915017e-05,42.608930826187134,0.14559262990951538,-0.04672053083777428,0.2222222222222222
3,56,0.158978493466061,0.7215251883368298,0.6082204857129708,21.12486173014314,0.41153481387066854,0.30999037446616123,1.3267730445456208e-05,42.257944107055664,0.1251312494277954,-0.12209115922451019,0.2285353535353535
3,57,0.15517870184718346,0.7136574199863869,0.6060704526707484,17.53424081088873,0.41153481387066854,0.30212260611571834,1.277604528432237e-05,43.46782112121582,0.3233075737953186,-0.014771562069654465,0.23484848484848486
3,58,0.1535911630763083,0.7569566845555725,0.6445446189320879,17.521474466456223,0.41153481387066854,0.345421870684904,1.2286791985018356e-05,42.91067814826965,0.21801742911338806,-0.02928982488811016,0.24116161616161613
3,59,0.15368773210413603,0.7372787748960471,0.6277309722645668,17.916456183619086,0.41153481387066854,0.32574396102537856,1.18005055388438e-05,42.7441291809082,0.1506384313106537,-0.03967690095305443,0.24747474747474743
3,60,0.14752914216749521,0.7555024199395063,0.6476620485575187,16.821802610485694,0.41153481387066854,0.34396760606883775,1.1317717692888014e-05,49.88367557525635,0.12573984265327454,-0.09228894114494324,0.2537878787878788
3,61,0.1539587271304763,0.72746800403753,0.6206420403041876,16.56604787062676,0.41153481387066854,0.31593319016686144,1.0838956368572335e-05,43.527666330337524,0.18142661452293396,-0.01665056310594082,0.26010101010101006
3,62,0.15279550424643926,0.7396308273563491,0.6316989502666397,16.841075953298173,0.41153481387066854,0.32809601348568057,1.036474508437579e-05,43.012020111083984,0.18556061387062073,-0.02457430586218834,0.26641414141414144
3,63,0.14497678217535115,0.7349022489600591,0.6228776602533833,18.70890044562286,0.41153481387066854,0.32336743508939053,9.895602383375355e-06,42.286625385284424,0.0990307480096817,-0.616984486579895,0.2727272727272727
3,64,0.14687693742465,0.7418343743931549,0.6283637558121936,19.423558455300252,0.41153481387066854,0.3302995605224864,9.432041266226686e-06,41.495221853256226,0.13438279926776886,-0.02365950495004654,0.27904040404040403
3,65,0.142630329013479,0.7110812072634353,0.6062587034902395,17.850510578308047,0.41153481387066854,0.29954639339276673,8.974568630205462e-06,42.29940319061279,0.11599477380514145,-0.05866391956806183,0.28535353535353536
3,66,0.13969147144531718,0.7341418840027751,0.6261743539566563,22.27771389069591,0.41153481387066854,0.3226070701321066,8.523684714922608e-06,42.23798394203186,0.12485760450363159,-0.08009933680295944,0.29166666666666663
3,67,0.13524871616035092,0.7249599416427754,0.6182499259804283,20.33155652682652,0.41153481387066854,0.3134251277721069,8.079882555319685e-06,42.43895411491394,0.32943594455718994,-0.03549882397055626,0.29797979797979796
3,68,0.13736583345702716,0.7386630384206728,0.6319439287790373,20.078611045673863,0.41153481387066854,0.3271282245500043,7.643647442542383e-06,42.47880268096924,0.11644850671291351,-0.04354335367679596,0.3042929292929293
3,69,0.13585304096341133,0.7337974726423795,0.6253042602276472,20.624556535614126,0.41153481387066854,0.32226265877171095,7.215456393281777e-06,41.96275067329407,0.16721957921981812,-0.030083414167165756,0.3106060606060606
3,70,0.13251443146442882,0.7489682797226215,0.6383130088701822,18.953523150365868,0.41153481387066854,0.33743346585195294,6.795777628163599e-06,42.25753879547119,0.16770780086517334,-0.174058198928833,0.3169191919191919
3,71,0.1309397129379973,0.702364958217275,0.5999430195403633,16.877854655528292,0.41153481387066854,0.2908301443466064,6.3850700597558465e-06,41.96362781524658,0.10228265821933746,-0.07681477069854736,0.3232323232323232
3,72,0.13282556261639206,0.7339860760287508,0.6265736914777033,16.656584070244126,0.41153481387066854,0.32245126215808223,5.983782790754624e-06,41.47076416015625,0.10575063526630402,-0.05110768973827362,0.3295454545454546
3,73,0.12783167085477284,0.7254084962547612,0.619433519250344,18.138010380009273,0.41153481387066854,0.3138736823840927,5.592354622896944e-06,42.36137366294861,0.20558303594589233,-0.06310652196407318,0.3358585858585858
3,74,0.12326462133502473,0.720731120498423,0.6145233421666056,18.806365591819212,0.41153481387066854,0.3091963066277545,5.21121357713747e-06,41.37534475326538,0.10118009150028229,-0.06559090316295624,0.3421717171717171
3,75,0.12549095357559165,0.7200217555262097,0.6132232594630412,17.851152305809276,0.41153481387066854,0.3084869416555412,4.840776425613887e-06,48.3477566242218,0.14077696204185486,-0.06501024216413498,0.3484848484848485
3,76,0.12129559687205724,0.729439435096272,0.6193285306709577,19.005995649501745,0.41153481387066854,0.3179046212256034,4.481448235912671e-06,42.47396492958069,0.17380210757255554,-0.025774702429771423,0.3547979797979797
3,77,0.1265787736949872,0.7226793459729998,0.614242331572743,18.05236160392467,0.41153481387066854,0.31114453210233123,4.133621928133666e-06,41.62562441825867,0.1473773717880249,-0.01495843380689621,0.36111111111111105
3,78,0.1211226042740199,0.7137295316372837,0.6067570886775001,20.735473110096752,0.41153481387066854,0.30219471776661516,3.7976778452376966e-06,42.530341148376465,0.14545682072639465,-0.05722483992576599,0.36742424242424243
3,79,0.11999587106461428,0.7158185445797822,0.6105246509178285,22.259858274407463,0.41153481387066854,0.3042837307091137,3.473983337147118e-06,42.684162616729736,0.09937042742967606,-0.0562591627240181,0.37373737373737376
3,80,0.12198968300101709,0.7139581478513785,0.6071391404896435,21.98553099624652,0.41153481387066854,0.3024233339807099,3.162892359054098e-06,41.96091151237488,0.15373347699642181,-0.017568698152899742,0.38005050505050497
3,81,0.11763817604099001,0.712158985730411,0.6061890834506939,22.442279675582537,0.41153481387066854,0.3006241718597425,2.86474508437579e-06,43.522828340530396,0.09086930751800537,-0.13519036769866943,0.38636363636363635
3,82,0.11621054033843839,0.7072318266982672,0.6032483238616438,19.996012232066203,0.41153481387066854,0.2956970128275987,2.5798675327796994e-06,43.00582695007324,0.10491304099559784,-0.01951368898153305,0.3926767676767677
3,83,0.11694912247511806,0.7162632865805483,0.6104412951165327,22.691395152389475,0.41153481387066854,0.30472847270987974,2.308571213685967e-06,43.75139141082764,0.1357405185699463,-0.018628086894750595,0.3989898989898989
3,84,0.11427419959586493,0.7103858773373566,0.6047419975497594,22.434535344275044,0.41153481387066854,0.29885106346668805,2.0511527856363916e-06,43.190040826797485,0.16220775246620178,-0.04499541595578194,0.4053030303030303
3,85,0.11398601569995588,0.7105430202784988,0.6057940292784523,22.233539729591826,0.41153481387066854,0.29900820640783027,1.8078937319026655e-06,42.505857944488525,0.13862426578998566,-0.015047742985188961,0.4116161616161616
3,86,0.11581552659674567,0.7120126187889442,0.6061104254672908,21.598742484769303,0.41153481387066854,0.30047780491827564,1.579060052688548e-06,43.54236340522766,0.1227903664112091,-0.01839398592710495,0.417929292929293
3,87,0.11546010007055438,0.7090030397405553,0.6029223298281614,22.485881294008802,0.41153481387066854,0.2974682258698868,1.3649019742625624e-06,43.14219570159912,0.13369667530059814,-0.012670731171965599,0.4242424242424242
3,88,0.10913991335095191,0.7086309921275804,0.6040806194217495,21.814251296937073,0.41153481387066854,0.29709617825691187,1.1656536753392288e-06,43.22533583641052,0.10365231335163116,-0.5512257814407349,0.4305555555555555
3,89,0.11187970957585744,0.7087821435631848,0.604071395974476,21.692457429995546,0.41153481387066854,0.29724732969251627,9.815330310080889e-07,42.8366162776947,0.16362576186656952,-0.0027940799482166767,0.4368686868686869
3,90,0.11108501019830606,0.7064721751302164,0.6022651551145509,21.928004558288517,0.41153481387066854,0.2949373612595479,8.127413744904805e-07,50.67032527923584,0.33433812856674194,-0.03362474590539932,0.4431818181818181
3,91,0.1076909151612496,0.7083195691166059,0.6034183323730877,22.174699019149813,0.41153481387066854,0.29678475524593734,6.594632769846353e-07,44.71886348724365,0.14023888111114502,-0.01212635263800621,0.44949494949494945
3,92,0.10972561626409998,0.7095567034894792,0.6045942449117905,21.781814906614247,0.41153481387066854,0.29802188961881065,5.218663458397716e-07,42.67553424835205,0.07059947401285172,-0.4175128936767578,0.45580808080808083
3,93,0.10898796780681123,0.708060031418911,0.6034058383131763,21.740462609465016,0.41153481387066854,0.2965252175482425,4.0010104127991385e-07,42.24798798561096,0.09794275462627411,-0.011619728058576584,0.46212121212121215
3,94,0.10767409699607869,0.7088431581171203,0.6040760233349823,21.724801928572997,0.41153481387066854,0.29730834424645175,2.943005118778597e-07,41.62388300895691,0.12314803898334503,-0.049432359635829926,0.46843434343434337
3,95,0.10915665404528987,0.7086113173802037,0.6038498643792805,21.73331379110763,0.41153481387066854,0.29707650350953513,2.0458044895916516e-07,42.67587161064148,0.10813625156879425,-0.1468357890844345,0.47474747474747475
3,96,0.10748469799148794,0.7079783300485284,0.6032560109386951,21.72712032484493,0.41153481387066854,0.29644351617785986,1.3103896009537207e-07,41.859755754470825,0.12015526741743088,-0.031010538339614868,0.4810606060606061
3,97,0.10611384111095448,0.7080626435995069,0.603337596068429,21.8104697110986,0.41153481387066854,0.29652782972883834,7.375646182482875e-08,42.797351121902466,0.10867038369178772,-0.4262038469314575,0.4873737373737373
3,98,0.10460882071329623,0.7081966372258824,0.6034595300216453,21.736388556998275,0.41153481387066854,0.2966618233552139,3.279559171838198e-08,41.75493574142456,0.12042434513568878,-0.021332629024982452,0.4936868686868687
3,99,0.1056828177248945,0.7081440709196393,0.603394550616605,21.81048049215733,0.41153481387066854,0.29660925704897073,8.201139886109265e-09,43.06558108329773,0.13183629512786865,-0.04031785577535629,0.5
4,0,0.6873374611747508,0.5094943760945395,0.3744099092234628,54.747699051831994,0.37905462830833797,0.13043974778620154,6e-06,20.397825241088867,0.5587567090988159,0.0,0.0
4,1,0.5773829544077114,0.5378311366007477,0.4042011271516239,64.96552333732342,0.37905462830833797,0.1587765082924097,1.2e-05,21.119264125823975,0.6651663780212402,0.0,0.0
4,2,0.5997053694968321,0.5312548972035497,0.41076901931131876,52.65495249224576,0.37905462830833797,0.1522002688952117,1.8e-05,19.832218408584595,0.7722567319869995,0.0,0.0
4,3,0.5670912679360838,0.597872821320813,0.46205781403629004,33.44803797793649,0.37905462830833797,0.21881819301247502,2.4e-05,35.670281648635864,0.5388084650039673,0.0,0.0
4,4,0.4929552193807096,0.5556551684119727,0.43621057883064934,40.859596697577246,0.37905462830833797,0.17660054010363474,3.0000000000000004e-05,36.70461916923523,0.4192778468132019,0.0,0.0
4,5,0.4382439030676472,0.5681708777575183,0.45434453551882514,17.27485239736017,0.37905462830833797,0.18911624944918032,3e-05,35.82874512672424,0.45173704624176025,0.0,0.0
4,6,0.4396469696443908,0.6224003228233107,0.5012998702957562,29.352666791924886,0.37905462830833797,0.24334569451497273,2.999179886011389e-05,35.65894889831543,0.438249796628952,0.0,0.0
4,7,0.38428746893697857,0.6892308995422448,0.5779878191852964,20.352865929212424,0.37905462830833797,0.31017627123390684,2.9967204408281618e-05,36.72258758544922,0.3166150450706482,0.0,0.0
4,8,0.3686048707791737,0.6824060815217688,0.5666667897576977,25.185038126627013,0.37905462830833797,0.3033514532134309,2.9926243538175172e-05,36.257827043533325,0.23032285273075104,0.0,0.0
4,9,0.34255273883440057,0.6205542322568651,0.5032800655906798,35.621003879686434,0.37905462830833797,0.24149960394852715,2.9868961039904628e-05,35.746349811553955,0.2667559087276459,0.0,0.0
4,10,0.3346626974490224,0.6486747522479325,0.5362133454859263,41.318842767269416,0.37905462830833797,0.2696201239395945,2.9795419551040836e-05,35.024742603302,0.41216567158699036,0.0,0.0
4,11,0.334924545519206,0.675383842544067,0.5633508942703305,33.95204886641532,0.37905462830833797,0.29632921423572905,2.970569948812214e-05,35.92018532752991,0.17222914099693298,0.0,0.0
4,12,0.31431034024880855,0.6598711102291203,0.5616880191395751,26.728477397859,0.37905462830833797,0.2808164819207823,2.9599898958720088e-05,35.522674560546875,0.22890794277191162,0.0,0.0
4,13,0.32170698563663325,0.6925201286019509,0.5909895870339416,28.79724840542084,0.37905462830833797,0.3134655002936129,2.947813365416023e-05,35.10445833206177,0.33061909675598145,0.0,0.0
4,14,0.2980793045491588,0.6527898945105796,0.5434972874924165,27.42310839176662,0.37905462830833797,0.2737352662022416,2.9340536723015367e-05,36.81978726387024,0.5892347693443298,0.0,0.0
4,15,0.2846695467525599,0.6899372362748585,0.5830058070329459,21.99309296531593,0.37905462830833797,0.3108826079665205,2.9187258625509518e-05,36.639670848846436,0.30148059129714966,0.0,0.0
4,16,0.27905129321983885,0.6425570014867921,0.5344572783334894,34.1729641077706,0.37905462830833797,0.2635023731784541,2.9018466968991913e-05,35.76739430427551,0.29925987124443054,0.0,0.0
4,17,0.26936908948178195,0.7007361678570306,0.5912671868367047,20.524223911997723,0.37905462830833797,0.32168153954869266,2.883434632466077e-05,35.28630542755127,0.2696404755115509,0.0,0.0
4,18,0.28115870818799854,0.6712263589808919,0.5717316582710711,27.991315614830373,0.37905462830833797,0.2921717306725539,2.863509802573744e-05,36.45079708099365,0.21973055601119995,0.0,0.0
4,19,0.27791330522420454,0.6460328005758681,0.5416320549672302,18.48643117014682,0.37905462830833797,0.2669781722675301,2.8420939947311454e-05,35.473801136016846,0.35504022240638733,0.0,0.0
4,20,0.2600571795993922,0.6605965835468347,0.5538833413439472,31.23882979521743,0.37905462830833797,0.28154195523849673,2.8192106268097336e-05,41.65899443626404,0.2525823414325714,-0.0243911761790514,0.0012626262626262534
4,21,0.2534544401022853,0.7034213998517966,0.5901867601279218,21.84480237377652,0.37905462830833797,0.32436677154345867,2.794884721436361e-05,42.51703357696533,0.29714685678482056,0.0019449625397101045,0.0075757575757575725
4,22,0.24990674701272225,0.7243161038926417,0.6243490419707712,20.095582024988133,0.37905462830833797,0.3452614755843037,2.769142878631403e-05,42.64798378944397,0.2402137666940689,-0.011786200106143951,0.013888888888888874
4,23,0.25177639023381837,0.6765781829779122,0.5771521282221355,26.15414522499563,0.37905462830833797,0.2975235546695742,2.74201324672203e-05,43.50141787528992,0.19387413561344147,-0.01503472775220871,0.020202020202020193
4,24,0.2514724676706353,0.6722105887153615,0.5622458335673682,33.5973616754118,0.37905462830833797,0.2931559604070236,2.7135254915624213e-05,41.9762544631958,0.15555794537067413,-0.03666653484106064,0.026515151515151512
4,25,0.23342545360934977,0.6950342722762463,0.5877670591379861,28.326407197965118,0.37905462830833797,0.3159796439679083,2.6837107640945904e-05,42.80382966995239,0.16130338609218597,-0.040126506239175797,0.03282828282828283
4,26,0.2315759394241839,0.6847103872472499,0.5851647238328442,26.560096926749825,0.37905462830833797,0.3056557589389119,2.6526016662852887e-05,43.20396971702576,0.2399323731660843,-0.017710909247398376,0.03914141414141415
4,27,0.23199990604604995,0.6675364808256822,0.5648875398845784,27.237291812416448,0.37905462830833797,0.2884818525173442,2.620232215476231e-05,43.50892400741577,0.26514101028442383,-0.015227816998958588,0.045454545454545435
4,28,0.2153557079787157,0.7395884443077154,0.6413427994825014,19.054993389855518,0.37905462830833797,0.36053381599937745,2.5866378071866338e-05,42.303566217422485,0.1529480218887329,-0.0948060005903244,0.051767676767676754
4,29,0.21693351651941026,0.6954398786897283,0.5839707038965495,22.659331279993424,0.37905462830833797,0.31638525038139037,2.5518551764087326e-05,43.535372495651245,0.19628441333770752,-0.07843347638845444,0.05808080808080807
4,30,0.220728798332263,0.7179770871736683,0.6136223809529068,20.886955582297436,0.37905462830833797,0.3389224588653303,2.5159223574386117e-05,48.797039270401,0.19537954032421112,-0.048000965267419815,0.06439393939393939
4,31,0.21041305621667783,0.7138757761585209,0.6075491348894172,25.122997593475162,0.37905462830833797,0.33482114785018297,2.478878642286253e-05,43.05407643318176,0.33426570892333984,-0.12408173084259033,0.0707070707070707
4,32,0.2208244590734949,0.6806557357386475,0.5858962508548083,27.993111949025955,0.37905462830833797,0.3016011074303095,2.4407645377103056e-05,42.182926177978516,0.2739962041378021,-0.007030134089291096,0.07702020202020203
4,33,0.20739063088382995,0.7247297264283995,0.6206820536045846,28.30988768656358,0.37905462830833797,0.34567509812006153,2.4016217209245377e-05,42.97109270095825,0.12187711149454117,-0.03376432880759239,0.08333333333333331
4,34,0.20308959940258337,0.6962679132330388,0.6022900293714649,26.041306886111144,0.37905462830833797,0.31721328492470086,2.3614929940244155e-05,42.4516179561615,0.15801426768302917,-0.05881691724061966,0.08964646464646463
4,35,0.20400331534293234,0.7017326864792288,0.6078383972062896,23.19673791458676,0.37905462830833797,0.32267805817089085,2.320422237183641e-05,43.191975831985474,0.15641188621520996,-0.1303870975971222,0.09595959595959595
4,36,0.2021235393322244,0.6766860778371043,0.5771241675683715,27.979825228393057,0.37905462830833797,0.29763144952876636,2.2784543606718227e-05,43.009845495224,0.3326725363731384,0.003193090669810772,0.10227272727272727
4,37,0.20236791411832888,0.6884279757368849,0.5861028711727363,26.525665562730055,0.37905462830833797,0.3093733474285469,2.2356352557457624e-05,42.22720432281494,0.14139503240585327,-0.032966651022434235,0.10858585858585859
4,38,0.20441213858370877,0.648223378828383,0.5515960463334048,35.263340464407754,0.37905462830833797,0.269168750520045,2.1920117444680317e-05,41.907525300979614,0.1249866709113121,-0.09697004407644272,0.11489898989898988
4,39,0.1944505812562242,0.6760502286755998,0.5710654916950143,30.05984645130844,0.37905462830833797,0.29699560036726186,2.1476315285077393e-05,42.01671075820923,0.20001758635044098,-0.043528102338314056,0.12121212121212119
4,40,0.19155888350642458,0.6790838486120059,0.5836731362230484,26.92973227839664,0.37905462830833797,0.3000292203036679,2.1025431369794546e-05,42.22062683105469,0.1465364694595337,-0.10456427931785583,0.1275252525252525
4,41,0.19152409187993225,0.6983156664404276,0.5953371814394656,27.261553950872976,0.37905462830833797,0.31926103813208967,2.056795873377331e-05,41.863813161849976,0.2050924301147461,-0.019536644220352173,0.1338383838383838
4,42,0.18865448935907714,0.6982956498636771,0.5903219733822437,26.29483277476271,0.37905462830833797,0.3192410215553391,2.0104397616624646e-05,42.31825518608093,0.13112789392471313,-0.015494441613554955,0.14015151515151514
4,43,0.18878404051065445,0.7131903646779566,0.6121883193720327,23.01148984498484,0.37905462830833797,0.33413573636961863,1.963525491562421e-05,43.257232427597046,0.16288332641124725,-0.051077548414468765,0.14646464646464646
4,44,0.18866907850820192,0.6945725805543512,0.5902473600403665,25.20399766316915,0.37905462830833797,0.31551795224601326,1.916104363142767e-05,42.46670055389404,0.24317437410354614,-0.013210659846663475,0.15277777777777773
4,45,0.18397072428951458,0.6948181121008572,0.5976883484064225,20.159001166299596,0.37905462830833797,0.31576348379251923,1.8682282307111988e-05,50.10813045501709,0.11758341640233994,-0.052947402000427246,0.15909090909090906
4,46,0.1854585083771725,0.7132691415546493,0.6137744507383984,24.713850406990343,0.37905462830833797,0.3342145132463113,1.8199494461156203e-05,43.31880760192871,0.2208714634180069,-0.07550562918186188,0.1654040404040404
4,47,0.17502548226288386,0.719061146156457,0.6208678360897092,23.491868831655772,0.37905462830833797,0.340006517848119,1.771320801498165e-05,42.26867318153381,0.13271574676036835,-0.49547478556632996,0.1717171717171717
4,48,0.17512020286248656,0.7246896650547283,0.6252027802999724,19.26408259211386,0.37905462830833797,0.34563503674639035,1.722395471567763e-05,42.57619643211365,0.14132589101791382,-0.08642596751451492,0.178030303030303
4,49,0.17551860684642986,0.7208391014862304,0.6265308603586215,19.627265822136742,0.37905462830833797,0.34178447317789246,1.6732269554543794e-05,43.11759948730469,0.15394258499145508,-0.05434945225715637,0.18434343434343434
4,50,0.16813939368846464,0.718889564643149,0.6192479061888317,19.218920098526485,0.37905462830833797,0.33983493633481104,1.623869018208499e-05,42.575329303741455,0.10607007145881653,-0.028699412941932678,0.19065656565656566
4,51,0.16793130961607913,0.6940225432044652,0.5945831326345196,26.7825831077878,0.37905462830833797,0.31496791489612724,1.5743756320098334e-05,43.1033034324646,0.1132725328207016,-0.051250290125608444,0.19696969696969693
4,52,0.16632975455449553,0.7140094536810352,0.6137498643669859,23.453206593800623,0.37905462830833797,0.3349548253726972,1.524800917149538e-05,42.49623394012451,0.17794612050056458,-0.10908648371696472,0.2032828282828283
4,53,0.16760150191127038,0.6942860916983582,0.5950985036382779,21.867022964964793,0.37905462830833797,0.31523146339002023,1.4751990828504623e-05,41.628193855285645,0.12501993775367737,-0.03961780294775963,0.20959595959595959
4,54,0.1670262994510787,0.6861748275738839,0.5824513645751951,27.10244166200817,0.37905462830833797,0.30712019926554596,1.4256243679901665e-05,41.99198269844055,0.28459662199020386,-0.014810232445597649,0.21590909090909086
4,54,0.16635935327836446,0.6995697294954818,0.6005208243226582,23.685922054504655,0.37905462830833797,0.3205151011871438,1.4256243679901665e-05,42.53083920478821,0.1388375461101532,-0.4963566064834595,0.21590909090909086
4,55,0.15364146415068178,0.6979815834281942,0.5970714230351847,27.192384215236164,0.37905462830833797,0.3189269551198562,1.3761309817915017e-05,48.12234354019165,0.27411067485809326,-0.01848236657679081,0.2222222222222222
4,56,0.16244603024453533,0.712962110502071,0.6087748072900842,22.523184452807865,0.37905462830833797,0.33390748219373306,1.3267730445456208e-05,44.00619029998779,0.21973681449890137,-0.014900796115398407,0.2285353535353535
4,57,0.1610176767013511,0.6932105063752068,0.602215005522918,23.98180493185665,0.37905462830833797,0.3141558780668688,1.277604528432237e-05,42.578771114349365,0.18615923821926117,-0.060005053877830505,0.23484848484848486
4,58,0.15763509364760653,0.680267021692102,0.5858569756454309,25.669760901128214,0.37905462830833797,0.301212393383764,1.2286791985018356e-05,42.946364641189575,0.16810593008995056,-0.008330821059644222,0.24116161616161613
4,59,0.152417709480743,0.6983954818386572,0.5976671873579783,28.267247769358114,0.37905462830833797,0.3193408535303192,1.18005055388438e-05,42.661009550094604,0.14029443264007568,-0.03077087551355362,0.24747474747474743
4,60,0.14780393258041266,0.7114906696979727,0.6115395275419333,23.06543140481192,0.37905462830833797,0.33243604138963473,1.1317717692888014e-05,50.64191913604736,0.13422024250030518,-0.01904178038239479,0.2537878787878788
4,61,0.1454610903652347,0.7007734239214459,0.6028065660585139,24.090699315383766,0.37905462830833797,0.32171879561310796,1.0838956368572335e-05,43.77213788032532,0.1649796962738037,-0.019589010626077652,0.26010101010101006
4,62,0.15158416239582762,0.7160082519508716,0.6166402927245834,25.770644663719146,0.37905462830833797,0.3369536236425336,1.036474508437579e-05,42.5603232383728,0.10902668535709381,-0.014130113646388054,0.26641414141414144
4,63,0.14784081903647403,0.7062207652748024,0.609535982454109,22.22684105064799,0.37905462830833797,0.3271661369664644,9.895602383375355e-06,42.665457248687744,0.1450325846672058,-0.016046399250626564,0.2727272727272727
4,64,0.1418377314599193,0.7265593479688727,0.6304942112165949,16.26596077495771,0.37905462830833797,0.3475047196605347,9.432041266226686e-06,42.991074562072754,0.15668505430221558,-0.006037299521267414,0.27904040404040403
4,65,0.14445539936423302,0.7258695996929648,0.6295806149218457,17.645454160978826,0.37905462830833797,0.34681497138462686,8.974568630205462e-06,49.609469413757324,0.1073656976222992,-0.4494946599006653,0.28535353535353536
4,66,0.14469167818220294,0.7245053125032223,0.6284304005086784,22.990713979390826,0.37905462830833797,0.3454506841948843,8.523684714922608e-06,43.25225901603699,0.12415999174118042,-0.03591633960604668,0.29166666666666663
4,67,0.14364861027926815,0.727233042882939,0.626991785189391,21.859694529674012,0.37905462830833797,0.348178414574601,8.079882555319685e-06,42.64295554161072,0.13869920372962952,-0.022608306258916855,0.29797979797979796
4,68,0.13460595251954333,0.7283171282852706,0.6277920759433019,24.98291229340444,0.37905462830833797,0.34926249997693265,7.643647442542383e-06,43.25810527801514,0.4016002416610718,-0.003148430958390236,0.3042929292929293
4,69,0.13490565493702888,0.7262430783833151,0.62745246133536,18.17129022682805,0.37905462830833797,0.3471884500749772,7.215456393281777e-06,42.56653594970703,0.09998150169849396,-0.054313935339450836,0.3106060606060606
4,70,0.13287930585900132,0.7083502234212924,0.6132283241584299,27.170758787528666,0.37905462830833797,0.3292955951129544,6.795777628163599e-06,50.24492001533508,0.13962025940418243,-0.03797081857919693,0.3169191919191919
4,71,0.13508667333089575,0.707667360774642,0.6095714643998643,25.16809715645008,0.37905462830833797,0.328612732466304,6.3850700597558465e-06,43.59674334526062,0.17181603610515594,-0.029110388830304146,0.3232323232323232
4,72,0.13368707119810339,0.7029549091737883,0.6054443882525423,25.10466370921365,0.37905462830833797,0.32390028086545036,5.983782790754624e-06,43.17546987533569,0.10751549899578094,-0.026496920734643936,0.3295454545454546
4,73,0.129176954453697,0.708641159671242,0.6095043732411224,24.143908516852793,0.37905462830833797,0.329586531362904,5.592354622896944e-06,42.829030990600586,0.20250269770622253,-0.01168588362634182,0.3358585858585858
4,74,0.1267392733419428,0.7068323481229584,0.6121663922152187,23.86068566095042,0.37905462830833797,0.3277777198146204,5.21121357713747e-06,42.72528576850891,0.14198856055736542,-0.02871698886156082,0.3421717171717171
4,75,0.1271562640916328,0.7031926459934338,0.6066956233142946,26.253243852105648,0.37905462830833797,0.3241380176850958,4.840776425613887e-06,50.79283857345581,0.19804397225379944,-0.004917868413031101,0.3484848484848485
4,76,0.12762077570873864,0.6934203572514038,0.596271251849886,27.19922919803589,0.37905462830833797,0.31436572894306586,4.481448235912671e-06,43.82754611968994,0.13223613798618317,-0.01607724465429783,0.3547979797979797
4,77,0.12189120099860795,0.7054250097689133,0.6065309764156074,28.269421088807963,0.37905462830833797,0.32637038146057534,4.133621928133666e-06,42.476131439208984,0.13284653425216675,-0.01609332486987114,0.36111111111111105
4,78,0.11997321856265165,0.6949943541557316,0.6019260516071426,23.771923416989438,0.37905462830833797,0.31593972584739366,3.7976778452376966e-06,43.00562119483948,0.10677176713943481,-0.04027143120765686,0.36742424242424243
4,79,0.12207806117984714,0.7018346933737085,0.6059108803277251,23.44942093809751,0.37905462830833797,0.32278006506537055,3.473983337147118e-06,42.56604504585266,0.10170998424291611,-0.042525798082351685,0.37373737373737376
4,80,0.1209346631503835,0.6988543838232723,0.6020119852359094,23.71885173036688,0.37905462830833797,0.3197997555149343,3.162892359054098e-06,50.349098205566406,0.13912373781204224,-0.025650842115283012,0.38005050505050497
4,81,0.12394304824422817,0.7050491656988441,0.6075704438230877,23.525627515346592,0.37905462830833797,0.32599453739050616,2.86474508437579e-06,43.55120849609375,0.1293690800666809,-0.026544423773884773,0.38636363636363635
4,82,0.12603253156554942,0.7057145848808145,0.6073322946680355,27.94904852102136,0.37905462830833797,0.32665995657247654,2.5798675327796994e-06,42.99928569793701,0.09801379591226578,-0.10324449837207794,0.3926767676767677
4,83,0.12135627310799092,0.7058640941002005,0.6099546084668023,23.547612546652793,0.37905462830833797,0.3268094657918625,2.308571213685967e-06,42.369404792785645,0.1243128553032875,-0.08303551375865936,0.3989898989898989
4,84,0.11677342653274536,0.7029673397594481,0.6058727974440193,23.58701488421524,0.37905462830833797,0.32391271145111017,2.0511527856363916e-06,42.820486068725586,0.12036894261837006,-0.0546066015958786,0.4053030303030303
4,85,0.12046702601471726,0.7081182383886452,0.6114128244928543,23.46309315371881,0.37905462830833797,0.3290636100803072,1.8078937319026655e-06,48.85348057746887,0.30240723490715027,-0.1516057848930359,0.4116161616161616
4,86,0.11733304693990824,0.7090002810947689,0.6117157796027389,23.350175032278642,0.37905462830833797,0.3299456527864309,1.579060052688548e-06,43.75960159301758,0.13101160526275635,-0.00982101820409298,0.417929292929293
4,87,0.1130940243601799,0.7117002539862941,0.6147375690659426,23.255645605075753,0.37905462830833797,0.33264562567795614,1.3649019742625624e-06,42.67498970031738,0.08892998099327087,-0.0352754220366478,0.4242424242424242
4,88,0.11339286509521153,0.7127334105576498,0.6160058097305051,23.228169302445913,0.37905462830833797,0.33367878224931186,1.1656536753392288e-06,42.734766244888306,0.10034671425819397,-0.06145155429840088,0.4305555555555555
4,89,0.11069288522917398,0.7137038622952084,0.6178679227059628,23.112757871036727,0.37905462830833797,0.33464923398687046,9.815330310080889e-07,42.61476540565491,0.10075913369655609,-0.13181978464126587,0.4368686868686869
4,90,0.11392726984863379,0.7144733778897284,0.6183730665693418,23.162954816133567,0.37905462830833797,0.33541874958139045,8.127413744904805e-07,49.81329607963562,0.20317159593105316,-0.0023191270884126425,0.4431818181818181
4,91,0.11372544411189701,0.7147444035198601,0.6185617896125751,23.13781587729919,0.37905462830833797,0.33568977521152216,6.594632769846353e-07,43.80454874038696,0.1207466721534729,-0.03355821594595909,0.44949494949494945
4,92,0.1145243016736848,0.7158204562153734,0.6198681429727025,23.120725206435942,0.37905462830833797,0.3367658279070354,5.218663458397716e-07,42.33698010444641,0.09384757280349731,-0.09859254956245422,0.45580808080808083
4,93,0.12058739789894649,0.7167421454850217,0.620816043400828,23.114657343266963,0.37905462830833797,0.3376875171766837,4.0010104127991385e-07,42.54686212539673,0.11517979949712753,-0.04577771946787834,0.46212121212121215
4,94,0.11057275077518151,0.717309568434942,0.6213562571798993,23.060073755820273,0.37905462830833797,0.338254940126604,2.943005118778597e-07,42.77475047111511,0.08599964529275894,-0.1073978841304779,0.46843434343434337
4,95,0.10718246594983705,0.7163177720983537,0.6200807609946694,23.118048253072985,0.37905462830833797,0.3372631437900157,2.0458044895916516e-07,49.255677223205566,0.11626508086919785,-0.022034427151083946,0.47474747474747475
4,96,0.11050146247963516,0.7163127375362999,0.620078262858008,23.129836688500745,0.37905462830833797,0.3372581092279619,1.3103896009537207e-07,43.89405417442322,0.10829909145832062,-0.015938982367515564,0.4810606060606061
4,97,0.1085932187888087,0.716430969699215,0.6201947717915174,23.118843386236307,0.37905462830833797,0.3373763413908771,7.375646182482875e-08,42.45847129821777,0.11621220409870148,-0.05232502520084381,0.4873737373737373
4,98,0.111923271372002,0.7163210699822143,0.6200267942071217,23.140134284797476,0.37905462830833797,0.33726644167387637,3.279559171838198e-08,42.67141675949097,0.1509706974029541,-0.016632119193673134,0.4936868686868687
4,99,0.10973640037130336,0.716461365711179,0.620194366041356,23.117326941356733,0.37905462830833797,0.33740673740284105,8.201139886109265e-09,42.73382782936096,0.09195171296596527,-0.05408381670713425,0.5
