fold,epoch,loss,val_dice,val_iou,val_hd95,baseline_dice,delta,lr_bb,sec,ft,bd,w
0,0,0.7951783817641589,0.3397289024662429,0.2296130169436096,97.59386405432276,0.3888955634602504,-0.0491666609940074,6e-06,15.135558605194092,0.60430908203125,0.0,0.0
0,1,0.6458457732687191,0.3852290521607593,0.2771157208184325,92.58276752343905,0.3888955634602504,-0.003666511299491,1.2e-05,15.459598779678345,0.6273472309112549,0.0,0.0
0,2,0.6207278796604702,0.3633103171893795,0.2622802055477823,78.72903233869876,0.3888955634602504,-0.0255852462708708,1.8e-05,15.31822943687439,0.5103379487991333,0.0,0.0
0,3,0.6019945296705985,0.4553377615323895,0.3416718372030407,85.20397782887076,0.3888955634602504,0.0664421980721391,2.4e-05,24.580873012542725,0.468635618686676,0.0,0.0
0,4,0.5602168343505081,0.4430689010640975,0.3279722020173029,96.15709762465544,0.3888955634602504,0.0541733376038471,3.0000000000000004e-05,25.452086448669437,0.6846795082092285,0.0,0.0
0,5,0.5523141695528614,0.3994501762415099,0.2927594255721633,111.37566430226694,0.3888955634602504,0.0105546127812595,3e-05,26.186760425567627,0.8916019201278687,0.0,0.0
0,6,0.5263681697602175,0.5267485676017101,0.4050866378958284,87.10381940758707,0.3888955634602504,0.1378530041414596,2.999179886011389e-05,24.98276996612549,0.4700531363487243,0.0,0.0
0,7,0.4879248853848905,0.4688856628199896,0.3542830238394854,78.04385870199806,0.3888955634602504,0.0799900993597392,2.9967204408281615e-05,25.273050785064697,0.4986193180084228,0.0,0.0
0,8,0.4550980350800923,0.4901880552367283,0.3793115565499746,79.03767380709797,0.3888955634602504,0.1012924917764779,2.992624353817517e-05,24.660109043121334,0.3993998765945434,0.0,0.0
0,9,0.4564341963553915,0.4830090106907833,0.3874027322076061,46.46055701462812,0.3888955634602504,0.0941134472305329,2.9868961039904628e-05,25.037090301513672,0.3485181629657745,0.0,0.0
0,10,0.4387358755481486,0.5153947884273927,0.3981318218105795,72.37069365633289,0.3888955634602504,0.1264992249671423,2.979541955104084e-05,27.421327352523804,0.1638263463973999,0.0,0.0
0,11,0.4335946422450396,0.4985500511104729,0.386014423446459,66.48389813262779,0.3888955634602504,0.1096544876502225,2.970569948812214e-05,25.770838260650635,0.2696127891540527,0.0,0.0
0,12,0.4216302678901322,0.5095082094130189,0.3963147473389167,62.74276445546197,0.3888955634602504,0.1206126459527685,2.9599898958720088e-05,25.06389856338501,0.6430495977401733,0.0,0.0
0,13,0.4011310852912007,0.5611664887845724,0.45730736850929,48.54877058053722,0.3888955634602504,0.172270925324322,2.947813365416023e-05,24.93826699256897,0.2526289522647857,0.0,0.0
0,14,0.3851510146442725,0.535117425564582,0.4358781789928453,50.58900594140834,0.3888955634602504,0.1462218621043315,2.9340536723015367e-05,25.665812015533447,0.9048357009887696,0.0,0.0
0,15,0.4244564996690166,0.5618746125245212,0.4552243624664374,56.30879580072936,0.3888955634602504,0.1729790490642708,2.918725862550952e-05,26.89184808731079,0.3541581034660339,0.0,0.0
0,16,0.3991569606017093,0.5343993177180191,0.4158568259647178,71.21246822822229,0.3888955634602504,0.1455037542577686,2.9018466968991916e-05,25.401599407196045,0.3766226768493652,0.0,0.0
0,17,0.3676757928060025,0.5431433018879791,0.4339602887611441,69.67755928222573,0.3888955634602504,0.1542477384277287,2.883434632466077e-05,25.09892582893372,0.1688317656517028,0.0,0.0
0,18,0.3523623779111979,0.5385348405014836,0.4400172829698535,43.34595792913328,0.3888955634602504,0.1496392770412332,2.863509802573744e-05,24.546547412872314,0.2627243995666504,0.0,0.0
0,19,0.3441085280204305,0.4634859485054411,0.3725837394168381,52.6693297428465,0.3888955634602504,0.0745903850451907,2.842093994731145e-05,24.4942319393158,0.2840895652770996,0.0,0.0
0,20,0.3232678518611557,0.5487241429733108,0.4433987376018403,46.77403699039115,0.3888955634602504,0.1598285795130604,2.8192106268097336e-05,38.456486225128174,0.161931112408638,-0.0020811343565583,0.0012626262626262
0,21,0.3314354377133505,0.5597294197281364,0.4613430742868968,47.61853983135456,0.3888955634602504,0.170833856267886,2.794884721436361e-05,32.1230354309082,0.1949658244848251,0.1463769674301147,0.0075757575757575
0,22,0.3450588503358315,0.5395651995378081,0.4296297496738818,74.80097788048057,0.3888955634602504,0.1506696360775577,2.769142878631403e-05,31.854745149612427,0.1228801161050796,-0.007665280252695,0.0138888888888888
0,23,0.3160484396681494,0.5287713480008123,0.4276630035380862,53.28098837457879,0.3888955634602504,0.1398757845405618,2.74201324672203e-05,31.16078543663025,0.3623219132423401,0.0197441950440406,0.0202020202020201
0,24,0.327046133425771,0.5321917264678206,0.4308844219570536,52.74666320586363,0.3888955634602504,0.1432961630075702,2.7135254915624213e-05,31.09325790405273,0.26569265127182,-0.0115595534443855,0.0265151515151515
0,25,0.2976364654545881,0.5115816650649521,0.4268635771743295,43.065609159913535,0.3888955634602504,0.1226861016047016,2.6837107640945904e-05,37.06073999404907,0.125836968421936,-0.0195613838732242,0.0328282828282828
0,26,0.3304029286515956,0.5535039899497786,0.4472958705300736,54.07456810838111,0.3888955634602504,0.1646084264895281,2.6526016662852887e-05,32.87708353996277,0.2833854556083679,-0.0263263750821352,0.0391414141414141
0,27,0.3058176554587422,0.5450208071740062,0.4434875986126926,52.36131170926262,0.3888955634602504,0.1561252437137558,2.620232215476231e-05,30.95563578605652,0.2535798549652099,-0.0344242416322231,0.0454545454545454
0,28,0.3066670271206875,0.559125771582046,0.4589762797469939,53.16750914291214,0.3888955634602504,0.1702302081217956,2.5866378071866338e-05,31.79399561882019,0.3966752886772156,0.1253659725189209,0.0517676767676767
0,29,0.3031864163218712,0.5686790591639795,0.4688282632406047,41.23319009445272,0.3888955634602504,0.1797834957037291,2.5518551764087326e-05,31.145898580551147,0.3614283502101898,-0.00748679228127,0.058080808080808
0,30,0.2939562088980966,0.5875706166045555,0.4974719397397004,41.88362897357192,0.3888955634602504,0.198675053144305,2.515922357438612e-05,38.48822259902954,0.134702444076538,-0.0357235744595527,0.0643939393939393
0,31,0.2821168288284418,0.5311538169701858,0.4357630544362974,43.64349615380937,0.3888955634602504,0.1422582535099354,2.478878642286253e-05,33.32226347923279,0.6512064933776855,0.0010870405239984,0.0707070707070707
0,32,0.3043152242898941,0.5650245067376539,0.4580025758609627,66.04821795707598,0.3888955634602504,0.1761289432774035,2.4407645377103056e-05,31.275265216827396,0.735572099685669,0.1765301823616027,0.077020202020202
0,33,0.2682601882486927,0.5550706643923491,0.4630605456106692,43.40070823759737,0.3888955634602504,0.1661751009320987,2.4016217209245377e-05,31.20835494995117,0.147112101316452,-0.0286275595426559,0.0833333333333333
0,34,0.2859307448474728,0.5864460928434829,0.4821130512816304,46.67576661666999,0.3888955634602504,0.1975505293832325,2.3614929940244155e-05,31.16909694671631,0.150421530008316,-0.0110757844522595,0.0896464646464646
0,35,0.2710399746286626,0.5724059301657362,0.4638773436800242,49.07550123265916,0.3888955634602504,0.1835103667054857,2.320422237183641e-05,39.76554965972901,0.6322380304336548,0.2698670029640198,0.0959595959595959
0,36,0.2575980926654777,0.567309461849695,0.4621624388089419,53.34427879784058,0.3888955634602504,0.1784138983894446,2.2784543606718227e-05,32.42838740348816,0.2208844870328903,-0.0059981630183756,0.1022727272727272
0,37,0.2817226958518125,0.5222135127256372,0.4346631065442103,44.49971420627288,0.3888955634602504,0.1333179492653868,2.2356352557457624e-05,31.8122193813324,0.6416901350021362,-0.0286856237798929,0.1085858585858585
0,38,0.2500140341568966,0.5668492989637867,0.4645291855918904,50.0885667242781,0.3888955634602504,0.1779537355035362,2.192011744468032e-05,31.55853390693665,0.1280107945203781,-0.0062458720058202,0.1148989898989898
0,39,0.2589478628063688,0.5484037904322877,0.4489831420994301,30.44923345808972,0.3888955634602504,0.1595082269720373,2.1476315285077396e-05,31.195056676864624,0.294574499130249,0.0857045575976371,0.1212121212121211
0,40,0.2449026772258233,0.5984855358990493,0.500461402440741,46.39312459988092,0.3888955634602504,0.2095899724387989,2.1025431369794542e-05,36.22028183937073,0.1417253911495208,-0.0305580198764801,0.1275252525252525
0,41,0.2450797719766899,0.5937242089627555,0.4918822723529256,53.2457448126954,0.3888955634602504,0.204828645502505,2.056795873377331e-05,31.656261682510376,0.4326903820037842,0.0659729242324829,0.1338383838383838
0,42,0.2449185448337574,0.6020735006474258,0.5037781482392567,37.11225969397934,0.3888955634602504,0.2131779371871754,2.010439761662465e-05,32.352588415145874,0.1766441315412521,-0.0062345350161194,0.1401515151515151
0,43,0.2466447917478425,0.5571585777836113,0.4579779318870686,48.98122485551604,0.3888955634602504,0.1682630143233609,1.963525491562421e-05,32.57419395446777,0.1921668052673339,-0.0066461469978094,0.1464646464646464
0,44,0.2322385489028327,0.5947198008701119,0.4929074851515135,49.62441670363262,0.3888955634602504,0.2058242374098615,1.916104363142767e-05,31.03680729866028,0.1957136690616607,-0.0159538611769676,0.1527777777777777
0,45,0.2164167211372025,0.6063882498980336,0.5039399843974978,42.39821056885857,0.3888955634602504,0.2174926864377832,1.8682282307111988e-05,37.982643127441406,0.1171305626630783,-0.0154966777190566,0.159090909090909
0,46,0.2140322853716052,0.6056627127033924,0.5011034224379888,49.79695845634333,0.3888955634602504,0.216767149243142,1.8199494461156203e-05,32.40574812889099,0.1182540357112884,-0.0102031379938125,0.1654040404040404
0,47,0.2190009671814587,0.5830168742276514,0.4873265654103152,43.71458809964451,0.3888955634602504,0.1941213107674009,1.771320801498165e-05,32.787702322006226,0.22816863656044,-0.0227332897484302,0.1717171717171717
0,48,0.2170151788361218,0.5903892812086553,0.4934499514267771,44.64571596917305,0.3888955634602504,0.2014937177484049,1.722395471567763e-05,31.421225786209103,0.1424790322780609,-0.0334703624248504,0.178030303030303
0,49,0.2108917242410231,0.5935877681630007,0.4978730155619228,43.93931326451315,0.3888955634602504,0.2046922047027503,1.6732269554543794e-05,30.763249158859253,0.200549378991127,-0.020881438627839,0.1843434343434343
0,50,0.2101883797013029,0.5773394449337094,0.4865137624362859,36.86940401705912,0.3888955634602504,0.1884438814734589,1.623869018208499e-05,35.25474572181702,0.1121313422918319,-0.0209110267460346,0.1906565656565656
0,51,0.2108853039692859,0.6118624925979859,0.5055849277480171,45.46929167179034,0.3888955634602504,0.2229669291377354,1.5743756320098334e-05,31.68999743461609,0.0937867760658264,-0.0537775009870529,0.1969696969696969
0,52,0.1990209097156719,0.5848897356500878,0.4912519080802948,46.76358105415766,0.3888955634602504,0.1959941721898374,1.524800917149538e-05,33.01145648956299,0.105947658419609,-0.2957457304000854,0.2032828282828283
0,53,0.1972118769677318,0.6029333480226735,0.5064745759072413,38.50232131054227,0.3888955634602504,0.2140377845624231,1.4751990828504625e-05,31.038164138793945,0.2024338841438293,0.0027258945629,0.2095959595959595
0,54,0.2053801739702419,0.5831775726268166,0.4944570097560675,41.34445648251632,0.3888955634602504,0.1942820091665661,1.4256243679901665e-05,30.608867168426517,0.4724448621273041,0.0014668545918539,0.2159090909090908
0,55,0.1948334390715677,0.5591116580647868,0.4754209540142146,35.514585498271074,0.3888955634602504,0.1702160946045364,1.3761309817915015e-05,35.52368927001953,0.16240194439888,-0.0266259126365184,0.2222222222222222
0,56,0.1805678659251758,0.612812750356417,0.5125344328370038,46.23718593315474,0.3888955634602504,0.2239171868961666,1.3267730445456208e-05,32.52869510650635,0.1994546353816986,-0.0222854688763618,0.2285353535353535
0,57,0.2001267688310876,0.6009182070341449,0.4943563242642639,48.81104927169788,0.3888955634602504,0.2120226435738945,1.277604528432237e-05,31.25008749961853,0.1431450992822647,-0.0098541835322976,0.2348484848484848
0,58,0.1910519637927717,0.573776843842628,0.4759110207801749,39.98691808167193,0.3888955634602504,0.1848812803823775,1.2286791985018356e-05,32.95063400268555,0.3175952136516571,0.0458813719451427,0.2411616161616161
0,59,0.1866703641657926,0.6364222665491719,0.5271514946169051,47.10107982714784,0.3888955634602504,0.2475267030889215,1.18005055388438e-05,31.219293117523197,0.1873200684785843,-0.02048896625638,0.2474747474747474
0,60,0.1878600415526604,0.6096166082166006,0.5107762009751329,39.61000749117536,0.3888955634602504,0.2207210447563501,1.1317717692888014e-05,35.63808917999268,0.1220913231372833,-0.0136853251606225,0.2537878787878788
0,61,0.176310697076272,0.6175677150975522,0.5212501308002573,42.7238762240389,0.3888955634602504,0.2286721516373017,1.0838956368572337e-05,32.71291303634644,0.1196089684963226,-0.0051011499017477,0.26010101010101
0,62,0.1706266950587837,0.6027847611734499,0.5101287158031649,46.01511554647928,0.3888955634602504,0.2138891977131995,1.036474508437579e-05,31.303359508514404,0.1049551591277122,-0.0280006937682628,0.2664141414141414
0,63,0.1657461358272299,0.6182053190430594,0.5234061052391901,37.559967264835535,0.3888955634602504,0.229309755582809,9.895602383375356e-06,31.25930690765381,0.133812129497528,-0.0088208466768264,0.2727272727272727
0,64,0.1778279159750257,0.6199003957012554,0.5192871289510387,42.06278781325863,0.3888955634602504,0.231004832241005,9.432041266226686e-06,31.64635920524597,0.0910869985818862,-0.0464416891336441,0.279040404040404
0,65,0.1623805238276111,0.6008810333258515,0.5059994982153213,43.85573344739111,0.3888955634602504,0.2119854698656011,8.974568630205462e-06,38.03131794929504,0.2166355401277542,-0.0142367593944072,0.2853535353535353
0,66,0.1604007404981827,0.5819017765334653,0.4938891071696971,40.51704810285926,0.3888955634602504,0.1930062130732149,8.523684714922608e-06,32.73495864868164,0.1009120047092437,-0.042033277451992,0.2916666666666666
0,67,0.1617750381024516,0.59979959974761,0.5015186791142848,45.00107338164197,0.3888955634602504,0.2109040362873596,8.079882555319685e-06,30.986751794815063,0.2103231549263,-0.0113892294466495,0.2979797979797979
0,68,0.1594918805117509,0.5856042059734029,0.4959513338965081,39.55099188212849,0.3888955634602504,0.1967086425131525,7.643647442542383e-06,30.66827082633972,0.1757610291242599,-0.144088864326477,0.3042929292929293
0,69,0.1645008736118978,0.628726877341052,0.531490899945476,37.59396785060789,0.3888955634602504,0.2398313138808016,7.215456393281777e-06,31.89576005935669,0.3003956973552704,-0.0225281082093715,0.3106060606060606
0,70,0.1633643432691389,0.6215934485070406,0.5232520536122149,44.42404768351143,0.3888955634602504,0.2326978850467901,6.795777628163599e-06,37.21540331840515,0.1077357679605484,-0.0382684916257858,0.3169191919191919
0,71,0.1588099671869861,0.5935434197393035,0.4998049395534332,40.49823800943822,0.3888955634602504,0.204647856279053,6.385070059755847e-06,32.58551073074341,0.3259356319904327,0.0038575592916458,0.3232323232323232
0,72,0.1538200492457467,0.6023280872379024,0.5101323301567955,37.576592404693706,0.3888955634602504,0.213432523777652,5.983782790754624e-06,30.9355046749115,0.1028465628623962,-0.3266162872314453,0.3295454545454546
0,73,0.1524902194434282,0.5957415015586197,0.5034028892858075,40.90595336389952,0.3888955634602504,0.2068459380983693,5.592354622896944e-06,30.96119713783264,0.1033892855048179,-0.0364092476665973,0.3358585858585858
0,74,0.1506587531493634,0.6017351648515408,0.5084340994929601,42.93017218622128,0.3888955634602504,0.2128396013912903,5.21121357713747e-06,31.387775421142575,0.094521939754486,-0.0396955087780952,0.3421717171717171
0,75,0.1441076011682043,0.5873110600366597,0.4983346627788639,36.23781752554631,0.3888955634602504,0.1984154965764092,4.840776425613887e-06,38.86011672019959,0.0927029028534889,-0.0616693496704101,0.3484848484848485
0,76,0.137350606751077,0.5969438964676715,0.5098368116709969,33.99476852526437,0.3888955634602504,0.2080483330074211,4.481448235912671e-06,32.96745800971985,0.1712177991867065,-0.0230743587017059,0.3547979797979797
0,77,0.1443760399611628,0.6047773243135621,0.507298042372215,46.3706680796198,0.3888955634602504,0.2158817608533117,4.133621928133666e-06,31.7916100025177,0.0768858194351196,-0.2203336358070373,0.361111111111111
0,78,0.1428402560401936,0.5984123879756034,0.5059608960314369,42.02674137082222,0.3888955634602504,0.2095168245153529,3.797677845237697e-06,31.10865044593811,0.1936239004135131,-0.0457017347216606,0.3674242424242424
0,79,0.1402752939231541,0.6002545339551184,0.5077375208731362,39.7955986235475,0.3888955634602504,0.211358970494868,3.473983337147118e-06,32.17918038368225,0.1390562951564788,-0.0281269736588001,0.3737373737373737
0,80,0.1413370308523275,0.614646529434928,0.5200617485404975,39.565576240903454,0.3888955634602504,0.2257509659746776,3.162892359054098e-06,37.90529441833496,0.0999693274497985,-0.0290161985903978,0.3800505050505049
0,81,0.1367547614689992,0.620463103811052,0.5248747051849189,37.62731474803892,0.3888955634602504,0.2315675403508015,2.86474508437579e-06,32.24494528770447,0.169672355055809,-0.0342379808425903,0.3863636363636363
0,82,0.1359837136554474,0.6145298278970247,0.5194793652401376,37.59086965432685,0.3888955634602504,0.2256342644367743,2.5798675327796998e-06,31.31742143630981,0.1096632704138755,-0.0139565151184797,0.3926767676767677
0,83,0.1379935327841311,0.6116115986273428,0.5124505431092365,42.15070641406737,0.3888955634602504,0.2227160351670924,2.308571213685967e-06,31.807682752609253,0.1236383616924285,-0.0088599994778633,0.3989898989898989
0,84,0.1309276597992498,0.6099659127771369,0.5136129505635822,41.46417935020948,0.3888955634602504,0.2210703493168864,2.051152785636392e-06,31.355427980422974,0.1379005759954452,-0.0089497854933142,0.4053030303030303
0,85,0.1277143560654046,0.6091781427130811,0.5146403397595307,37.623243726537815,0.3888955634602504,0.2202825792528307,1.8078937319026651e-06,37.88648724555969,0.1427170485258102,-0.0439822226762771,0.4116161616161616
0,86,0.1292884742118874,0.6172270219885145,0.5212525864517275,38.03342906465624,0.3888955634602504,0.2283314585282641,1.579060052688548e-06,32.60624670982361,0.0665919333696365,-0.1699301600456237,0.417929292929293
0,87,0.1339805052444642,0.6200328286807426,0.5220904760765025,37.393729014294856,0.3888955634602504,0.2311372652204922,1.3649019742625624e-06,30.81716370582581,0.1397938579320907,-0.0229435972869396,0.4242424242424242
0,88,0.1259091181718573,0.6130328255408752,0.5171791019836627,37.767357356201856,0.3888955634602504,0.2241372620806248,1.1656536753392288e-06,31.305959463119507,0.1820188164710998,-0.0067091081291437,0.4305555555555555
0,89,0.1294586083718708,0.6145151425344011,0.5187854781308365,37.972456515376265,0.3888955634602504,0.2256195790741507,9.815330310080889e-07,31.12163352966309,0.0709128677845001,-0.1428985148668289,0.4368686868686869
0,90,0.1313490283732511,0.6190833281617295,0.5222929161432792,37.53031076155725,0.3888955634602504,0.2301877647014791,8.127413744904805e-07,37.56248092651367,0.0814609825611114,-0.1561290025711059,0.4431818181818181
0,91,0.122776161423143,0.617468555017855,0.5216400002565899,37.61530199001189,0.3888955634602504,0.2285729915576046,6.594632769846353e-07,32.923189878463745,0.1124637275934219,-0.0313561186194419,0.4494949494949494
0,92,0.1247936479595242,0.6144805408541874,0.5200665561546274,37.54918005851727,0.3888955634602504,0.2255849773939369,5.218663458397716e-07,31.22766876220703,0.043924480676651,-0.2769621312618255,0.4558080808080808
0,93,0.1219726846534378,0.6179683641281772,0.5224357043715695,37.46277337167781,0.3888955634602504,0.2290728006679268,4.0010104127991385e-07,31.714802503585812,0.0884235128760337,-0.0397014580667018,0.4621212121212121
0,94,0.1271994425630083,0.6192891991058689,0.5238516455879071,37.45246326681901,0.3888955634602504,0.2303936356456185,2.943005118778597e-07,31.34110188484192,0.0888038873672485,-0.0320324674248695,0.4684343434343433
0,95,0.1196338051587951,0.6155666086809046,0.5209462096596544,35.34811481331612,0.3888955634602504,0.2266710452206542,2.0458044895916521e-07,37.37197256088257,0.1024821251630783,-0.046669065952301,0.4747474747474747
0,96,0.1271587510650255,0.6148111693975924,0.5203177001776732,35.37061633094545,0.3888955634602504,0.225915605937342,1.310389600953721e-07,32.224770069122314,0.1250652819871902,-0.0152584230527281,0.4810606060606061
0,97,0.1269434110394545,0.6146047407087546,0.5203606052413018,36.11387047292524,0.3888955634602504,0.2257091772485042,7.375646182482875e-08,30.943353176116943,0.1064549088478088,-0.0515205599367618,0.4873737373737373
0,98,0.1235378105573508,0.6146658819261811,0.5203538022399159,36.12807870671136,0.3888955634602504,0.2257703184659307,3.279559171838198e-08,30.645610094070435,0.1062366217374801,-0.0477542765438556,0.4936868686868687
0,99,0.1264618861736083,0.6146099532963696,0.5202987814444969,36.12215459559034,0.3888955634602504,0.2257143898361192,8.201139886109265e-09,31.662845373153687,0.4164470732212066,-0.0215533208101987,0.5
1,0,0.8136579491654221,0.4234319603293914,0.2997786856727084,83.51709370154323,0.4356358048439375,-0.012203844514546,6e-06,17.657059907913208,0.7125385999679565,0.0,0.0
1,1,0.6618186180688896,0.4480985865241528,0.3112842543612168,96.60994761931502,0.4356358048439375,0.0124627816802153,1.2e-05,16.645606517791748,0.5657204985618591,0.0,0.0
1,2,0.6205759206596686,0.4751287093128833,0.3356319341936187,95.28327709236385,0.4356358048439375,0.0394929044689458,1.8e-05,15.83185052871704,0.3658320307731628,0.0,0.0
1,3,0.6424919786501904,0.5229339425708384,0.3847982787577745,84.98437115219356,0.4356358048439375,0.0872981377269008,2.4e-05,25.57579350471497,0.4706873297691345,0.0,0.0
1,4,0.5857451655426804,0.5266552413288327,0.3955356509119894,80.15518617915609,0.4356358048439375,0.0910194364848951,3.0000000000000004e-05,25.651573657989506,0.4618672728538513,0.0,0.0
1,5,0.5444853281488224,0.5749163170197269,0.4416543110602551,62.3836625254708,0.4356358048439375,0.1392805121757894,3e-05,27.22799491882324,0.6542852520942688,0.0,0.0
1,6,0.5096705124086264,0.5140228479036476,0.3818882341418158,74.49441303335995,0.4356358048439375,0.0783870430597101,2.999179886011389e-05,25.588483333587646,0.345598816871643,0.0,0.0
1,7,0.5028961495477327,0.5320407242309895,0.3966885589643206,77.36938568043183,0.4356358048439375,0.0964049193870519,2.9967204408281615e-05,24.302717447280884,0.6486448049545288,0.0,0.0
1,8,0.4744256826079621,0.5586274689929375,0.4331578061356561,61.83710967835037,0.4356358048439375,0.1229916641489999,2.992624353817517e-05,25.16089868545532,0.7617782354354858,0.0,0.0
1,9,0.4779385620233964,0.5746008619501383,0.4421651291717173,57.68730229243958,0.4356358048439375,0.1389650571062007,2.9868961039904628e-05,24.212576150894165,0.3398089110851288,0.0,0.0
1,10,0.436867707846116,0.5933930641976182,0.4681314818858387,48.88625493292068,0.4356358048439375,0.1577572593536806,2.979541955104084e-05,29.29424405097961,0.2894456088542938,0.0,0.0
1,11,0.4269722952526443,0.5996304720533829,0.4728133162419422,49.42193420471645,0.4356358048439375,0.1639946672094454,2.970569948812214e-05,25.311256647109985,0.4449681043624878,0.0,0.0
1,12,0.4235367759758112,0.5684773569717291,0.43537470380931,53.190816680549375,0.4356358048439375,0.1328415521277915,2.9599898958720088e-05,25.35520577430725,0.7334365844726562,0.0,0.0
1,13,0.4142129786160527,0.6083500456842823,0.4815457268433531,56.06440205593023,0.4356358048439375,0.1727142408403448,2.947813365416023e-05,24.64218282699585,0.3768792748451233,0.0,0.0
1,14,0.3985124318575372,0.5201757174355853,0.381944905250334,63.3762927533693,0.4356358048439375,0.0845399125916478,2.9340536723015367e-05,26.15887713432312,0.3849642872810364,0.0,0.0
1,15,0.3725650730181713,0.621226183580262,0.5010571679909864,34.48807268839899,0.4356358048439375,0.1855903787363245,2.918725862550952e-05,27.425124168396,0.2977444529533386,0.0,0.0
1,16,0.3915512202953806,0.6258305205937428,0.506024728792726,46.60147850389092,0.4356358048439375,0.1901947157498053,2.9018466968991916e-05,25.14273738861084,0.2195665687322616,0.0,0.0
1,17,0.3631125639896003,0.5508379287387256,0.4183669127091334,60.51967467450572,0.4356358048439375,0.1152021238947881,2.883434632466077e-05,26.03581285476685,0.3520373106002807,0.0,0.0
1,18,0.3641906000521718,0.6001068252456307,0.487701764493791,34.373503117170955,0.4356358048439375,0.1644710204016932,2.863509802573744e-05,24.66565489768982,0.3343747854232788,0.0,0.0
1,19,0.3425129442190637,0.5866698653011293,0.4673335307415729,55.763733725564464,0.4356358048439375,0.1510340604571918,2.842093994731145e-05,24.968648195266724,0.2620329856872558,0.0,0.0
1,20,0.3406649423497064,0.6170675057205205,0.4960598124392336,36.46266347959254,0.4356358048439375,0.181431700876583,2.8192106268097336e-05,38.34505844116211,0.2676342129707336,-0.1122260317206382,0.0012626262626262
1,21,0.3336060269146549,0.6060082563920611,0.4804049077848364,38.15701903952164,0.4356358048439375,0.1703724515481236,2.794884721436361e-05,32.5373215675354,0.6007508635520935,0.0216540843248367,0.0075757575757575
1,22,0.3436576152334408,0.6218978756648327,0.4956849280948335,44.89803568071444,0.4356358048439375,0.1862620708208952,2.769142878631403e-05,32.281222343444824,0.2427271604537964,-0.3642662167549133,0.0138888888888888
1,23,0.3225201909639397,0.6205318151589164,0.5069440555461144,39.96361850704224,0.4356358048439375,0.1848960103149789,2.74201324672203e-05,32.124470949172974,0.3951365649700165,-0.0118137849494814,0.0202020202020201
1,24,0.3417071721383503,0.6515701110959233,0.5284936418016569,33.07718114403237,0.4356358048439375,0.2159343062519858,2.7135254915624213e-05,31.059818267822266,0.7512001991271973,0.0050005251541733,0.0265151515151515
1,25,0.2939739333731787,0.6003554151919438,0.4838990175749926,46.86299304321228,0.4356358048439375,0.1647196103480063,2.6837107640945904e-05,37.84603786468506,0.2186843156814575,-0.0432358682155609,0.0328282828282828
1,26,0.3035240097313511,0.6519630829835888,0.5435195301638754,29.46614836758847,0.4356358048439375,0.2163272781396513,2.6526016662852887e-05,33.263978242874146,0.455520361661911,-0.0106961838901042,0.0391414141414141
1,27,0.313291535693772,0.5997747743433565,0.4861048644604774,46.42154980452288,0.4356358048439375,0.1641389694994189,2.620232215476231e-05,32.50042653083801,0.1696829497814178,-0.0204544644802808,0.0454545454545454
1,28,0.3056083167998158,0.6193033990016196,0.5130882374579164,36.22647063176614,0.4356358048439375,0.183667594157682,2.5866378071866338e-05,31.808966636657715,0.2027669996023178,-0.0152961751446127,0.0517676767676767
1,29,0.3063935420038748,0.6259554513508009,0.4953855451445357,41.19713993992969,0.4356358048439375,0.1903196465068634,2.5518551764087326e-05,31.46964931488037,0.1214900016784668,-0.053742803633213,0.058080808080808
1,30,0.2937407238142831,0.6223740673522836,0.5202591949183905,33.19448710282968,0.4356358048439375,0.1867382625083461,2.515922357438612e-05,38.68765950202942,0.1413418650627136,-0.0323627106845378,0.0643939393939393
1,31,0.2999331079879586,0.6113752076171207,0.4989572563597817,38.85072898410533,0.4356358048439375,0.1757394027731832,2.478878642286253e-05,32.81893992424011,0.2756138443946838,0.0331470519304275,0.0707070707070707
1,32,0.2857596968509713,0.6168789008304107,0.5038538155840244,41.89636680263354,0.4356358048439375,0.1812430959864732,2.4407645377103056e-05,31.184001207351685,0.1987885534763336,-0.0233765449374914,0.077020202020202
1,33,0.2858724831318369,0.5891878184738549,0.4714317653346446,43.54175410362065,0.4356358048439375,0.1535520136299174,2.4016217209245377e-05,31.00527548789978,0.1800879836082458,-0.0865186974406242,0.0833333333333333
1,34,0.2723642237940613,0.6457604801713862,0.5429307931451696,28.331501371063208,0.4356358048439375,0.2101246753274487,2.3614929940244155e-05,31.204489707946777,0.1593487709760666,-0.0244796983897686,0.0896464646464646
1,35,0.276622322901171,0.6372853692851732,0.5354817243312967,35.22381792962106,0.4356358048439375,0.2016495644412357,2.320422237183641e-05,36.9617121219635,0.2076601237058639,-0.0268672592937946,0.0959595959595959
1,36,0.2778683017407145,0.5955048821829404,0.4904769683140758,41.11458197387232,0.4356358048439375,0.1598690773390029,2.2784543606718227e-05,32.46452832221985,0.1914398372173309,-0.1477038562297821,0.1022727272727272
1,37,0.261374114423382,0.6327405527918399,0.5266089714935414,39.52186337594895,0.4356358048439375,0.1971047479479024,2.2356352557457624e-05,31.63056707382202,0.4968971014022827,-0.0200813449919223,0.1085858585858585
1,38,0.2479662952982649,0.5942536886516627,0.4963679531859807,29.08228570331016,0.4356358048439375,0.1586178838077252,2.192011744468032e-05,31.409282445907596,0.21286241710186,-0.0199749078601598,0.1148989898989898
1,39,0.2575487505112375,0.6319616781537383,0.528165786593601,33.49735428695263,0.4356358048439375,0.1963258733098007,2.1476315285077396e-05,31.535104751586918,0.242048978805542,-0.1110865175724029,0.1212121212121211
1,40,0.2518935107759067,0.6129039411159509,0.5081157788202089,40.228271550775126,0.4356358048439375,0.1772681362720134,2.1025431369794542e-05,38.67637825012207,0.4267171025276184,-0.0086709037423133,0.1275252525252525
1,41,0.2423698725749035,0.5943866398788571,0.4946344132865583,42.284354958819655,0.4356358048439375,0.1587508350349196,2.056795873377331e-05,32.02663707733154,0.2421141564846038,-0.0434707924723625,0.1338383838383838
1,42,0.2387044448025372,0.6349686363961444,0.5306047043254761,32.98030771121656,0.4356358048439375,0.1993328315522069,2.010439761662465e-05,31.335179328918457,0.4856181144714355,-0.0190896689891815,0.1401515151515151
1,43,0.2312390757154445,0.6397992695589098,0.5378519193723819,40.10118816153206,0.4356358048439375,0.2041634647149722,1.963525491562421e-05,31.75008654594421,0.2461340278387069,-0.0047010476700961,0.1464646464646464
1,44,0.231598294663186,0.6028234148475013,0.4991352739466448,34.66833909963664,0.4356358048439375,0.1671876100035638,1.916104363142767e-05,31.535399675369263,0.1826173067092895,-0.0346892401576042,0.1527777777777777
1,45,0.2151288745962843,0.6074561773152278,0.5048149564125028,37.13829418291625,0.4356358048439375,0.1718203724712903,1.8682282307111988e-05,40.29367756843567,0.1814759969711303,-0.0458789691329002,0.159090909090909
1,46,0.2283421546524884,0.6294671097442143,0.5229445139157085,33.79633785965274,0.4356358048439375,0.1938313049002767,1.8199494461156203e-05,32.94995212554932,0.378636360168457,-0.0379920117557048,0.1654040404040404
1,47,0.2123858434509258,0.6485113881939234,0.5451696237452737,28.600161421954954,0.4356358048439375,0.2128755833499859,1.771320801498165e-05,31.982181310653687,0.1659501641988754,-0.0099271405488252,0.1717171717171717
1,48,0.2127125935286891,0.6234383469761767,0.5139317570538243,40.89117487253389,0.4356358048439375,0.1878025421322392,1.722395471567763e-05,31.796393632888797,0.1519583165645599,-0.0307669974863529,0.178030303030303
1,49,0.2153081988193551,0.624889781508605,0.5160840064990692,38.21106150936805,0.4356358048439375,0.1892539766646674,1.6732269554543794e-05,31.986421823501587,0.3154491186141968,-0.0417173318564891,0.1843434343434343
1,50,0.2137293139738696,0.6447151400863935,0.5465080525251218,30.516889982372053,0.4356358048439375,0.209079335242456,1.623869018208499e-05,36.66930389404297,0.1946156620979309,-0.0172981992363929,0.1906565656565656
1,51,0.1975369267925924,0.6023170188545299,0.5034001953401842,37.21234039768929,0.4356358048439375,0.1666812140105924,1.5743756320098334e-05,32.04261803627014,0.2486053556203842,-0.0172406136989593,0.1969696969696969
1,52,0.2064468988350459,0.5955703857962198,0.4994432454374916,34.845881106897245,0.4356358048439375,0.1599345809522823,1.524800917149538e-05,31.695222854614254,0.1251546889543533,-0.0389644652605056,0.2032828282828283
1,53,0.2162768422644965,0.6425480649264884,0.5334871307691691,43.65447193198804,0.4356358048439375,0.2069122600825509,1.4751990828504625e-05,30.959949016571045,0.3205612897872925,-0.0177598837763071,0.2095959595959595
1,54,0.1937945883493034,0.6482042009814362,0.5368788527692521,37.35228815730688,0.4356358048439375,0.2125683961374986,1.4256243679901665e-05,30.97740149497986,0.2042265236377716,-0.0341502726078033,0.2159090909090908
1,55,0.1990454608232391,0.6675722271966682,0.5573610903712958,34.7442212057044,0.4356358048439375,0.2319364223527307,1.3761309817915015e-05,37.773141622543335,0.1345790028572082,-0.0225953236222267,0.2222222222222222
1,56,0.2019939416525315,0.6421276354921225,0.533948204846006,37.59957596822819,0.4356358048439375,0.206491830648185,1.3267730445456208e-05,32.89620590209961,0.1491702497005462,-0.1196938157081604,0.2285353535353535
1,57,0.1961789075665328,0.6347789617654442,0.5317465752756507,36.31579393212112,0.4356358048439375,0.1991431569215067,1.277604528432237e-05,31.851299285888672,0.1847188174724578,-0.009217819198966,0.2348484848484848
1,58,0.1907905384289975,0.6498238318904326,0.5461806816438348,33.87835065514921,0.4356358048439375,0.2141880270464951,1.2286791985018356e-05,31.31927609443665,0.1794060468673706,-0.0120550096035003,0.2411616161616161
1,59,0.1864184384443322,0.6234427576378514,0.5223518906129231,30.75665946708149,0.4356358048439375,0.1878069527939139,1.18005055388438e-05,31.16442084312439,0.2860793769359588,-0.0387833565473556,0.2474747474747474
1,60,0.1836905246030311,0.6015691678005408,0.5079353550545848,27.69639714945044,0.4356358048439375,0.1659333629566033,1.1317717692888014e-05,37.63222408294678,0.1798602640628814,-0.1821276843547821,0.2537878787878788
1,61,0.1859365905425986,0.6416788392570371,0.5417112758835853,37.7591745535149,0.4356358048439375,0.2060430344130995,1.0838956368572337e-05,32.97830247879028,0.1399402320384979,-0.0549694709479808,0.26010101010101
1,62,0.1759680862329444,0.6447397244776262,0.5474299542505155,31.965972952657737,0.4356358048439375,0.2091039196336886,1.036474508437579e-05,31.31450915336609,0.1440889686346054,-0.0397817753255367,0.2664141414141414
1,63,0.1763496786660077,0.6317107898788867,0.5330234356213048,32.66067289234874,0.4356358048439375,0.1960749850349492,9.895602383375356e-06,31.95855188369751,0.1334183663129806,-0.0152648417279124,0.2727272727272727
1,64,0.1785866054041045,0.6308652339543731,0.5321890685485119,32.03188799875249,0.4356358048439375,0.1952294291104356,9.432041266226686e-06,31.943862438201904,0.1238308399915695,-0.0320631004869937,0.279040404040404
1,65,0.1762342647630341,0.6495890572900103,0.5472854048189879,28.49146560265997,0.4356358048439375,0.2139532524460727,8.974568630205462e-06,39.01953268051148,0.1317178010940551,-0.2714966535568237,0.2853535353535353
1,66,0.1757559532261624,0.6437223728641873,0.5427641617873279,29.143877814230265,0.4356358048439375,0.2080865680202498,8.523684714922608e-06,32.94325828552246,0.1315609514713287,-0.0887738466262817,0.2916666666666666
1,67,0.1686815724385028,0.6637748317152622,0.5618747856002494,32.186346195049985,0.4356358048439375,0.2281390268713247,8.079882555319685e-06,31.06736779212952,0.1228901371359825,-0.010723240673542,0.2979797979797979
1,68,0.165267066992059,0.6610191924619955,0.5573380198521403,32.621935763995715,0.4356358048439375,0.2253833876180579,7.643647442542383e-06,31.318564414978027,0.1971878111362457,-0.0256347265094518,0.3042929292929293
1,69,0.1673047214138264,0.6608756993779661,0.5580470000154917,32.137548797817324,0.4356358048439375,0.2252398945340286,7.215456393281777e-06,32.31817889213562,0.4394308924674988,0.0088787069544196,0.3106060606060606
1,70,0.1610655223532598,0.6519503640282597,0.5467048398237154,32.17806938695275,0.4356358048439375,0.2163145591843221,6.795777628163599e-06,39.76924204826355,0.1642790734767913,-0.003000192111358,0.3169191919191919
1,71,0.1666065925846294,0.6459917149853928,0.5399146707215002,34.097793061134475,0.4356358048439375,0.2103559101414552,6.385070059755847e-06,33.01388740539551,0.1175696551799774,-0.0546803623437881,0.3232323232323232
1,72,0.1628352995125614,0.6360421608524169,0.5355927253675417,33.734225955225234,0.4356358048439375,0.2004063560084794,5.983782790754624e-06,32.12814402580261,0.1776179671287536,-0.3463518023490906,0.3295454545454546
1,73,0.1593952543881474,0.629675307863632,0.5312799279045288,32.50564390305549,0.4356358048439375,0.1940395030196945,5.592354622896944e-06,31.67458486557007,0.1326740086078643,-0.0135881230235099,0.3358585858585858
1,74,0.1561690896597443,0.6228257894649385,0.5268223877236945,32.05130559796199,0.4356358048439375,0.187189984621001,5.21121357713747e-06,31.425228595733643,0.1533446311950683,-0.0318203493952751,0.3421717171717171
1,75,0.1511096493626127,0.6309166626624567,0.5312727625336472,32.27719684504103,0.4356358048439375,0.1952808578185192,4.840776425613887e-06,38.167236328125,0.1346431672573089,-0.0122560216113924,0.3484848484848485
1,76,0.1543694589363069,0.6361041557559466,0.535792918544488,29.70842783672906,0.4356358048439375,0.2004683509120091,4.481448235912671e-06,31.96099591255188,0.2239407002925872,-0.0164183769375085,0.3547979797979797
1,77,0.1553492597019186,0.6418886646445149,0.5416681762329231,31.394467261137606,0.4356358048439375,0.2062528598005774,4.133621928133666e-06,31.81454086303711,0.1504006832838058,-0.0104939891025424,0.361111111111111
1,78,0.1548349800310572,0.6499801725650131,0.5495435257866446,31.08863976924662,0.4356358048439375,0.2143443677210755,3.797677845237697e-06,31.365052700042725,0.3534682393074035,-0.0111249797046184,0.3674242424242424
1,79,0.1493256547469265,0.6295890221192888,0.5321198821604275,30.330788138781564,0.4356358048439375,0.1939532172753513,3.473983337147118e-06,31.836307764053345,0.1990525722503662,-0.008552772924304,0.3737373737373737
1,80,0.1436508116977555,0.6509463077488312,0.5510033238546362,31.59027857690464,0.4356358048439375,0.2153105029048937,3.162892359054098e-06,38.35513424873352,0.1413670480251312,-0.0238619353622198,0.3800505050505049
1,81,0.1457617954940212,0.6524088287892652,0.5505684996720063,30.782165895428008,0.4356358048439375,0.2167730239453277,2.86474508437579e-06,32.75459909439087,0.2311526983976364,-0.0139210699126124,0.3863636363636363
1,82,0.1423820907212033,0.6444064306324321,0.5432785020884218,31.16853402956808,0.4356358048439375,0.2087706257884946,2.5798675327796998e-06,31.895193099975582,0.1228221878409385,-0.0557052642107009,0.3926767676767677
1,83,0.1450017083968435,0.6487186359902761,0.5507404486992735,31.739094537046537,0.4356358048439375,0.2130828311463386,2.308571213685967e-06,32.05289554595947,0.1755861043930053,-0.0183879360556602,0.3989898989898989
1,84,0.1392891261802644,0.6431326459793597,0.5468235105423006,30.27932751610397,0.4356358048439375,0.2074968411354222,2.051152785636392e-06,32.72085881233215,0.0902108550071716,-0.0839970111846923,0.4053030303030303
1,85,0.1447234136261502,0.6417813053470323,0.5451319106428,30.276453477654155,0.4356358048439375,0.2061455005030947,1.8078937319026651e-06,39.110984802246094,0.1095989271998405,-0.0472008883953094,0.4116161616161616
1,86,0.1415028486933027,0.6445634778726588,0.5491897567252042,30.20941798891293,0.4356358048439375,0.2089276730287212,1.579060052688548e-06,33.029369592666626,0.1186644732952117,-0.0614981912076473,0.417929292929293
1,87,0.1358036807909304,0.6395470474155723,0.5447708859031326,30.1509937176868,0.4356358048439375,0.2039112425716348,1.3649019742625624e-06,32.009308099746704,0.1168908029794693,-0.1619395613670349,0.4242424242424242
1,88,0.1376558961916943,0.6391702297211423,0.5439139691275131,31.913421274091363,0.4356358048439375,0.2035344248772048,1.1656536753392288e-06,31.70128297805786,0.0805397480726242,-0.0449006929993629,0.4305555555555555
1,89,0.1406169675138532,0.6382828378399014,0.5432881839655511,30.269664031748057,0.4356358048439375,0.2026470329959638,9.815330310080889e-07,32.31617069244385,0.1603084653615951,-0.0103211207315325,0.4368686868686869
1,90,0.1384922411977028,0.6358136639968316,0.540457614636683,30.380733888527686,0.4356358048439375,0.2001778591528941,8.127413744904805e-07,39.14626741409302,0.1180489063262939,-0.0450377836823463,0.4431818181818181
1,91,0.1331378936159367,0.638951947618417,0.5438491089726107,30.273626023159306,0.4356358048439375,0.2033161427744795,6.594632769846353e-07,32.14481973648071,0.0930178463459014,-0.0573924593627452,0.4494949494949494
1,92,0.1361490653789773,0.6395119740865699,0.544476996710078,30.214246385755494,0.4356358048439375,0.2038761692426324,5.218663458397716e-07,32.16585159301758,0.1422463357448578,-0.0235078334808349,0.4558080808080808
1,93,0.1314285208224034,0.6402377123753438,0.5451772210006168,30.17676014890438,0.4356358048439375,0.2046019075314062,4.0010104127991385e-07,32.318812131881714,0.1443876475095749,-0.0425341501832008,0.4621212121212121
1,94,0.1319497464110656,0.6390486082986668,0.5439602353992762,30.40333898117538,0.4356358048439375,0.2034128034547293,2.943005118778597e-07,31.7637357711792,0.1328074783086776,-0.0177349932491779,0.4684343434343433
1,95,0.1325309918243057,0.6385160930769529,0.5432125648571452,30.360738358858107,0.4356358048439375,0.2028802882330154,2.0458044895916521e-07,39.892455101013184,0.1628511250019073,-0.0792510509490966,0.4747474747474747
1,96,0.132035204950644,0.6384956427174968,0.5431757618471047,30.366584530879425,0.4356358048439375,0.2028598378735593,1.310389600953721e-07,32.12117266654968,0.0876095294952392,-0.0291722975671291,0.4810606060606061
1,97,0.1315106001435494,0.6383381257977829,0.5429247131190553,30.35156342233904,0.4356358048439375,0.2027023209538454,7.375646182482875e-08,31.79539036750793,0.1394346952438354,-0.0134646724909543,0.4873737373737373
1,98,0.1285819885682086,0.6381450543639131,0.5427871742147258,30.46800066639443,0.4356358048439375,0.2025092495199756,3.279559171838198e-08,31.31128692626953,0.1761671602725982,-0.0129222422838211,0.4936868686868687
1,99,0.1321502836535171,0.6382549977444909,0.5428908140997346,30.34098490990033,0.4356358048439375,0.2026191929005534,8.201139886109265e-09,31.31884264945984,0.1053057312965393,-0.0472136437892913,0.5
2,0,0.8118887446364578,0.3808030574939493,0.26890658430071307,95.47583846938385,0.4324622420678442,-0.0516591845738949,6e-06,17.263856410980225,0.6815263032913208,0.0,0.0
2,1,0.6644542776808446,0.4239740102693327,0.3102862317233448,80.57014619429432,0.4324622420678442,-0.008488231798511547,1.2e-05,15.282170057296753,0.5796401500701904,0.0,0.0
2,2,0.6151289489804482,0.43496977574485907,0.3145152898910689,98.05491059092786,0.4324622420678442,0.0025075336770148393,1.8e-05,15.639774322509766,0.3338039815425873,0.0,0.0
2,3,0.6336962842211431,0.45742658183384416,0.3392701837484419,87.0621601548935,0.4324622420678442,0.024964339765999932,2.4e-05,25.025852918624878,0.5197999477386475,0.0,0.0
2,4,0.5745787407670703,0.4822243408653682,0.3645033407465277,74.7347300570913,0.4324622420678442,0.04976209879752397,3.0000000000000004e-05,25.41384768486023,0.4103582799434662,0.0,0.0
2,5,0.5297622230588174,0.49433394398420205,0.3657205389547793,65.82585388780167,0.4324622420678442,0.061871701916357824,3e-05,27.166516304016113,0.6688406467437744,0.0,0.0
2,6,0.5315287216585509,0.49546202975394177,0.3755989267084312,95.11964870430317,0.4324622420678442,0.06299978768609754,2.999179886011389e-05,26.215737104415894,0.4463791251182556,0.0,0.0
2,7,0.4948920084505665,0.5572533888843864,0.43620275710561157,66.04783548765484,0.4324622420678442,0.12479114681654213,2.9967204408281618e-05,26.0796902179718,0.5345208048820496,0.0,0.0
2,8,0.45720560818302386,0.5623281744383063,0.4415347934525692,44.34774457561338,0.4324622420678442,0.12986593237046207,2.9926243538175172e-05,26.08698010444641,0.6865827441215515,0.0,0.0
2,9,0.4763821624979681,0.5729108560386857,0.45473397199999627,48.59187220261371,0.4324622420678442,0.14044861397084152,2.9868961039904628e-05,25.652828693389893,0.5929083824157715,0.0,0.0
2,10,0.446813626252875,0.5938750840734547,0.4720143078623268,36.92648259307052,0.4324622420678442,0.16141284200561046,2.9795419551040836e-05,26.907912492752075,0.2353573888540268,0.0,0.0
2,11,0.43894845429731877,0.5439225437231076,0.4261021307284556,63.96648168757856,0.4324622420678442,0.11146030165526333,2.970569948812214e-05,26.23985481262207,0.6343016028404236,0.0,0.0
2,12,0.4162227073494269,0.5141477042034285,0.3905931275435281,73.04442077414733,0.4324622420678442,0.08168546213558425,2.9599898958720088e-05,24.623042821884155,0.7298371195793152,0.0,0.0
2,13,0.4256773870818469,0.59453997324716,0.4841438944709275,36.08230655960026,0.4324622420678442,0.1620777311793158,2.947813365416023e-05,24.426450729370117,0.8155903816223145,0.0,0.0
2,14,0.4171601497397131,0.6171262510691466,0.5055147929578487,59.30466870220926,0.4324622420678442,0.18466400900130242,2.9340536723015367e-05,25.870020389556885,0.22582554817199707,0.0,0.0
2,15,0.3870544752904347,0.5717657008235627,0.4521641678123143,70.78300237480799,0.4324622420678442,0.13930345875571848,2.9187258625509518e-05,27.286646604537964,0.2609521150588989,0.0,0.0
2,16,0.40318276535491554,0.5101600601511103,0.3849599490245571,80.34644177558083,0.4324622420678442,0.07769781808326603,2.9018466968991913e-05,25.559446811676025,0.3788793981075287,0.0,0.0
2,17,0.40023423944200787,0.5751497225121178,0.4588263139904922,52.57341683834196,0.4324622420678442,0.1426874804442736,2.883434632466077e-05,24.29550313949585,0.3310244679450989,0.0,0.0
2,18,0.42056202645204505,0.5859204372101596,0.46866163238655234,65.42596120124149,0.4324622420678442,0.1534581951423154,2.863509802573744e-05,24.58481454849243,0.3772498071193695,0.0,0.0
2,19,0.370764570576804,0.621515383634444,0.5043981970778668,38.64888656573836,0.4324622420678442,0.1890531415665998,2.8420939947311454e-05,25.315682888031006,0.524459183216095,0.0,0.0
2,20,0.3391001619854752,0.5840399534525389,0.48513910415753114,30.374674505316676,0.4324622420678442,0.15157771138469467,2.8192106268097336e-05,37.486507415771484,0.2935253977775574,-0.013194183818995953,0.0012626262626262534
2,21,0.3586169459990093,0.5827120802801534,0.4853374634645973,43.195616097541574,0.4324622420678442,0.1502498382123092,2.794884721436361e-05,33.078375816345215,0.7065342664718628,0.30288851261138916,0.0075757575757575725
2,22,0.36882426696164267,0.6551325992455634,0.5474346168143183,37.647691353735,0.4324622420678442,0.2226703571777192,2.769142878631403e-05,30.887796878814697,0.18908628821372986,-0.359938383102417,0.013888888888888874
2,23,0.3320130240552279,0.5790011589509854,0.47975240449274487,37.69700638455506,0.4324622420678442,0.14653891688314113,2.74201324672203e-05,32.6141996383667,0.20034700632095337,-0.018240343779325485,0.020202020202020193
2,24,0.3316989711352757,0.555571972439098,0.4510130499613855,60.44887139955469,0.4324622420678442,0.12310973037125372,2.7135254915624213e-05,30.89921474456787,0.5074313879013062,-0.009820021688938141,0.026515151515151512
2,25,0.311993594072303,0.5856791049202913,0.49113827011209266,40.622112894150476,0.4324622420678442,0.15321686285244707,2.6837107640945904e-05,37.184062480926514,0.4182071387767792,-0.0015375555958598852,0.03282828282828283
2,26,0.3044009211720253,0.6122695728417586,0.5026061807971721,42.50809812372123,0.4324622420678442,0.17980733077391442,2.6526016662852887e-05,33.04843020439148,0.24312302470207214,-0.0053276969119906425,0.03914141414141415
2,27,0.32501579669057107,0.5800679184170343,0.4778500369747402,50.64074604623776,0.4324622420678442,0.14760567634919008,2.620232215476231e-05,31.387091398239136,0.19497138261795044,-0.02629205584526062,0.045454545454545435
2,28,0.32086968938915095,0.6029121758280988,0.5055984277885759,27.39745515032069,0.4324622420678442,0.17044993376025452,2.5866378071866338e-05,32.02409100532532,0.2054886817932129,-0.21053338050842285,0.051767676767676754
2,29,0.2968205645376322,0.6005190660012677,0.495253898300923,45.76326728761943,0.4324622420678442,0.16805682393342347,2.5518551764087326e-05,30.91145396232605,0.14133861660957336,0.008047386072576046,0.05808080808080807
2,30,0.3128060832315562,0.6244243611990081,0.5155677369140279,41.01068096636929,0.4324622420678442,0.1919621191311639,2.5159223574386117e-05,35.944568395614624,0.347208708524704,0.05528564006090164,0.06439393939393939
2,31,0.2932858007903002,0.5872520500519001,0.4837868021083949,43.13335404206142,0.4324622420678442,0.15478980798405584,2.478878642286253e-05,32.43513536453247,0.24645690619945526,-0.01375765260308981,0.0707070707070707
2,32,0.30759283018355466,0.5664638569847008,0.47439135423159134,54.700267223195844,0.4324622420678442,0.13400161491685658,2.4407645377103056e-05,31.12125849723816,0.38328778743743896,0.0029468496795743704,0.07702020202020203
2,33,0.28210390526421214,0.5790390700921014,0.4804805862115518,38.701805379860886,0.4324622420678442,0.1465768280242572,2.4016217209245377e-05,31.220625638961792,0.3268143832683563,0.060666557401418686,0.08333333333333331
2,34,0.27374828150685954,0.5541570348603172,0.4519628739817164,51.94777796534276,0.4324622420678442,0.12169479279247297,2.3614929940244155e-05,31.042495250701904,0.25156864523887634,0.005361462943255901,0.08964646464646463
2,35,0.27424827430929455,0.6066864349404993,0.5039130423783997,35.31998097719019,0.4324622420678442,0.17422419287265511,2.320422237183641e-05,38.247323751449585,0.18205976486206055,-0.02604512870311737,0.09595959595959595
2,36,0.28460126233344174,0.6291422982705077,0.5325653861755145,29.768250224522124,0.4324622420678442,0.1966800562026635,2.2784543606718227e-05,31.851113080978394,0.19017796218395233,-0.15215003490447998,0.10227272727272727
2,37,0.2847328388265201,0.5932301541638655,0.4941512878372054,40.69692752585357,0.4324622420678442,0.16076791209602126,2.2356352557457624e-05,31.788193464279175,0.3085402846336365,-0.0076142302714288235,0.10858585858585859
2,38,0.26325952398533725,0.5803129459807012,0.4793734024987562,48.387245520056986,0.4324622420678442,0.14785070391285693,2.1920117444680317e-05,31.061184644699097,0.1985383927822113,-0.01995282620191574,0.11489898989898988
2,39,0.26588253555249197,0.6199851140901442,0.5122551001826102,40.14095406401256,0.4324622420678442,0.1875228720223,2.1476315285077393e-05,31.42953634262085,0.26736921072006226,-0.04593423753976822,0.12121212121212119
2,40,0.25699753162204003,0.591843628213656,0.4864965078157208,33.067299385794946,0.4324622420678442,0.15938138614581177,2.1025431369794546e-05,36.60205149650574,0.47682905197143555,0.057309504598379135,0.1275252525252525
2,41,0.23695073672095124,0.605229339154708,0.5032496367182528,39.30557465922974,0.4324622420678442,0.17276709708686377,2.056795873377331e-05,32.30446529388428,0.18088398873806,-0.0536675825715065,0.1338383838383838
2,42,0.2569383030035058,0.5867852976254043,0.4859555151991745,35.149332544629466,0.4324622420678442,0.1543230555575601,2.0104397616624646e-05,31.160179615020752,0.2772010564804077,-0.014300180599093437,0.14015151515151514
2,43,0.23211010986444902,0.5996261707550213,0.5053538284207759,39.8082438448883,0.4324622420678442,0.1671639286871771,1.963525491562421e-05,30.92611265182495,0.1959802508354187,-0.008957493118941784,0.14646464646464646
2,44,0.24073672583516764,0.5576781109785058,0.4644170324987005,46.34183490024158,0.4324622420678442,0.1252158689106616,1.916104363142767e-05,30.851263999938965,0.16100551187992096,-0.016969166696071625,0.15277777777777773
2,45,0.2301783671184462,0.5900684260827472,0.49943812888055444,33.466465436470244,0.4324622420678442,0.157606184014903,1.8682282307111988e-05,37.77372622489929,0.14818242192268372,-0.020627805963158607,0.15909090909090906
2,46,0.22019841035409848,0.5996847866855904,0.5034814121225898,38.68893405376445,0.4324622420678442,0.16722254461774622,1.8199494461156203e-05,32.7820188999176,0.4096296429634094,-0.03848559409379959,0.1654040404040404
2,47,0.230814094598196,0.5853405369331786,0.49084541999322157,39.198252797357696,0.4324622420678442,0.15287829486533433,1.771320801498165e-05,31.185972929000854,0.19484278559684753,-0.04524682089686394,0.1717171717171717
2,48,0.22522726366106344,0.5903091710588841,0.49826873982269504,37.6227452565556,0.4324622420678442,0.15784692899103991,1.722395471567763e-05,32.02583289146423,0.15239392220973969,-0.49588891863822937,0.178030303030303
2,49,0.2196583886231695,0.5779640070077459,0.4865923368812115,43.94145931048366,0.4324622420678442,0.14550176493990163,1.6732269554543794e-05,31.261589765548706,0.37407922744750977,-0.05361217260360718,0.18434343434343434
2,50,0.22312933708332022,0.4930243338086209,0.40668763587449414,26.319149257562295,0.4324622420678442,0.06056209174077665,1.623869018208499e-05,38.931196212768555,0.1624649465084076,-0.017628664150834084,0.19065656565656566
2,51,0.2200398119736691,0.5608164673438487,0.4718172063019497,28.681475181762426,0.4324622420678442,0.12835422527600449,1.5743756320098334e-05,32.625747203826904,0.24841013550758362,-0.01783597096800804,0.19696969696969693
2,52,0.21950705471087475,0.6089638660296421,0.5047871949517667,44.82369229326706,0.4324622420678442,0.17650162396179792,1.524800917149538e-05,31.60428500175476,0.17222808301448822,-0.02420266531407833,0.2032828282828283
2,53,0.21156967446512107,0.589625975734719,0.49177688803507735,35.1867137730545,0.4324622420678442,0.15716373366687475,1.4751990828504623e-05,31.10376763343811,0.2346668839454651,-0.013456081971526146,0.20959595959595959
2,54,0.2146275586315564,0.605280693205887,0.5044435021019587,36.16621073722091,0.4324622420678442,0.17281845113804273,1.4256243679901665e-05,31.185373544692993,0.15211185812950134,-0.04718662425875664,0.21590909090909086
2,55,0.19899579107153173,0.613580924037101,0.5119639538704652,44.52599437490512,0.4324622420678442,0.18111868196925673,1.3761309817915017e-05,37.21189260482788,0.15098272264003754,-0.02230825088918209,0.2222222222222222
2,56,0.20245396163390608,0.5968347731350584,0.5007019434126937,38.38010259294302,0.4324622420678442,0.16437253106721417,1.3267730445456208e-05,32.138227462768555,0.3654273450374603,0.14450091123580933,0.2285353535353535
2,57,0.18875244548734355,0.5346843899760322,0.4488886715512196,52.36404910115083,0.4324622420678442,0.10222214790818795,1.277604528432237e-05,31.52145481109619,0.20021438598632812,-0.037140361964702606,0.23484848484848486
2,58,0.19631377425120802,0.6005331959095404,0.510151919339136,27.63581875655086,0.4324622420678442,0.16807095384169612,1.2286791985018356e-05,30.754194498062134,0.21677374839782715,-0.015166579745709896,0.24116161616161613
2,59,0.19265379992370701,0.5907164999347234,0.5014233501706479,34.172945540143324,0.4324622420678442,0.1582542578668792,1.18005055388438e-05,30.839073419570923,0.3540480136871338,-0.027539070695638657,0.24747474747474743
2,60,0.1900731509133261,0.5420364571417157,0.455518223789516,32.55109681966345,0.4324622420678442,0.10957421507387144,1.1317717692888014e-05,37.28706359863281,0.21462111175060272,-0.17863743007183075,0.2537878787878788
2,61,0.1848709639541957,0.5867630391965863,0.4966434266562451,33.200353079528675,0.4324622420678442,0.15430079712874212,1.0838956368572335e-05,31.779966354370117,0.16162200272083282,-0.04324167221784592,0.26010101010101006
2,62,0.18588181797947204,0.5967664020158022,0.5023162233157681,34.399519642169246,0.4324622420678442,0.164304159947958,1.036474508437579e-05,31.488255500793457,0.1400483101606369,-0.04751309007406235,0.26641414141414144
2,63,0.17592245370757822,0.5853323044398959,0.49310011607131227,36.76906582468784,0.4324622420678442,0.1528700623720517,9.895602383375355e-06,30.771443843841553,0.1299813985824585,-0.01532995980232954,0.2727272727272727
2,64,0.16791571060917815,0.5693315859244902,0.4810536820954726,36.42988731393922,0.4324622420678442,0.13686934385664595,9.432041266226686e-06,31.727922916412354,0.128104105591774,-0.03524671867489815,0.27904040404040403
2,65,0.17498910404285606,0.577937883085163,0.4856215271913217,33.7056481291175,0.4324622420678442,0.1454756410173188,8.974568630205462e-06,36.29980492591858,0.18016967177391052,-0.2702339291572571,0.28535353535353536
2,66,0.17405385972589862,0.5751741351646326,0.48760737088506517,33.450526497867884,0.4324622420678442,0.14271189309678833,8.523684714922608e-06,32.254876375198364,0.18056675791740417,-0.09701182693243027,0.29166666666666663
2,67,0.17054003629149223,0.5823504695148534,0.49435111692783,29.424109223500892,0.4324622420678442,0.14988822744700914,8.079882555319685e-06,30.891789436340332,0.12706932425498962,-0.010626038536429405,0.29797979797979796
2,68,0.1603323789883633,0.5676303856905625,0.48171288039181825,31.98234786303759,0.4324622420678442,0.13516814362271823,7.643647442542383e-06,30.99453091621399,0.1932673305273056,-0.02692398987710476,0.3042929292929293
2,69,0.17060494103602,0.6036174512446855,0.5099755311573259,30.16593015131051,0.4324622420678442,0.17115520917684124,7.215456393281777e-06,31.87831211090088,0.4114110469818115,-0.01706651598215103,0.3106060606060606
2,70,0.1652228291697648,0.5768998858032195,0.4917877187824134,34.218128783327764,0.4324622420678442,0.14443764373537527,6.795777628163599e-06,37.14314651489258,0.16937312483787537,-0.00421821279451251,0.3169191919191919
2,71,0.15550912673376044,0.5961562872433999,0.5063655973131294,29.67914203908184,0.4324622420678442,0.16369404517555564,6.3850700597558465e-06,32.223774909973145,0.09787558019161224,-0.06183326244354248,0.3232323232323232
2,72,0.16254820370552492,0.5922959240112161,0.5032953501514559,28.279703618234954,0.4324622420678442,0.15983368194337189,5.983782790754624e-06,31.00751781463623,0.16710296273231506,-0.3467387855052948,0.3295454545454546
2,73,0.15927082627099387,0.5985936687176872,0.508797158815039,29.58429621935996,0.4324622420678442,0.16613142664984293,5.592354622896944e-06,31.140366315841675,0.13485907018184662,-0.013625046238303185,0.3358585858585858
2,74,0.15379689154880388,0.591098541805657,0.503508019717666,27.846696954316794,0.4324622420678442,0.1586362997378128,5.21121357713747e-06,31.29398012161255,0.1444578319787979,-0.031208565458655357,0.3421717171717171
2,75,0.1553217490412751,0.6035210445389738,0.5139829448261801,29.717857191542297,0.4324622420678442,0.1710588024711296,4.840776425613887e-06,38.11733078956604,0.16033580899238586,0.019872015342116356,0.3484848484848485
2,76,0.14921972984258008,0.5883304019552257,0.5010310024023248,29.400383202521606,0.4324622420678442,0.15586815988738145,4.481448235912671e-06,32.649354219436646,0.14265990257263184,-0.051593534648418427,0.3547979797979797
2,77,0.14993535377541367,0.5778078327392027,0.4917342577273293,26.233170767157347,0.4324622420678442,0.14534559067135844,4.133621928133666e-06,30.98836612701416,0.15578040480613708,-0.010555769316852093,0.36111111111111105
2,78,0.14373472986780866,0.5831478781524276,0.49517245124322956,29.927304238598175,0.4324622420678442,0.1506856360845834,3.7976778452376966e-06,30.844099283218384,0.1619952768087387,-0.025936812162399292,0.36742424242424243
2,79,0.15403988995418258,0.5849949045027542,0.49504206879646784,28.43991868653117,0.4324622420678442,0.15253266243490993,3.473983337147118e-06,30.83485460281372,0.18202432990074158,-0.006330253090709448,0.37373737373737376
2,80,0.14231647399007058,0.582732173479713,0.49376656436385297,28.162114345097574,0.4324622420678442,0.15026993141186873,3.162892359054098e-06,37.29887652397156,0.12746980786323547,-0.04243382811546326,0.38005050505050497
2,81,0.14102348183490793,0.586653396160212,0.49641807643739233,27.856208239855277,0.4324622420678442,0.15419115409236772,2.86474508437579e-06,31.65542221069336,0.16703538596630096,-0.013542396947741508,0.38636363636363635
2,82,0.14088280225286678,0.5935454633179985,0.5049297356319484,28.78330750573014,0.4324622420678442,0.16108322125015428,2.5798675327796994e-06,30.981799125671387,0.10882299393415451,-0.04836546629667282,0.3926767676767677
2,83,0.13556643499403584,0.5871324144783314,0.4973875603590864,27.55054536038367,0.4324622420678442,0.1546701724104872,2.308571213685967e-06,30.58722233772278,0.18305061757564545,-0.030125495046377182,0.3989898989898989
2,84,0.1346727928184733,0.5897353976753902,0.49961374786528273,28.35976397830541,0.4324622420678442,0.15727315560754596,2.0511527856363916e-06,31.074262619018555,0.08451907336711884,-0.08431842923164368,0.4053030303030303
2,85,0.13545804539201212,0.5900260937146848,0.5009826975938791,28.49712110763336,0.4324622420678442,0.1575638516468406,1.8078937319026655e-06,37.650378465652466,0.10751384496688843,-0.04894403740763664,0.4116161616161616
2,86,0.13487308578831808,0.5927896233736615,0.5044909586746262,26.426621531022647,0.4324622420678442,0.16032738130581725,1.579060052688548e-06,32.09600615501404,0.12886671721935272,-0.04658833146095276,0.417929292929293
2,87,0.14139676116863076,0.5917544840052145,0.5034067550274217,28.153752595146635,0.4324622420678442,0.15929224193737024,1.3649019742625624e-06,30.434621334075928,0.16235890984535217,-0.017977140843868256,0.4242424242424242
2,88,0.13753230504843653,0.5891006507925652,0.5008529595539513,28.06252172056148,0.4324622420678442,0.156638408724721,1.1656536753392288e-06,30.597790241241455,0.12377198785543442,-0.04301198571920395,0.4305555555555555
2,89,0.13413552118807423,0.5909779003533676,0.5024130492738962,28.52557893712591,0.4324622420678442,0.1585156582855234,9.815330310080889e-07,30.32549238204956,0.155129536986351,-0.010275771841406822,0.4368686868686869
2,90,0.13162647811125736,0.5872213694953604,0.49858534698009715,27.72332810420288,0.4324622420678442,0.15475912742751619,8.127413744904805e-07,36.268410205841064,0.08474501222372055,-0.1213325709104538,0.4431818181818181
2,91,0.14065449449176692,0.5876362089434308,0.4994353626043166,27.46982908480204,0.4324622420678442,0.1551739668755866,6.594632769846353e-07,31.643385648727417,0.11140616238117218,-0.02566051110625267,0.44949494949494945
2,92,0.13060060614834026,0.5896217746779104,0.5013311407907008,27.37605370546265,0.4324622420678442,0.1571595326100662,5.218663458397716e-07,30.36807155609131,0.1597101390361786,-0.05320478603243828,0.45580808080808083
2,93,0.1321521579306953,0.5870078372295042,0.49882354650289124,27.15569322053252,0.4324622420678442,0.15454559516166,4.0010104127991385e-07,30.786887407302856,0.15294164419174194,-0.04212493449449539,0.46212121212121215
2,94,0.1320870362070142,0.5859340580280432,0.49747914082591294,27.16633122214083,0.4324622420678442,0.153471815960199,2.943005118778597e-07,30.607569694519043,0.17803888022899628,-0.036451660096645355,0.46843434343434337
2,95,0.13105636325721837,0.5875218479372889,0.49919642508668083,27.348313258608506,0.4324622420678442,0.15505960586944467,2.0458044895916516e-07,36.584243059158325,0.16617344319820404,-0.07970040291547775,0.47474747474747475
2,96,0.13087341022126528,0.5884610222807991,0.5003637771359323,27.393514318160747,0.4324622420678442,0.15599878021295488,1.3103896009537207e-07,31.416250705718994,0.09114011377096176,-0.029025813564658165,0.4810606060606061
2,97,0.12978366815618106,0.5883978480759615,0.5001642558064682,27.428179316347663,0.4324622420678442,0.1559356060081173,7.375646182482875e-08,30.28605604171753,0.15188708901405334,-0.01301842462271452,0.4873737373737373
2,98,0.12579962884893223,0.588004419245145,0.4997779141612759,27.40488568275704,0.4324622420678442,0.1555421771773008,3.279559171838198e-08,30.599259614944458,0.17351341247558594,-0.009955525398254395,0.4936868686868687
2,99,0.12671240084633537,0.5880288429901466,0.4998537697812823,27.40724446782357,0.4324622420678442,0.15556660092230234,8.201139886109265e-09,30.172579765319824,0.10912647098302841,-0.0473293773829937,0.5
3,0,0.7939756889732517,0.41675924214072707,0.2871432563866849,82.96100493431722,0.41153481387066854,0.005224428270058534,6e-06,17.582167148590088,0.7564284801483154,0.0,0.0
3,1,0.6675993222363141,0.4482851090611845,0.315011428270235,92.22165633303892,0.41153481387066854,0.03675029519051598,1.2e-05,15.752150058746338,0.7295037508010864,0.0,0.0
3,2,0.6371532903642071,0.5004510631749675,0.36916307515489155,67.00131423589875,0.41153481387066854,0.08891624930429892,1.8e-05,15.311239957809448,0.6754343509674072,0.0,0.0
3,3,0.64927169315669,0.5482980788426994,0.41252022936666854,65.98809796823129,0.41153481387066854,0.1367632649720309,2.4e-05,24.13128423690796,0.6536620855331421,0.0,0.0
3,4,0.5948135299342019,0.4520044724736357,0.3111516312463723,88.90339867491178,0.41153481387066854,0.04046965860296714,3.0000000000000004e-05,25.420459747314453,0.6820361614227295,0.0,0.0
3,5,0.568305779476555,0.5316274306214099,0.39062100756683643,82.64040823920188,0.41153481387066854,0.1200926167507414,3e-05,25.14573645591736,0.5490861535072327,0.0,0.0
3,6,0.5035199346591015,0.5910220940972172,0.4606291303233476,45.57171765784201,0.41153481387066854,0.17948728022654864,2.999179886011389e-05,24.298590660095215,0.4350871443748474,0.0,0.0
3,7,0.48791861503708117,0.6038676272810096,0.47256710220563697,60.14658214145677,0.41153481387066854,0.19233281341034109,2.9967204408281618e-05,24.89967679977417,0.4938342273235321,0.0,0.0
3,8,0.5403771132838969,0.4561332001636876,0.3295471884317287,79.1917710951208,0.41153481387066854,0.04459838629301904,2.9926243538175172e-05,25.170011520385742,0.6813799142837524,0.0,0.0
3,9,0.4464146181636927,0.6259291268710615,0.4890522646016846,39.227618821673595,0.41153481387066854,0.21439431300039297,2.9868961039904628e-05,24.399861812591553,0.3461037874221802,0.0,0.0
3,10,0.46465960540333573,0.576909073237335,0.4494231155175918,59.52517923560148,0.41153481387066854,0.16537425936666644,2.9795419551040836e-05,27.581623792648315,0.4909335970878601,0.0,0.0
3,11,0.43169271885132304,0.5619680058897983,0.4391187631977857,44.44475871711969,0.41153481387066854,0.1504331920191298,2.970569948812214e-05,25.376928091049194,0.36174237728118896,0.0,0.0
3,12,0.435371818287032,0.640742787156525,0.5117148265377569,44.65987123423685,0.41153481387066854,0.22920797328585646,2.9599898958720088e-05,24.257599353790283,0.29557669162750244,0.0,0.0
3,13,0.4067304526664773,0.608018150403225,0.4843300531447283,43.517816877471354,0.41153481387066854,0.1964833365325565,2.947813365416023e-05,25.234444618225098,0.44061651825904846,0.0,0.0
3,14,0.42904628630803554,0.5886904709318065,0.4706246056515322,34.02954317863647,0.41153481387066854,0.17715565706113795,2.9340536723015367e-05,24.269014835357666,0.6204595565795898,0.0,0.0
3,15,0.43407792400340645,0.5879257027579567,0.47125128893515167,34.02202077491781,0.41153481387066854,0.1763908888872882,2.9187258625509518e-05,27.0190908908844,0.335683673620224,0.0,0.0
3,16,0.40253528496440577,0.6028728981879943,0.47495268669451685,47.597518561269474,0.41153481387066854,0.19133808431732574,2.9018466968991913e-05,24.968589782714844,0.16436557471752167,0.0,0.0
3,17,0.39960697688618485,0.6659043612527101,0.5445794919994255,27.338525454164202,0.41153481387066854,0.2543695473820416,2.883434632466077e-05,24.39129662513733,0.35846322774887085,0.0,0.0
3,18,0.3701850206268077,0.6027251351928001,0.4999520838617127,26.652907189220354,0.41153481387066854,0.1911903213221316,2.863509802573744e-05,24.917917013168335,0.15390647947788239,0.0,0.0
3,19,0.39701504640433255,0.5992025722087501,0.47950749644615503,33.976266330241465,0.41153481387066854,0.18766775833808153,2.8420939947311454e-05,24.314667224884033,0.6866520643234253,0.0,0.0
3,20,0.38304211047230935,0.6295484099135357,0.5063760941738663,39.208109545815894,0.41153481387066854,0.21801359604286713,2.8192106268097336e-05,36.3418231010437,0.5983059406280518,0.24978503584861755,0.0012626262626262534
3,21,0.38133230410060104,0.6293328534244499,0.5065909562114181,46.96661801520856,0.41153481387066854,0.21779803955378135,2.794884721436361e-05,31.79026961326599,0.2969393730163574,0.03217585012316704,0.0075757575757575725
3,22,0.34011465493513615,0.503864965675976,0.4065615720983127,36.078450885728955,0.41153481387066854,0.09233015180530751,2.769142878631403e-05,30.514910221099854,0.3116650879383087,-0.0013932909350842237,0.013888888888888874
3,23,0.38359363225041604,0.5410917617857554,0.4193855255355848,60.48599856208773,0.41153481387066854,0.12955694791508682,2.74201324672203e-05,30.525251865386963,0.49215614795684814,0.1232481449842453,0.020202020202020193
3,24,0.3717460887772696,0.6067466134561831,0.49074997106631785,38.75422314447051,0.41153481387066854,0.19521179958551454,2.7135254915624213e-05,31.15787649154663,0.16786359250545502,-0.039274949580430984,0.026515151515151512
3,25,0.3524456028731502,0.643201141948137,0.5100512008383188,53.72808802275393,0.41153481387066854,0.2316663280774685,2.6837107640945904e-05,36.54304814338684,0.44314634799957275,0.07305173575878143,0.03282828282828283
3,26,0.35295638776555355,0.6400167054542987,0.5239856421049288,31.94843165895428,0.41153481387066854,0.22848189158363014,2.6526016662852887e-05,31.672057390213013,0.4260895848274231,0.07945743203163147,0.03914141414141415
3,27,0.346781348391455,0.5828461570972143,0.4460701819698838,48.38667439444854,0.41153481387066854,0.1713113432265458,2.620232215476231e-05,30.684605598449707,0.42897799611091614,0.1050761491060257,0.045454545454545435
3,28,0.335066378420713,0.6293492034326199,0.5107351797256754,45.19500017819362,0.41153481387066854,0.21781438956195137,2.5866378071866338e-05,30.6617534160614,0.17812901735305786,-0.0832829475402832,0.051767676767676754
3,29,0.3346109692843593,0.6184877312650686,0.4883508113047439,51.05578475043783,0.41153481387066854,0.20695291739440008,2.5518551764087326e-05,31.114724159240723,0.4628877341747284,-0.06494802981615067,0.05808080808080807
3,30,0.31366298606201093,0.6390273033074522,0.5119301383261504,43.95549694748147,0.41153481387066854,0.22749248943678363,2.5159223574386117e-05,36.205583572387695,0.3144790530204773,0.035069383680820465,0.06439393939393939
3,31,0.31237440510671965,0.6308524339697413,0.5162799523231261,28.734247606191104,0.41153481387066854,0.2193176200990728,2.478878642286253e-05,32.155113697052,0.3744678795337677,-0.12087181210517883,0.0707070707070707
3,32,0.3304102283959486,0.6881794232759608,0.5670822926546685,36.945461498656265,0.41153481387066854,0.2766446094052923,2.4407645377103056e-05,31.864888668060303,0.26503950357437134,0.024529781192541122,0.07702020202020203
3,33,0.2899497793037064,0.6408856923314535,0.5350888312022136,25.726390124069997,0.41153481387066854,0.229350878460785,2.4016217209245377e-05,33.065109968185425,0.15343952178955078,-0.027203354984521866,0.08333333333333331
3,34,0.29940132188553714,0.640294162327317,0.5281227713118753,29.94512159664303,0.41153481387066854,0.22875934845664841,2.3614929940244155e-05,31.052592039108276,0.37973541021347046,-0.021213967353105545,0.08964646464646463
3,35,0.3032799737185848,0.5624127914518694,0.4580061852198356,28.620784665339333,0.41153481387066854,0.15087797758120086,2.320422237183641e-05,35.80704402923584,0.34608495235443115,-0.0183754563331604,0.09595959595959595
3,36,0.3119237249603077,0.6348456605221037,0.5264300785929831,28.811910452091052,0.41153481387066854,0.22331084665143514,2.2784543606718227e-05,32.29214119911194,0.6308354139328003,0.0941072404384613,0.10227272727272727
3,37,0.28673272960040036,0.6380449868907947,0.5258985706703355,33.2695376874495,0.41153481387066854,0.22651017302012616,2.2356352557457624e-05,32.03725600242615,0.1836029440164566,-0.03633126989006996,0.10858585858585859
3,38,0.2867711961877589,0.6456703391249115,0.5467897948422582,21.540813107414785,0.41153481387066854,0.23413552525424292,2.1920117444680317e-05,31.065002918243408,0.20466828346252441,-0.027597105130553246,0.11489898989898988
3,39,0.2847774392183946,0.6151552571506435,0.5114230506958913,36.999830024456024,0.41153481387066854,0.20362044327997492,2.1476315285077393e-05,30.639535427093506,0.18235519528388977,-0.0442483127117157,0.12121212121212119
3,40,0.27320196525174745,0.6425151875455531,0.5374096046120522,29.986889061942094,0.41153481387066854,0.2309803736748846,2.1025431369794546e-05,36.869518995285034,0.19871580600738525,0.0237705260515213,0.1275252525252525
3,41,0.260935440659523,0.5982569368938416,0.5054832224129704,25.01752733778676,0.41153481387066854,0.1867221230231731,2.056795873377331e-05,32.532636642456055,0.23788633942604065,-0.014531257562339306,0.1338383838383838
3,42,0.26448835538966314,0.6788256116143886,0.5699078003221281,39.3162264174733,0.41153481387066854,0.26729079774372005,2.0104397616624646e-05,31.141267776489258,0.16796788573265076,-0.01581115461885929,0.14015151515151514
3,43,0.26374160513585926,0.4756388718758715,0.39900205934185345,33.17717725617112,0.41153481387066854,0.06410405800520297,1.963525491562421e-05,31.182721376419067,0.5147534608840942,0.08502901345491409,0.14646464646464646
3,44,0.2721489272555526,0.6163253396716107,0.5194865086406427,32.84415736775137,0.41153481387066854,0.2047905258009422,1.916104363142767e-05,30.941893815994263,0.2844848036766052,-0.12623842060565948,0.15277777777777773
3,45,0.25699467120730146,0.6657579399450538,0.5556226506662129,27.105910438509014,0.41153481387066854,0.2542231260743853,1.8682282307111988e-05,37.96409845352173,0.1457364708185196,-0.053498104214668274,0.15909090909090906
3,46,0.2512753017398776,0.636625676122876,0.5357718299984128,21.179111746847216,0.41153481387066854,0.22509086225220748,1.8199494461156203e-05,31.68988347053528,0.35043102502822876,-0.02888922020792961,0.1654040404040404
3,47,0.2607458168450667,0.5877241045649219,0.5028407161345099,31.12579435628067,0.41153481387066854,0.17618929069425332,1.771320801498165e-05,30.69986367225647,0.20638394355773926,-0.39545953273773193,0.1717171717171717
3,48,0.2388875788571883,0.6372427803101038,0.530810114582485,34.127219896504705,0.41153481387066854,0.2257079664394353,1.722395471567763e-05,30.8770649433136,0.19320644438266754,-0.07725200057029724,0.178030303030303
3,49,0.24090030926222705,0.6414995384117299,0.5401615950036743,30.110867249618224,0.41153481387066854,0.22996472454106137,1.6732269554543794e-05,30.949718713760376,0.2521206736564636,-0.04665679484605789,0.18434343434343434
3,50,0.2272588615210689,0.6557855428690075,0.556124484308492,24.633486694230005,0.41153481387066854,0.24425072899833894,1.623869018208499e-05,37.916743516922,0.13722744584083557,-0.029140431433916092,0.19065656565656566
3,51,0.23377185254072658,0.6694891179663843,0.566034792058488,21.293602781974013,0.41153481387066854,0.2579543040957158,1.5743756320098334e-05,31.321960926055908,0.14117741584777832,-0.0474371463060379,0.19696969696969693
3,52,0.23695930686532235,0.6786277391471748,0.5834509152072889,26.39131851771673,0.41153481387066854,0.26709292527650624,1.524800917149538e-05,31.67737340927124,0.1982448399066925,-0.01949484273791313,0.2032828282828283
3,53,0.23409860398696394,0.671395654960789,0.5669300721971697,29.49241890409428,0.41153481387066854,0.2598608410901205,1.4751990828504623e-05,30.610553741455078,0.1492021381855011,-0.0374194011092186,0.20959595959595959
3,54,0.2149184857095991,0.6819202911899113,0.5783874443391298,29.83046087331507,0.41153481387066854,0.27038547731924273,1.4256243679901665e-05,31.291963815689087,0.2837035059928894,-0.010167486034333706,0.21590909090909086
3,55,0.23123652640045905,0.6716831743146149,0.5736507115698827,28.0334676143869,0.41153481387066854,0.26014836044394635,1.3761309817915017e-05,37.09517526626587,0.14525845646858215,-0.046755652874708176,0.2222222222222222
3,56,0.21205010135867158,0.6485763963337785,0.5460103434645729,35.57430590614112,0.41153481387066854,0.23704158246310997,1.3267730445456208e-05,32.155044078826904,0.21906502544879913,-0.023789696395397186,0.2285353535353535
3,57,0.21270830016963335,0.6794386649846876,0.5774688602676834,36.79014558384024,0.41153481387066854,0.2679038511140191,1.277604528432237e-05,31.142296314239502,0.31782111525535583,-0.010311324149370193,0.23484848484848486
3,58,0.20630098803310978,0.6967023291230191,0.597285099957012,22.121847538498177,0.41153481387066854,0.28516751525235057,1.2286791985018356e-05,30.80633568763733,0.19378001987934113,-0.029613154008984566,0.24116161616161613
3,59,0.20602435877128522,0.6600731530747669,0.5648101807997551,30.846809492860956,0.41153481387066854,0.24853833920409835,1.18005055388438e-05,32.40613794326782,0.1827334463596344,-0.037954237312078476,0.24747474747474743
3,60,0.19806730732017633,0.629484006124843,0.5369249263696444,24.212726187929114,0.41153481387066854,0.21794919225417447,1.1317717692888014e-05,37.3784339427948,0.15269091725349426,-0.08244547247886658,0.2537878787878788
3,61,0.19339505864345297,0.6253031195704041,0.5322592748038852,33.08233476306558,0.41153481387066854,0.21376830569973554,1.0838956368572335e-05,32.351540327072144,0.3846362829208374,0.009042207151651382,0.26010101010101006
3,62,0.19753641908874317,0.6849936618787401,0.5817804390643975,36.95950075590197,0.41153481387066854,0.2734588480080716,1.036474508437579e-05,31.883354425430298,0.27222996950149536,-0.0224534273147583,0.26641414141414144
3,63,0.19549657480449092,0.632145803914575,0.5403961067988243,23.131113197260078,0.41153481387066854,0.22061099004390644,9.895602383375355e-06,31.885759592056274,0.12364119291305542,-0.6121172904968262,0.2727272727272727
3,64,0.18827154791476775,0.6679563268545632,0.5710826903110339,27.570768198647844,0.41153481387066854,0.25642151298389465,9.432041266226686e-06,31.52699613571167,0.15752393007278442,-0.02087649703025818,0.27904040404040403
3,65,0.18214546022366504,0.6801958912779703,0.5806084293498425,20.73036881914714,0.41153481387066854,0.2686610774073018,8.974568630205462e-06,37.55582642555237,0.13686272501945496,-0.057809337973594666,0.28535353535353536
3,66,0.17827780065791948,0.5704204071953799,0.4894932033100939,21.845141074093295,0.41153481387066854,0.15888559332471136,8.523684714922608e-06,31.82861852645874,0.21164235472679138,-0.07274875044822693,0.29166666666666663
3,67,0.1759254496012415,0.6517845342172728,0.5644673562379974,23.447896416960624,0.41153481387066854,0.24024972034660425,8.079882555319685e-06,30.87899875640869,0.32491588592529297,-0.03634882718324661,0.29797979797979796
3,68,0.18734492270313963,0.6598025136516749,0.5711745697310188,24.26071661720312,0.41153481387066854,0.24826769978100632,7.643647442542383e-06,31.85982060432434,0.11599604040384293,-0.04287002235651016,0.3042929292929293
3,69,0.1786662854102193,0.6553120897972204,0.5640262970363293,25.160445611085596,0.41153481387066854,0.2437772759265519,7.215456393281777e-06,31.213658809661865,0.35956889390945435,-0.02895684540271759,0.3106060606060606
3,70,0.17553234541294527,0.6972658146280727,0.5987770190939216,26.22478093124616,0.41153481387066854,0.28573100075740415,6.795777628163599e-06,36.27916741371155,0.17170444130897522,-0.17358294129371643,0.3169191919191919
3,71,0.17930178861228788,0.6687671558576199,0.5783153688437407,23.78124746817961,0.41153481387066854,0.2572323419869514,6.3850700597558465e-06,32.60282897949219,0.11939534544944763,-0.07414020597934723,0.3232323232323232
3,72,0.16653799919449552,0.642422282510335,0.5514370701704595,27.83932843345543,0.41153481387066854,0.23088746863966642,5.983782790754624e-06,30.793586492538452,0.32197821140289307,-0.048205405473709106,0.3295454545454546
3,73,0.17236123994296912,0.6287796238962883,0.541861651562247,23.762324560816218,0.41153481387066854,0.21724481002561974,5.592354622896944e-06,31.608173608779907,0.25202280282974243,-0.06161830574274063,0.3358585858585858
3,74,0.16888501023759647,0.6704341382771201,0.5771214961575969,20.569762921584097,0.41153481387066854,0.2588993244064515,5.21121357713747e-06,31.38025712966919,0.13391847908496857,-0.06345006823539734,0.3421717171717171
3,75,0.1670975724653322,0.6576891183871645,0.5662484521514839,23.366727356002695,0.41153481387066854,0.24615430451649595,4.840776425613887e-06,36.12963795661926,0.14183488488197327,-0.06332742422819138,0.3484848484848485
3,76,0.16533063488955402,0.6568056012855613,0.5690151749786351,22.217297074962023,0.41153481387066854,0.24527078741489278,4.481448235912671e-06,32.15708255767822,0.1796547919511795,-0.025357352569699287,0.3547979797979797
3,77,0.15770079970968012,0.6359262019025685,0.5491659537255761,25.67347603796432,0.41153481387066854,0.2243913880319,4.133621928133666e-06,31.20906925201416,0.19988414645195007,-0.013629861176013947,0.36111111111111105
3,78,0.158442528120109,0.6746800621643171,0.5827646178378411,26.86335330627202,0.41153481387066854,0.26314524829364855,3.7976778452376966e-06,30.986581563949585,0.15193787217140198,-0.05644064396619797,0.36742424242424243
3,79,0.15718524811827406,0.6665520628137416,0.5762938476705434,25.1119751363096,0.41153481387066854,0.25501724894307304,3.473983337147118e-06,30.97556710243225,0.12077970802783966,-0.05475892126560211,0.37373737373737376
3,80,0.15954607421038103,0.6657647362536019,0.5728005963039489,25.01474455196528,0.41153481387066854,0.25422992238293335,3.162892359054098e-06,37.26482367515564,0.23006555438041687,-0.006706242449581623,0.38005050505050497
3,81,0.1593426010590427,0.6554086814140482,0.5624136175602388,25.499487019134715,0.41153481387066854,0.24387386754337964,2.86474508437579e-06,31.510438442230225,0.10284396260976791,-0.13462290167808533,0.38636363636363635
3,82,0.1534813900991362,0.6257711432781995,0.5362941441202579,25.667453987306374,0.41153481387066854,0.21423632940753096,2.5798675327796994e-06,31.709310054779053,0.11059814691543579,-0.01939701847732067,0.3926767676767677
3,83,0.14652718497174128,0.615917043681057,0.5303830909909353,24.183673102662596,0.41153481387066854,0.2043822298103885,2.308571213685967e-06,31.197940826416016,0.14726069569587708,-0.0179586224257946,0.3989898989898989
3,84,0.1531827636063099,0.6296349765905216,0.5403272540709886,24.01478307750064,0.41153481387066854,0.21810016271985305,2.0511527856363916e-06,30.94878125190735,0.2987215518951416,-0.03484903648495674,0.4053030303030303
3,85,0.14816274874064386,0.6557488950564924,0.5626145284291333,21.605053528697066,0.41153481387066854,0.24421408118582383,1.8078937319026655e-06,35.93614912033081,0.15253762900829315,-0.014907820150256157,0.4116161616161616
3,86,0.14289200853328315,0.6648782577373357,0.5733113318928926,21.591333282756278,0.41153481387066854,0.25334344386666713,1.579060052688548e-06,31.179105043411255,0.17531201243400574,-0.017256779596209526,0.417929292929293
3,87,0.15487868224783818,0.6484918254265232,0.5558202608103545,22.42450711359628,0.41153481387066854,0.23695701155585464,1.3649019742625624e-06,30.974891901016235,0.1472259759902954,-0.012313252314925194,0.4242424242424242
3,88,0.14315556894455636,0.6562372675053298,0.5647125938748624,22.25388489868482,0.41153481387066854,0.2447024536346613,1.1656536753392288e-06,30.96275019645691,0.11684457212686539,-0.5479690432548523,0.4305555555555555
3,89,0.14708273644958222,0.6521918586323949,0.5607124876324242,22.407138954567248,0.41153481387066854,0.2406570447617264,9.815330310080889e-07,30.972952127456665,0.238037109375,0.0016726028406992555,0.4368686868686869
3,90,0.1360654387699098,0.6613991550180183,0.5693278422776573,22.98445079177235,0.41153481387066854,0.24986434114734973,8.127413744904805e-07,37.09827542304993,0.3537747859954834,-0.03279409557580948,0.4431818181818181
3,91,0.14066506108763266,0.6535551574203627,0.562860770716399,23.4632911148287,0.41153481387066854,0.2420203435496942,6.594632769846353e-07,32.22614622116089,0.14030523598194122,-0.011295046657323837,0.44949494949494945
3,92,0.14593251520881848,0.6621459234349759,0.5728780190114602,23.030696761882712,0.41153481387066854,0.2506111095643074,5.218663458397716e-07,30.95177125930786,0.09830063581466675,-0.4151783883571625,0.45580808080808083
3,93,0.14556947015986152,0.6620700972209819,0.5726693768410348,22.996643464341716,0.41153481387066854,0.25053528335031333,4.0010104127991385e-07,31.325063943862915,0.1152467280626297,-0.01090878713876009,0.46212121212121215
3,94,0.13789766912861745,0.6595125371827436,0.5701979420690562,22.917121859661282,0.41153481387066854,0.24797772331207507,2.943005118778597e-07,31.24040460586548,0.16255317628383636,-0.04879245534539223,0.46843434343434337
3,95,0.13520731077510484,0.6570558473705408,0.566841791935966,22.96531468235765,0.41153481387066854,0.24552103349987225,2.0458044895916516e-07,37.5818350315094,0.12325286865234375,-0.1466403752565384,0.47474747474747475
3,96,0.1394177497345574,0.6555415969681523,0.5649165157655113,22.956573725911728,0.41153481387066854,0.24400678309748375,1.3103896009537207e-07,32.05834078788757,0.13960811495780945,-0.029368005692958832,0.4810606060606061
3,97,0.13948668904450476,0.6569905395718514,0.5663604709045594,23.10106857427339,0.41153481387066854,0.24545572570118285,7.375646182482875e-08,31.067414045333862,0.1652442216873169,-0.42196959257125854,0.4873737373737373
3,98,0.136929524644297,0.6569317608803262,0.5663664066302838,23.10754946469072,0.41153481387066854,0.2453969470096577,3.279559171838198e-08,31.848822355270386,0.131120964884758,-0.021142277866601944,0.4936868686868687
3,99,0.13062836944448705,0.6569678992367057,0.5664342218908557,23.086386577109604,0.41153481387066854,0.2454330853660372,8.201139886109265e-09,31.358041048049927,0.37119993567466736,-0.007629271596670151,0.5
4,0,0.7936609429972512,0.40499651620066013,0.28577468011807117,102.12166958504353,0.37905462830833797,0.025941887892322157,6e-06,18.635295629501343,0.8235605359077454,0.0,0.0
4,1,0.6607604501198749,0.45096351323873246,0.3267524983656591,98.89742017104221,0.37905462830833797,0.07190888493039449,1.2e-05,16.29438281059265,0.7411242127418518,0.0,0.0
4,2,0.6289417682861795,0.4776226073307102,0.35543751775947524,72.67240580942165,0.37905462830833797,0.09856797902237224,1.8e-05,15.863725423812866,0.7943034172058105,0.0,0.0
4,3,0.641855966679904,0.490081910368888,0.3763222483660554,67.34194248888706,0.37905462830833797,0.11102728206055001,2.4e-05,24.67424750328064,0.6305474042892456,0.0,0.0
4,4,0.5710190279143197,0.4662579799064061,0.3483930444059917,68.9635905878285,0.37905462830833797,0.08720335159806814,3.0000000000000004e-05,25.692179441452026,0.6833662986755371,0.0,0.0
4,5,0.5609935953909037,0.5450843259747961,0.4203392469353043,69.21987221212748,0.37905462830833797,0.1660296976664581,3e-05,25.23874044418335,0.6155034303665161,0.0,0.0
4,6,0.5018325213875089,0.508028997709501,0.388849545630314,69.84186555404357,0.37905462830833797,0.12897436940116308,2.999179886011389e-05,25.43410086631775,0.4435925781726837,0.0,0.0
4,7,0.5001559966072744,0.4888008428889723,0.38541453393345515,49.82429745429832,0.37905462830833797,0.10974621458063433,2.9967204408281618e-05,24.278762817382812,0.42229607701301575,0.0,0.0
4,8,0.4842038854044311,0.5754735351197647,0.45454794498622303,49.718164622887805,0.37905462830833797,0.19641890681142676,2.9926243538175172e-05,24.979893684387207,0.25407543778419495,0.0,0.0
4,9,0.48335264957680996,0.5209204328111378,0.4089263679039094,60.165169383163004,0.37905462830833797,0.14186580450279979,2.9868961039904628e-05,25.090898275375366,0.43777790665626526,0.0,0.0
4,10,0.4607345857182328,0.5729819177999318,0.4545481406944835,51.516891054366006,0.37905462830833797,0.19392728949159382,2.9795419551040836e-05,27.402650117874146,0.39271941781044006,0.0,0.0
4,11,0.46073346113672065,0.5360629014248719,0.4132458821368634,53.904584553292466,0.37905462830833797,0.15700827311653393,2.970569948812214e-05,25.29483699798584,0.43137484788894653,0.0,0.0
4,12,0.4191561773115275,0.4837596957130319,0.3907190531128137,42.16224074595635,0.37905462830833797,0.10470506740469393,2.9599898958720088e-05,24.30408215522766,0.30471453070640564,0.0,0.0
4,13,0.41092038580349516,0.5351990803048953,0.41721573303311094,59.47904925135138,0.37905462830833797,0.1561444519965573,2.947813365416023e-05,24.84167742729187,0.6532852649688721,0.0,0.0
4,14,0.41778527504327345,0.5573256021996947,0.44311463865427586,45.29264603690232,0.37905462830833797,0.17827097389135677,2.9340536723015367e-05,24.49777388572693,0.637188196182251,0.0,0.0
4,15,0.39862851403197463,0.6220443320252564,0.5092175947055972,47.80841064246291,0.37905462830833797,0.24298970371691847,2.9187258625509518e-05,27.978230237960815,0.37019699811935425,0.0,0.0
4,16,0.4099157032917957,0.6028359682601617,0.4838213031925034,45.21352466729837,0.37905462830833797,0.22378133995182375,2.9018466968991913e-05,25.707820892333984,0.38509228825569153,0.0,0.0
4,17,0.39892828586150186,0.5526827893764001,0.4498635854502428,44.903222305871466,0.37905462830833797,0.17362816106806217,2.883434632466077e-05,24.594871759414673,0.3604012727737427,0.0,0.0
4,18,0.4161720397521038,0.4394639527558584,0.36026604264193945,37.053110206902815,0.37905462830833797,0.06040932444752045,2.863509802573744e-05,24.31182289123535,0.3335362374782562,0.0,0.0
4,19,0.40074076974878503,0.583804265397465,0.48527622565323436,35.207541848414614,0.37905462830833797,0.20474963708912702,2.8420939947311454e-05,24.728506803512573,0.5668020248413086,0.0,0.0
4,20,0.3684586015891056,0.5957111787672638,0.480169517454936,48.53059432090047,0.37905462830833797,0.2166565504589258,2.8192106268097336e-05,36.981916666030884,0.5570058226585388,0.25418853759765625,0.0012626262626262534
4,21,0.38681066522792895,0.5867686116070739,0.4699349298907432,51.07460876924531,0.37905462830833797,0.20771398329873597,2.794884721436361e-05,32.560012102127075,0.4050787091255188,0.32872623205184937,0.0075757575757575725
4,22,0.3678850434264358,0.5970224189756536,0.48057349112874226,57.4946994279125,0.37905462830833797,0.2179677906673156,2.769142878631403e-05,30.58774471282959,0.3041146695613861,-0.004871007055044174,0.013888888888888874
4,23,0.3624678603848632,0.5904934214940841,0.4781266413292014,45.15286243097184,0.37905462830833797,0.21143879318574615,2.74201324672203e-05,31.023600578308105,0.32193171977996826,0.05758193880319595,0.020202020202020193
4,24,0.3558371523205115,0.580249179442457,0.46806494000764,44.39178752773535,0.37905462830833797,0.20119455113411905,2.7135254915624213e-05,31.385915756225586,0.18466661870479584,-0.011242041364312172,0.026515151515151512
4,25,0.34866843053272795,0.615170673905623,0.49188731120969353,53.24324860114481,0.37905462830833797,0.236116045597285,2.6837107640945904e-05,37.76398229598999,0.3090563416481018,0.13343995809555054,0.03282828282828283
4,26,0.32960349503828557,0.6140935001636947,0.5106418047089972,40.879404164001244,0.37905462830833797,0.2350388718553567,2.6526016662852887e-05,31.781866312026978,0.412189245223999,0.015836741775274277,0.03914141414141415
4,27,0.33765648822395167,0.593479403424147,0.49227051296459184,39.87047389860998,0.37905462830833797,0.21442477511580899,2.620232215476231e-05,30.482072830200195,0.3821929693222046,-0.009144611656665802,0.045454545454545435
4,28,0.3269324281385967,0.5709232293309195,0.4801990804192802,37.214086878035936,0.37905462830833797,0.19186860102258158,2.5866378071866338e-05,30.72621774673462,0.19787892699241638,-0.09061861038208008,0.051767676767676754
4,29,0.35186781475738604,0.6089444297264958,0.49067117280735134,56.90143031424481,0.37905462830833797,0.2298898014181578,2.5518551764087326e-05,30.71227741241455,0.2749209403991699,-0.07154443114995956,0.05808080808080807
4,30,0.3237668926618537,0.5722528256703788,0.45950169689166326,48.512402645275756,0.37905462830833797,0.19319819736204086,2.5159223574386117e-05,37.61814570426941,0.3070830702781677,-0.03061714582145214,0.06439393939393939
4,31,0.3025935137150239,0.6368378017724277,0.5305591690249807,43.26957541967528,0.37905462830833797,0.2577831734640897,2.478878642286253e-05,32.76651215553284,0.36654651165008545,-0.07475511729717255,0.0707070707070707
4,32,0.29725852213343795,0.6663658164420139,0.5637909618138811,29.362997665934035,0.37905462830833797,0.2873111881336759,2.4407645377103056e-05,33.262349367141724,0.19663366675376892,-0.008343035355210304,0.07702020202020203
4,33,0.29791323566923333,0.641123519503267,0.5355029596660342,35.72154825373632,0.37905462830833797,0.262068891194929,2.4016217209245377e-05,32.13883352279663,0.14098374545574188,-0.031409259885549545,0.08333333333333331
4,34,0.29791455305352504,0.6439920341001621,0.5448839689573037,32.7139224530055,0.37905462830833797,0.2649374057918242,2.3614929940244155e-05,31.09865689277649,0.23890917003154755,-0.05508460849523544,0.08964646464646463
4,35,0.2895803574700745,0.5844647575438043,0.4581143328914011,48.44819659025281,0.37905462830833797,0.20541012923546637,2.320422237183641e-05,37.25302219390869,0.19327372312545776,-0.09191863238811493,0.09595959595959595
4,36,0.3030842667331501,0.6556102828079623,0.5594156974725158,27.581168312498875,0.37905462830833797,0.2765556544996243,2.2784543606718227e-05,32.36327028274536,0.3759925961494446,0.03637796640396118,0.10227272727272727
4,37,0.2830668432371957,0.6548056933581397,0.5570599809048159,26.021965530132842,0.37905462830833797,0.2757510650498017,2.2356352557457624e-05,31.26086115837097,0.13879519701004028,-0.03286357969045639,0.10858585858585859
4,38,0.28789079371763737,0.6166226280090678,0.5206956408855498,31.82687262050846,0.37905462830833797,0.23756799970072978,2.1920117444680317e-05,30.771735191345215,0.276004433631897,-0.049134835600852966,0.11489898989898988
4,39,0.2540561991686724,0.6617551672531364,0.5612281728335825,26.42584510355221,0.37905462830833797,0.28270053894479846,2.1476315285077393e-05,30.672637939453125,0.18034672737121582,-0.044172048568725586,0.12121212121212119
4,40,0.256653792699989,0.6408757338779666,0.5477893770162306,26.9271759203768,0.37905462830833797,0.2618211055696286,2.1025431369794546e-05,38.11723327636719,0.21755944192409515,-0.029644250869750977,0.1275252525252525
4,41,0.25134828169735113,0.666722596881452,0.5707999161168446,26.520433375215276,0.37905462830833797,0.287667968573114,2.056795873377331e-05,31.98933434486389,0.2456623613834381,-0.01584608666598797,0.1338383838383838
4,42,0.2567945587999967,0.645593585380401,0.5618253559371039,35.45118856766214,0.37905462830833797,0.26653895707206304,2.0104397616624646e-05,32.45956587791443,0.16204068064689636,-0.014066634699702263,0.14015151515151514
4,43,0.25133991089402413,0.6237307703532013,0.5345900048191314,29.327560837812463,0.37905462830833797,0.24467614204486338,1.963525491562421e-05,31.20417809486389,0.3521522283554077,0.043868131935596466,0.14646464646464646
4,44,0.24264909418261782,0.6515500560102906,0.5439307790322765,43.45042151918719,0.37905462830833797,0.2724954277019526,1.916104363142767e-05,30.8984854221344,0.395662397146225,-0.001004110323265195,0.15277777777777773
4,45,0.23683752119541168,0.7059914312904025,0.6130391799162556,29.22479785687747,0.37905462830833797,0.32693680298206457,1.8682282307111988e-05,37.293707609176636,0.12728950381278992,-0.051893871277570724,0.15909090909090906
4,46,0.2365346997976303,0.6752013873047503,0.5801263899026874,35.352224867234526,0.37905462830833797,0.29614675899641235,1.8199494461156203e-05,33.509979486465454,0.35322731733322144,-0.04256005212664604,0.1654040404040404
4,47,0.23402658728312473,0.6949194804126452,0.5959004995535683,30.56498015423271,0.37905462830833797,0.3158648521043072,1.771320801498165e-05,30.550698041915894,0.24142120778560638,-0.21309679746627808,0.1717171717171717
4,48,0.2255179333139439,0.677248164822814,0.5801330269093038,35.543274428433776,0.37905462830833797,0.29819353651447605,1.722395471567763e-05,30.872487545013428,0.26380687952041626,-0.01679142750799656,0.178030303030303
4,49,0.2232695256873053,0.6612150890487042,0.5733419503710362,26.054405116971793,0.37905462830833797,0.2821604607403662,1.6732269554543794e-05,30.70862889289856,0.24333982169628143,-0.049695197492837906,0.18434343434343434
4,50,0.22258127800055913,0.6155691104067338,0.5337343435272633,29.889918554042612,0.37905462830833797,0.23651448209839582,1.623869018208499e-05,37.09200072288513,0.1364206224679947,-0.02679419331252575,0.19065656565656566
4,51,0.2165358966710616,0.6665597555964875,0.5741991757231175,31.306752326148544,0.37905462830833797,0.28750512728814953,1.5743756320098334e-05,30.70806860923767,0.14092692732810974,-0.048717230558395386,0.19696969696969693
4,52,0.22158278844186238,0.681678436103415,0.5844106270575014,24.892879142109194,0.37905462830833797,0.3026238077950771,1.524800917149538e-05,30.65065598487854,0.24663591384887695,-0.1027383953332901,0.2032828282828283
4,53,0.21373525930910695,0.6753663073150397,0.5739939641563282,35.63910458930916,0.37905462830833797,0.2963116790067017,1.4751990828504623e-05,30.772645711898804,0.15074148774147034,-0.0325198732316494,0.20959595959595959
4,54,0.2120425567335012,0.6312387807817387,0.537175022545503,30.59420494892971,0.37905462830833797,0.2521841524734007,1.4256243679901665e-05,30.575475215911865,0.37902435660362244,-0.01046800334006548,0.21590909090909086
4,55,0.21235195745010765,0.6865097883192198,0.5930318876554516,31.157102025559144,0.37905462830833797,0.30745516001088186,1.3761309817915017e-05,35.89484786987305,0.15806904435157776,-0.029849067330360413,0.2222222222222222
4,56,0.2043413148850811,0.6532164419335545,0.5608332410662941,38.990975314051695,0.37905462830833797,0.2741618136252166,1.3267730445456208e-05,32.01676964759827,0.21389348804950714,0.04301665723323822,0.2285353535353535
4,57,0.20798989157287442,0.6671757887160256,0.5730173370722405,32.21048452414,0.37905462830833797,0.2881211604076876,1.277604528432237e-05,30.634385585784912,0.11177809536457062,-0.01798616722226143,0.23484848484848486
4,58,0.20290153367178781,0.6819039531496264,0.5832127407346243,32.855640409273384,0.37905462830833797,0.3028493248412884,1.2286791985018356e-05,30.462361097335815,0.1538887917995453,-0.026882853358983994,0.24116161616161613
4,59,0.19798181023524733,0.6664807191728903,0.5719610521896743,35.931339574400226,0.37905462830833797,0.28742609086455234,1.18005055388438e-05,31.20898938179016,0.20155730843544006,-0.037735097110271454,0.24747474747474743
4,60,0.18729737477034938,0.6314081436819333,0.5478934851164627,36.86177698114209,0.37905462830833797,0.25235351537359535,1.1317717692888014e-05,38.824498891830444,0.15549015998840332,-0.08900223672389984,0.2537878787878788
4,61,0.19195355155638286,0.695471050544915,0.605531227274148,28.33155032754784,0.37905462830833797,0.316416422236577,1.0838956368572335e-05,30.89239525794983,0.18979132175445557,-0.021498940885066986,0.26010101010101006
4,62,0.18458282232892756,0.626881495733611,0.541846415799067,33.26419173679697,0.37905462830833797,0.247826867425273,1.036474508437579e-05,30.988627433776855,0.2556089162826538,-0.024150222539901733,0.26641414141414144
4,63,0.17651344014673817,0.6679862429854109,0.5726336185151227,25.84183386538252,0.37905462830833797,0.2889316146770729,9.895602383375355e-06,30.721137762069702,0.12093036621809006,-0.6022137403488159,0.2727272727272727
4,64,0.18121075478135323,0.6886056635696233,0.5952499574214075,31.12613934162092,0.37905462830833797,0.3095510352612853,9.432041266226686e-06,31.396597623825073,0.13921360671520233,-0.023051157593727112,0.27904040404040403
4,65,0.18019435509127013,0.6681613862053274,0.5767015358104414,29.784197124538586,0.37905462830833797,0.2891067578969894,8.974568630205462e-06,35.74048447608948,0.14524894952774048,-0.05259792506694794,0.28535353535353536
4,66,0.17283891080593577,0.6417697049593322,0.5599138093625788,28.956518477253677,0.37905462830833797,0.2627150766509942,8.523684714922608e-06,30.95129370689392,0.1521904617547989,-0.15998205542564392,0.29166666666666663
4,67,0.1736664717294732,0.6517712090580585,0.5607186994763341,29.602264268467643,0.37905462830833797,0.27271658074972055,8.079882555319685e-06,30.007192373275757,0.34460610151290894,-0.020874476060271263,0.29797979797979796
4,68,0.16991185898683508,0.6512591597753034,0.5627731203293473,30.08228860171462,0.37905462830833797,0.2722045314669654,7.643647442542383e-06,30.628822565078735,0.14864814281463623,-0.0414043590426445,0.3042929292929293
4,69,0.16685236503883283,0.6480102608060384,0.5591419871603844,28.265879771508406,0.37905462830833797,0.26895563249770044,7.215456393281777e-06,30.93174982070923,0.15983861684799194,-0.03342249244451523,0.3106060606060606
4,70,0.17810954776953677,0.6682047934974635,0.5824547985629652,27.938413777965316,0.37905462830833797,0.28915016518912556,6.795777628163599e-06,36.76583695411682,0.17671990394592285,-0.007473015692085028,0.3169191919191919
4,71,0.16328249339546477,0.671705323661751,0.5850295142257649,26.078724520802574,0.37905462830833797,0.292650695353413,6.3850700597558465e-06,31.944329977035522,0.12373573333024979,-0.0776575580239296,0.3232323232323232
4,72,0.15923106214221644,0.6677405184616846,0.5790067328688197,29.085524491556395,0.37905462830833797,0.2886858901533466,5.983782790754624e-06,30.772192239761353,0.11051154881715775,-0.050444118678569794,0.3295454545454546
4,73,0.16300992895754016,0.6583592119119298,0.571745337341012,28.5237417435817,0.37905462830833797,0.27930458360359184,5.592354622896944e-06,30.61864733695984,0.1150023341178894,-0.062375638633966446,0.3358585858585858
4,74,0.1580828850974842,0.6625786475034289,0.5767724556538533,26.485499538007478,0.37905462830833797,0.2835240191950909,5.21121357713747e-06,30.592227458953857,0.15268567204475403,-0.07285431027412415,0.3421717171717171
4,75,0.1525588491741492,0.6752171264507077,0.5865813349781496,34.10853103758777,0.37905462830833797,0.2961624981423698,4.840776425613887e-06,36.041768312454224,0.19137103855609894,-0.06252504885196686,0.3484848484848485
4,76,0.1510355994105339,0.6709728194689811,0.5829055387969552,28.895894317358735,0.37905462830833797,0.29191819116064316,4.481448235912671e-06,30.777440309524536,0.2040872424840927,-0.024375271052122116,0.3547979797979797
4,77,0.146576817090414,0.6508041306680278,0.5617242019111444,32.15478876460995,0.37905462830833797,0.2717495023596898,4.133621928133666e-06,30.786763668060303,0.1926649957895279,-0.014241764321923256,0.36111111111111105
4,78,0.1475048186827679,0.6700346672595819,0.5833506071767177,28.651900976252225,0.37905462830833797,0.29098003895124397,3.7976778452376966e-06,30.823763370513916,0.15711726248264313,-0.05616820976138115,0.36742424242424243
4,79,0.1445587101031323,0.6626756309772746,0.5757949246244158,34.36703384753725,0.37905462830833797,0.2836210026689366,3.473983337147118e-06,30.91337275505066,0.15130361914634705,-0.05205841362476349,0.37373737373737376
4,80,0.14525808910934293,0.6620884318974821,0.5758209641160713,30.237559504781704,0.37905462830833797,0.28303380358914415,3.162892359054098e-06,37.774067640304565,0.22015380859375,-0.014991624280810356,0.38005050505050497
4,81,0.14722002898247874,0.6629068815677558,0.57798041602705,31.62012287582244,0.37905462830833797,0.2838522532594178,2.86474508437579e-06,30.70011305809021,0.1598616987466812,-0.025746241211891174,0.38636363636363635
4,82,0.14172736083974644,0.6591620522176529,0.5742502458481898,32.36684605905933,0.37905462830833797,0.2801074239093149,2.5798675327796994e-06,31.500473260879517,0.12673813104629517,-0.014034667052328587,0.3926767676767677
4,83,0.13983520690579804,0.6667530174415283,0.5839907814033661,31.21862576196641,0.37905462830833797,0.2876983891331903,2.308571213685967e-06,31.359832048416138,0.1419106274843216,-0.018782425671815872,0.3989898989898989
4,84,0.1421348289111439,0.6691258149393758,0.5874053569096919,28.179250648543075,0.37905462830833797,0.29007118663103787,2.0511527856363916e-06,31.551912546157837,0.13823258876800537,-0.04624238610267639,0.4053030303030303
4,85,0.14148492761412446,0.6679684924368265,0.5843364920841162,33.379598909384185,0.37905462830833797,0.2889138641284886,1.8078937319026655e-06,37.2414116859436,0.13386118412017822,-0.011372178792953491,0.4116161616161616
4,86,0.13622150585359458,0.6632179413653753,0.5788152571901942,34.44301212461837,0.37905462830833797,0.2841633130570373,1.579060052688548e-06,31.111072778701782,0.19750946760177612,-0.014493745751678944,0.417929292929293
4,87,0.14203098933307493,0.6647866747298302,0.5815073535785061,32.14633908529507,0.37905462830833797,0.28573204642149225,1.3649019742625624e-06,30.846856355667114,0.14520981907844543,-0.006543658673763275,0.4242424242424242
4,88,0.13672836672286598,0.6650211586436354,0.5816105907327946,32.320514520879115,0.37905462830833797,0.28596653033529745,1.1656536753392288e-06,31.766597509384155,0.10335341840982437,-0.548830509185791,0.4305555555555555
4,89,0.1347066374609665,0.6643146238891119,0.578948501985424,34.85546383565477,0.37905462830833797,0.2852599955807739,9.815330310080889e-07,31.36640453338623,0.15472382307052612,-0.0032918911892920732,0.4368686868686869
4,90,0.137312864390563,0.6649760715792495,0.5804367334445545,34.241725728670275,0.37905462830833797,0.28592144327091157,8.127413744904805e-07,38.26265001296997,0.3711574077606201,-0.03211017698049545,0.4431818181818181
4,91,0.12929704785346985,0.6659801837705538,0.5820363846539867,32.02238356972176,0.37905462830833797,0.2869255554622158,6.594632769846353e-07,31.995241403579712,0.12318477034568787,-0.01565641164779663,0.44949494949494945
4,92,0.13246805646589824,0.6670837958364801,0.5830762525717885,34.26147898155133,0.37905462830833797,0.28802916752814217,5.218663458397716e-07,31.24666142463684,0.155191570520401,-0.02455274760723114,0.45580808080808083
4,93,0.13419692096661548,0.6663644954661865,0.5819895646814569,31.510109845353917,0.37905462830833797,0.2873098671578485,4.0010104127991385e-07,31.212129592895508,0.1162535548210144,-0.011084016412496567,0.46212121212121215
4,94,0.13020447261479437,0.6664625076422154,0.5825708008697625,28.24081047334227,0.37905462830833797,0.2874078793338774,2.943005118778597e-07,30.694087743759155,0.15392759442329407,-0.048779431730508804,0.46843434343434337
4,95,0.13631376502465228,0.6670891591948004,0.5833142671512387,31.393107585401125,0.37905462830833797,0.2880345308864624,2.0458044895916516e-07,35.440876722335815,0.13430103659629822,-0.00846312940120697,0.47474747474747475
4,96,0.1357857095343726,0.667192142903133,0.5834443992253263,31.4239173939568,0.37905462830833797,0.28813751459479503,1.3103896009537207e-07,32.18168091773987,0.09821826964616776,-0.033530186861753464,0.4810606060606061
4,97,0.13476179281667788,0.6671137726659988,0.5833508333706849,31.434358876256724,0.37905462830833797,0.28805914435766083,7.375646182482875e-08,31.21376872062683,0.15570753812789917,-0.3650720417499542,0.4873737373737373
4,98,0.1331902962862229,0.6669907077087734,0.5831859627889006,31.461782261756202,0.37905462830833797,0.2879360794004355,3.279559171838198e-08,30.826797008514404,0.14115360379219055,-0.02050136774778366,0.4936868686868687
4,99,0.12817825460616422,0.666964404601584,0.5831347018888411,31.450681317963816,0.37905462830833797,0.28790977629324604,8.201139886109265e-09,30.809757947921753,0.20444336533546448,0.025921881198883057,0.5
