fold,epoch,loss,val_dice,val_iou,val_hd95,baseline_dice,delta,lr_bb,sec,ft,bd,w
0,0,0.6857419695172992,0.538217531004235,0.42309547396119845,21.00114462977207,0.3888955634602504,0.14932196754398458,6e-06,15.813566446304321,0.9157164096832275,0.0,0.0
0,1,0.5791251969580747,0.5125469289831083,0.3805700581920458,42.870809430240364,0.3888955634602504,0.12365136552285788,1.2e-05,16.124452829360962,0.7157374620437622,0.0,0.0
0,2,0.5995384509466133,0.5527391297567217,0.4287451336972824,43.89322183687244,0.3888955634602504,0.1638435662964713,1.8e-05,15.675632238388062,0.3547835052013397,0.0,0.0
0,3,0.609705490725381,0.5054758009809782,0.3762666575915574,87.84220110705986,0.3888955634602504,0.11658023752072783,2.4e-05,26.075087308883667,0.5790058374404907,0.0,0.0
0,4,0.523139340536935,0.4976371126103025,0.36674745935131836,73.55093576303507,0.3888955634602504,0.10874154915005213,3.0000000000000004e-05,26.438284397125244,0.5973156690597534,0.0,0.0
0,5,0.4762434570156798,0.5619506359094465,0.43106696288674995,54.55771491628042,0.3888955634602504,0.1730550724491961,3e-05,26.471266984939575,0.5750622749328613,0.0,0.0
0,6,0.4572480004660937,0.45947655429682327,0.3365717317874307,96.62021200464484,0.3888955634602504,0.07058099083657288,2.999179886011389e-05,26.83424162864685,0.4742278456687927,0.0,0.0
0,7,0.4522459762437003,0.6129662054722194,0.4889423273275834,60.54507463836652,0.3888955634602504,0.22407064201196897,2.9967204408281618e-05,26.076030015945435,0.4376979470252991,0.0,0.0
0,8,0.4335032263580634,0.6562971292657527,0.5332906228663962,19.223638451259923,0.3888955634602504,0.2674015658055023,2.9926243538175172e-05,26.955172300338745,0.6978926658630371,0.0,0.0
0,9,0.43058780565553784,0.6434117085410855,0.5198786185962523,32.059914346187675,0.3888955634602504,0.25451614508083514,2.9868961039904628e-05,26.746599912643433,0.5353463292121887,0.0,0.0
0,10,0.40717907979780316,0.6049648823444711,0.47698530399146466,50.14482059954015,0.3888955634602504,0.2160693188842207,2.9795419551040836e-05,29.2129123210907,0.19633455574512482,0.0,0.0
0,11,0.40462908027123434,0.6101075026332957,0.4893740470046001,48.824368599133635,0.3888955634602504,0.22121193917304532,2.970569948812214e-05,26.20935583114624,0.24425020813941956,0.0,0.0
0,12,0.421029694834534,0.6427360887222762,0.5340154873800067,34.55871364206305,0.3888955634602504,0.2538405252620258,2.9599898958720088e-05,25.42024850845337,0.5901181697845459,0.0,0.0
0,13,0.3802706982408251,0.6565358216104324,0.5373768006248126,28.250737444762844,0.3888955634602504,0.26764025815018205,2.947813365416023e-05,25.342670440673828,0.27841514348983765,0.0,0.0
0,14,0.36872820890679653,0.642453194338239,0.537352678835286,24.172418384063437,0.3888955634602504,0.2535576308779886,2.9340536723015367e-05,26.629581212997437,0.6519826054573059,0.0,0.0
0,15,0.37563703710935553,0.66341712963434,0.5488355275114827,38.90662773268486,0.3888955634602504,0.27452156617408957,2.9187258625509518e-05,28.459087133407593,0.18965083360671997,0.0,0.0
0,16,0.38310602854709236,0.6528940753373405,0.5397436156588449,26.833488065685515,0.3888955634602504,0.26399851187709006,2.9018466968991913e-05,26.80029034614563,0.30396947264671326,0.0,0.0
0,17,0.3285810229729633,0.6433571452144585,0.5221077201375668,37.954974713104704,0.3888955634602504,0.25446158175420813,2.883434632466077e-05,25.846798419952393,0.13700613379478455,0.0,0.0
0,18,0.34360017794735576,0.6748735961343307,0.5604053537414565,29.59040554048849,0.3888955634602504,0.28597803267408034,2.863509802573744e-05,25.735366821289062,0.26092901825904846,0.0,0.0
0,19,0.3407032915524074,0.6586662726278967,0.5464863366251921,24.30856322510716,0.3888955634602504,0.2697707091676463,2.8420939947311454e-05,26.276338815689087,0.41309475898742676,0.0,0.0
0,20,0.3272741160222462,0.6829082877507218,0.5683898303857269,28.046759055949988,0.3888955634602504,0.2940127242904714,2.8192106268097336e-05,38.49557662010193,0.3235708773136139,0.01892758533358574,0.0012626262626262534
0,21,0.3122892987971403,0.6211444390379028,0.5183275188094286,20.797598447140732,0.3888955634602504,0.23224887557765245,2.794884721436361e-05,34.86854910850525,0.14442484080791473,-0.04140359163284302,0.0075757575757575725
0,22,0.3191380470382924,0.6077107658016658,0.49985817903392854,17.069525448329504,0.3888955634602504,0.21881520234141544,2.769142878631403e-05,31.92090344429016,0.1764499545097351,-0.007709532976150513,0.013888888888888874
0,23,0.3282246385910073,0.6514704848844489,0.5341363360344326,37.5265026129206,0.3888955634602504,0.2625749214241985,2.74201324672203e-05,32.29992175102234,0.46005526185035706,0.08419468998908997,0.020202020202020193
0,24,0.2970261722803116,0.6635313793459323,0.5474938209545668,26.021610461938053,0.3888955634602504,0.2746358158856819,2.7135254915624213e-05,32.33477473258972,0.19149483740329742,-0.03678110986948013,0.026515151515151512
0,25,0.30304671519873094,0.7000186140718679,0.5908138122959329,21.88679465767841,0.3888955634602504,0.31112305061161755,2.6837107640945904e-05,38.70132088661194,0.17200276255607605,-0.02143803983926773,0.03282828282828283
0,26,0.29973542659866564,0.6920899316770288,0.5797693685219502,25.635334852168675,0.3888955634602504,0.3031943682167784,2.6526016662852887e-05,33.07049322128296,0.3528136610984802,-0.020572805777192116,0.03914141414141415
0,27,0.29123768149590007,0.6396293195727641,0.5303403905668601,23.827741667580597,0.3888955634602504,0.25073375611251375,2.620232215476231e-05,32.773250102996826,0.2965126037597656,-0.05778423696756363,0.045454545454545435
0,28,0.28310419086899075,0.6546097457419403,0.5409212318476573,29.221359588911973,0.3888955634602504,0.2657141822816899,2.5866378071866338e-05,32.17863488197327,0.36075952649116516,0.02080763876438141,0.051767676767676754
0,29,0.2887547046554332,0.6866309018128166,0.5718746218137162,28.450078164325944,0.3888955634602504,0.2977353383525662,2.5518551764087326e-05,31.46017599105835,0.36943110823631287,0.007519204169511795,0.05808080808080807
0,30,0.28130930418870886,0.6823939805519249,0.5641142748979217,24.64361216819309,0.3888955634602504,0.2934984170916745,2.5159223574386117e-05,39.35359501838684,0.21916630864143372,-0.015261312015354633,0.06439393939393939
0,31,0.2777286479059531,0.6558761990095654,0.547672545588811,32.62353578605912,0.3888955634602504,0.266980635549315,2.478878642286253e-05,32.63511419296265,0.3883453607559204,0.00019248388707637787,0.0707070707070707
0,32,0.2884464090575977,0.6480939076107017,0.5364638690511716,26.887787672998538,0.3888955634602504,0.25919834415045134,2.4407645377103056e-05,32.079235315322876,0.8358538150787354,0.17810316383838654,0.07702020202020203
0,33,0.2702592206852777,0.6355583679459731,0.5373279448106952,23.87406989578599,0.3888955634602504,0.2466628044857227,2.4016217209245377e-05,32.40377163887024,0.1341017335653305,-0.02761082537472248,0.08333333333333331
0,34,0.26671284665258566,0.644741086892215,0.5259511886949999,34.5815712591347,0.3888955634602504,0.2558455234319646,2.3614929940244155e-05,32.25637245178223,0.14803874492645264,-0.011770755052566528,0.08964646464646463
0,35,0.2602048847748309,0.6845137255156685,0.5661707807284143,32.195734430180444,0.3888955634602504,0.2956181620554181,2.320422237183641e-05,38.96198129653931,0.6832126379013062,0.3206067681312561,0.09595959595959595
0,36,0.24176619277924907,0.6830109343771449,0.575670492781699,21.776968134761137,0.3888955634602504,0.2941153709168945,2.2784543606718227e-05,32.33192467689514,0.1887761652469635,-0.005426288582384586,0.10227272727272727
0,37,0.25102858610299167,0.6459349378679149,0.5435678788803141,21.65604615922907,0.3888955634602504,0.2570393744076645,2.2356352557457624e-05,31.468210220336914,0.5636985898017883,-0.03206254541873932,0.10858585858585859
0,38,0.26345617582603376,0.6532471169210345,0.5421524354151809,23.13129077275813,0.3888955634602504,0.26435155346078415,2.1920117444680317e-05,32.39483904838562,0.14892101287841797,0.006313386373221874,0.11489898989898988
0,39,0.24982341789469428,0.6221022882714413,0.5222375992835399,28.935459475501798,0.3888955634602504,0.23320672481119092,2.1476315285077393e-05,31.671991109848022,0.27867212891578674,0.10887934267520905,0.12121212121212119
0,40,0.24933599939151685,0.6703088309673834,0.5605997376757424,20.748030827241585,0.3888955634602504,0.28141326750713297,2.1025431369794546e-05,37.95405292510986,0.13216854631900787,-0.029826892539858818,0.1275252525252525
0,41,0.23996626874622035,0.66097888178649,0.5507649075088971,29.01483922495428,0.3888955634602504,0.2720833183262396,2.056795873377331e-05,32.42534422874451,0.3654281198978424,0.013244880363345146,0.1338383838383838
0,42,0.24388120597114368,0.7089446600302697,0.6000604588701084,23.537400977403216,0.3888955634602504,0.3200490965700193,2.0104397616624646e-05,31.335343599319458,0.1729971468448639,-0.006131968926638365,0.14015151515151514
0,43,0.2310740911230749,0.6627792833952358,0.5543517792378926,31.255137107908,0.3888955634602504,0.27388371993498545,1.963525491562421e-05,33.69649124145508,0.1752050518989563,-0.00713722500950098,0.14646464646464646
0,44,0.2290228088291324,0.6608454870537457,0.5444494680370972,30.102557871445676,0.3888955634602504,0.2719499235934953,1.916104363142767e-05,31.82636284828186,0.24045076966285706,0.011133052408695221,0.15277777777777773
0,45,0.22927021934669845,0.6442401883903802,0.5298198943463719,31.905844110934822,0.3888955634602504,0.2553446249301298,1.8682282307111988e-05,38.599308252334595,0.20302170515060425,-0.015428486280143261,0.15909090909090906
0,46,0.2240990208727973,0.6684334008762552,0.553564607346459,26.756968260997258,0.3888955634602504,0.27953783741600485,1.8199494461156203e-05,33.34197163581848,0.12158617377281189,-0.009967460297048092,0.1654040404040404
0,47,0.21881210469469733,0.67797713085973,0.5644136278527483,24.581664832685522,0.3888955634602504,0.2890815673994796,1.771320801498165e-05,31.673895835876465,0.22514918446540833,-0.019660182297229767,0.1717171717171717
0,48,0.22369982499857338,0.6545154451501262,0.5371974219999518,32.63846298608679,0.3888955634602504,0.26561988168987577,1.722395471567763e-05,32.365052700042725,0.11563269048929214,-0.038161419332027435,0.178030303030303
0,49,0.20157927244293447,0.6787690138087159,0.5651321345882636,24.65930615167919,0.3888955634602504,0.2898734503484655,1.6732269554543794e-05,32.641202211380005,0.21785034239292145,-0.020509283989667892,0.18434343434343434
0,50,0.2117447074578733,0.6466699567437161,0.5402931964042237,30.016351473638256,0.3888955634602504,0.2577743932834657,1.623869018208499e-05,38.196736335754395,0.3138289749622345,0.1845567226409912,0.19065656565656566
0,51,0.20815296030166197,0.6375644256119769,0.5391355177090154,26.896887784017423,0.3888955634602504,0.2486688621517265,1.5743756320098334e-05,33.16702580451965,0.12152224779129028,-0.05385487526655197,0.19696969696969693
0,52,0.19878105264233084,0.6449586912048149,0.5471548846362733,26.041743374230123,0.3888955634602504,0.25606312774456447,1.524800917149538e-05,31.834335327148438,0.10830745100975037,-0.29564690589904785,0.2032828282828283
0,53,0.19400975153762468,0.6768329092684364,0.5687504162474801,32.4714612691298,0.3888955634602504,0.28793734580818603,1.4751990828504623e-05,32.16001319885254,0.1517971158027649,-0.015002194792032242,0.20959595959595959
0,54,0.19787369790125867,0.6805082193069559,0.5764701638518506,36.83725569953338,0.3888955634602504,0.29161265584670554,1.4256243679901665e-05,31.829490423202515,0.2624407112598419,-0.001099241548217833,0.21590909090909086
0,55,0.19016573517298213,0.6554317730429691,0.5537114779431512,38.93145317738219,0.3888955634602504,0.2665362095827187,1.3761309817915017e-05,37.955148458480835,0.1532120704650879,-0.029172342270612717,0.2222222222222222
0,56,0.2002040310477724,0.684580090605229,0.5704285520423011,34.11732080126898,0.3888955634602504,0.29568452714497856,1.3267730445456208e-05,33.17033243179321,0.1693819761276245,-0.026438165456056595,0.2285353535353535
0,57,0.19195704040478687,0.6878124444244195,0.5766853670334643,31.605156187028516,0.3888955634602504,0.2989168809641691,1.277604528432237e-05,31.661700963974,0.14900487661361694,-0.00948873721063137,0.23484848484848486
0,58,0.19427863371615506,0.6805490230692467,0.5746221586574857,29.83666795219933,0.3888955634602504,0.2916534596089963,1.2286791985018356e-05,31.471301794052124,0.3104652464389801,-0.014224008657038212,0.24116161616161613
0,59,0.2028802306372292,0.6842902881129236,0.5749537310843242,32.31451989669146,0.3888955634602504,0.2953947246526732,1.18005055388438e-05,31.895522117614746,0.15943166613578796,-0.03043953701853752,0.24747474747474743
0,60,0.17409721609889245,0.6638687433592514,0.5580747157525235,32.2763429966296,0.3888955634602504,0.274973179899001,1.1317717692888014e-05,37.86049151420593,0.12361998856067657,-0.014276405796408653,0.2537878787878788
0,61,0.1753135201882343,0.662911243064133,0.5561943635962903,33.45080265907529,0.3888955634602504,0.27401567960388257,1.0838956368572335e-05,33.31826972961426,0.13108371198177338,-0.00512254424393177,0.26010101010101006
0,62,0.177255672763805,0.6641332793791958,0.5596023102024665,33.55196738380673,0.3888955634602504,0.27523771591894536,1.036474508437579e-05,31.38591504096985,0.11207880079746246,-0.027626629918813705,0.26641414141414144
0,63,0.16584759494479823,0.6756388488647513,0.5681590317312147,39.166589319951456,0.3888955634602504,0.28674328540450095,9.895602383375355e-06,32.63185739517212,0.1569802612066269,-0.008525307290256023,0.2727272727272727
0,64,0.1640844635513364,0.6861598068994492,0.5829642878662783,27.048576267824355,0.3888955634602504,0.2972642434391988,9.432041266226686e-06,32.08643126487732,0.11719948053359985,-0.04538838565349579,0.27904040404040403
0,65,0.18066190700141752,0.658897196062168,0.5554343865421921,28.25185193679052,0.3888955634602504,0.2700016326019176,8.974568630205462e-06,37.96126937866211,0.22342072427272797,-0.007255801931023598,0.28535353535353536
0,66,0.16926922459079294,0.6857627978156264,0.5823962859095353,28.452270400711264,0.3888955634602504,0.29686723435537604,8.523684714922608e-06,32.596086740493774,0.10906228423118591,-0.0413355678319931,0.29166666666666663
0,67,0.17376799683789818,0.6972946724922364,0.5883576345819451,31.83824406591558,0.3888955634602504,0.30839910903198603,8.079882555319685e-06,31.360326290130615,0.17524991929531097,-0.01592012122273445,0.29797979797979796
0,68,0.16371231662983798,0.6627129196436842,0.5597594764519269,26.295419661324953,0.3888955634602504,0.2738173561834338,7.643647442542383e-06,31.754478216171265,0.225271075963974,-0.1428259313106537,0.3042929292929293
0,69,0.15397922481809342,0.6733162478995984,0.5720405137067082,31.309499480209848,0.3888955634602504,0.28442068443934804,7.215456393281777e-06,31.795018911361694,0.20207402110099792,-0.022645125165581703,0.3106060606060606
0,70,0.15147864065912306,0.6473905972380858,0.5490248617578781,26.794301301893434,0.3888955634602504,0.2584950337778354,6.795777628163599e-06,38.33151888847351,0.11165738105773926,-0.038449376821517944,0.3169191919191919
0,71,0.1567850024724493,0.6716378695763849,0.5674537824589184,28.394593061436247,0.3888955634602504,0.28274230611613455,6.3850700597558465e-06,32.764251470565796,0.25721466541290283,-0.00802750512957573,0.3232323232323232
0,72,0.16677206557015983,0.667973817823063,0.5660236817068973,32.50114867698278,0.3888955634602504,0.2790782543628126,5.983782790754624e-06,31.59102487564087,0.10498031973838806,-0.3267883360385895,0.3295454545454546
0,73,0.15098171034941868,0.6692628932193679,0.5688018845018233,30.30631975535332,0.3888955634602504,0.28036732975911755,5.592354622896944e-06,31.570769786834717,0.11935306340456009,-0.035480841994285583,0.3358585858585858
0,74,0.1454332965065022,0.6657778266078128,0.562625011970709,28.30713564533656,0.3888955634602504,0.2768822631475624,5.21121357713747e-06,32.37006878852844,0.09029173105955124,-0.03989948704838753,0.3421717171717171
0,75,0.14616602476762267,0.6591641763511114,0.5578877068589756,30.789711323810227,0.3888955634602504,0.27026861289086096,4.840776425613887e-06,38.893856048583984,0.08734675496816635,-0.06166935712099075,0.3484848484848485
0,76,0.13956624771259268,0.6718845273334335,0.56604950600425,34.68965223391991,0.3888955634602504,0.2829889638731831,4.481448235912671e-06,32.94586420059204,0.18342387676239014,-0.021451273933053017,0.3547979797979797
0,77,0.13616202452353068,0.6814491856778904,0.5772438798175629,30.465270065222626,0.3888955634602504,0.29255362221764,4.133621928133666e-06,32.22395086288452,0.07225784659385681,-0.22041010856628418,0.36111111111111105
0,78,0.14202256911263175,0.6710929096469687,0.5655031623170514,34.48160638540018,0.3888955634602504,0.28219734618671827,3.7976778452376966e-06,31.431119680404663,0.268950492143631,-0.047794587910175323,0.36742424242424243
0,79,0.14139952677853254,0.6760957431174655,0.5707383290048363,30.658927255707848,0.3888955634602504,0.28720017965721506,3.473983337147118e-06,31.70733618736267,0.12670589983463287,-0.029073331505060196,0.37373737373737376
0,80,0.1424448867233432,0.6834558928961979,0.5798143398089666,30.16107862794575,0.3888955634602504,0.2945603294359475,3.162892359054098e-06,37.421536445617676,0.12317973375320435,-0.028958193957805634,0.38005050505050497
0,81,0.1340692818773036,0.6857540528235601,0.5814078166670292,29.914130132672472,0.3888955634602504,0.29685848936330966,2.86474508437579e-06,32.332674741744995,0.2187821865081787,-0.03446297347545624,0.38636363636363635
0,82,0.1412999333471668,0.6780607385138003,0.5721155796650275,30.25104261168717,0.3888955634602504,0.28916517505354994,2.5798675327796994e-06,31.57065176963806,0.10263112187385559,-0.013930115848779678,0.3926767676767677
0,83,0.13103649924908364,0.6813828246274098,0.5764366084606611,30.031819927489586,0.3888955634602504,0.29248726116715945,2.308571213685967e-06,31.677447080612183,0.12701471149921417,-0.008955354802310467,0.3989898989898989
0,84,0.13355101523350696,0.6699206506775595,0.5637542703370911,30.185932673724555,0.3888955634602504,0.28102508721730907,2.0511527856363916e-06,32.23552393913269,0.146497905254364,-0.008856980130076408,0.4053030303030303
0,85,0.12964350791001805,0.6681298346587051,0.5612623199935005,30.135447583892645,0.3888955634602504,0.27923427119845473,1.8078937319026655e-06,38.27729630470276,0.12872278690338135,-0.04412154480814934,0.4116161616161616
0,86,0.13243980599301203,0.6680627527556408,0.5614960351347804,30.32241015186884,0.3888955634602504,0.27916718929539036,1.579060052688548e-06,33.229310274124146,0.073308065533638,-0.16979661583900452,0.417929292929293
0,87,0.1272106476280154,0.6638622504167617,0.5569679004916118,30.34787797656312,0.3888955634602504,0.27496668695651133,1.3649019742625624e-06,31.522241830825806,0.13305136561393738,-0.023170454427599907,0.4242424242424242
0,88,0.1361007016076117,0.6634979787581851,0.5587450916499388,30.63789061904044,0.3888955634602504,0.27460241529793467,1.1656536753392288e-06,32.49518060684204,0.15536577999591827,-0.006976571399718523,0.4305555555555555
0,89,0.12772727651255472,0.6706860318214874,0.5640906746875592,30.210164885854212,0.3888955634602504,0.28179046836123706,9.815330310080889e-07,32.74969482421875,0.0971885472536087,-0.14198200404644012,0.4368686868686869
0,90,0.13158057143493573,0.6698096411132568,0.5627876655518904,30.06604538278607,0.3888955634602504,0.2809140776530064,8.127413744904805e-07,38.03981113433838,0.09586136043071747,-0.15624286234378815,0.4431818181818181
0,91,0.12850327987451943,0.671420372481212,0.5645729187683688,30.097565486346017,0.3888955634602504,0.2825248090209616,6.594632769846353e-07,33.32814288139343,0.12534096837043762,-0.030962776392698288,0.44949494949494945
0,92,0.1242900091622557,0.6704737786585117,0.5644059300460236,30.117965614085556,0.3888955634602504,0.28157821519826126,5.218663458397716e-07,32.46663975715637,0.04827946424484253,-0.2767832279205322,0.45580808080808083
0,93,0.12396965844898808,0.6714501911900644,0.5650214913491794,30.0448980413904,0.3888955634602504,0.28255462772981405,4.0010104127991385e-07,32.64191675186157,0.09569302201271057,-0.03965204209089279,0.46212121212121215
0,94,0.1221597542111971,0.670796861287135,0.5642802660096611,30.05924022721731,0.3888955634602504,0.2819012978268846,2.943005118778597e-07,31.613009214401245,0.10578753054141998,-0.03135773912072182,0.46843434343434337
0,95,0.12126370283718012,0.6716278301727739,0.565030599229217,30.042683810477115,0.3888955634602504,0.28273226671252355,2.0458044895916516e-07,39.28875184059143,0.12208875268697739,-0.04586487263441086,0.47474747474747475
0,96,0.12741370385094564,0.6711282112389021,0.5646444619104007,30.05711697940272,0.3888955634602504,0.2822326477786517,1.3103896009537207e-07,33.07343101501465,0.13079333305358887,-0.015065200626850128,0.4810606060606061
0,97,0.12149696417000828,0.6709840681486609,0.5644503345689182,30.06103637068441,0.3888955634602504,0.28208850468841046,7.375646182482875e-08,32.12981462478638,0.10604409128427505,-0.05140940845012665,0.4873737373737373
0,98,0.12064093427390468,0.6710157511586725,0.5644868036601071,30.05435769769389,0.3888955634602504,0.2821201876984221,3.279559171838198e-08,32.45957636833191,0.12270110100507736,-0.047612935304641724,0.4936868686868687
0,99,0.12860160495857803,0.6709687974649582,0.5644452030130689,30.053922908870835,0.3888955634602504,0.2820732340047078,8.201139886109265e-09,31.650269269943237,0.5102308392524719,0.004077163990586996,0.5
1,0,0.6974484567739525,0.5281541569227977,0.3856089011176312,30.279749270816378,0.4356358048439375,0.09251835207886017,6e-06,18.459357023239136,0.6853627562522888,0.0,0.0
1,1,0.5716972132118381,0.593934809562539,0.4550785480389554,23.68260243962359,0.4356358048439375,0.15829900471860148,1.2e-05,16.62746787071228,0.27711015939712524,0.0,0.0
1,2,0.565539472565359,0.6148653114533198,0.4784711592932401,33.086422736101206,0.4356358048439375,0.1792295066093823,1.8e-05,16.049113988876343,0.2793874144554138,0.0,0.0
1,3,0.5883070224401902,0.5718994184542504,0.43021057591226325,62.317250178897815,0.4356358048439375,0.13626361361031292,2.4e-05,26.49917769432068,0.40309619903564453,0.0,0.0
1,4,0.5207890661395326,0.6155773005196571,0.47958796419949196,26.293422725350013,0.4356358048439375,0.1799414956757196,3.0000000000000004e-05,25.489891529083252,0.4803001880645752,0.0,0.0
1,5,0.5028412147444121,0.6362823509855345,0.5027542773710779,28.893544454853117,0.4356358048439375,0.20064654614159705,3e-05,27.289485931396484,0.47785529494285583,0.0,0.0
1,6,0.4728084966844442,0.613003293832745,0.46964099418689365,42.36685281509165,0.4356358048439375,0.1773674889888075,2.999179886011389e-05,26.94808268547058,0.4252457618713379,0.0,0.0
1,7,0.45405020184662875,0.6170526961023788,0.47895873104486225,50.30272272904533,0.4356358048439375,0.1814168912584413,2.9967204408281618e-05,26.123785972595215,0.6658439040184021,0.0,0.0
1,8,0.4526408196103816,0.626051403212135,0.49675768081891364,37.39237313421773,0.4356358048439375,0.19041559836819755,2.9926243538175172e-05,26.29490327835083,0.6240879893302917,0.0,0.0
1,9,0.4393701620247899,0.6491949229379372,0.515949497763898,23.810162523876375,0.4356358048439375,0.21355911809399974,2.9868961039904628e-05,25.99128556251526,0.30455803871154785,0.0,0.0
1,10,0.442076779141718,0.6463634404626882,0.5112808031098994,34.51001927314575,0.4356358048439375,0.21072763561875074,2.9795419551040836e-05,29.088006496429443,0.2711678147315979,0.0,0.0
1,11,0.41734360188853986,0.6314669456082743,0.49976428687839014,31.012555858897034,0.4356358048439375,0.19583114076433683,2.970569948812214e-05,26.12764596939087,0.28360217809677124,0.0,0.0
1,12,0.41983582565979083,0.6234342053583928,0.48772162548052456,46.353364331145855,0.4356358048439375,0.1877984005144553,2.9599898958720088e-05,25.8680899143219,0.6563531756401062,0.0,0.0
1,13,0.40965072658597207,0.6200567588927148,0.47651076572833523,32.212770094903306,0.4356358048439375,0.18442095404877734,2.947813365416023e-05,25.440184831619263,0.5988302826881409,0.0,0.0
1,14,0.3880182866539274,0.5413168825846159,0.39535439333881617,71.19068571885214,0.4356358048439375,0.10568107774067836,2.9340536723015367e-05,26.07033681869507,0.3035076856613159,0.0,0.0
1,15,0.4043447490857572,0.5991962011085632,0.4512648015982672,33.95182003135687,0.4356358048439375,0.1635603962646257,2.9187258625509518e-05,28.505266189575195,0.3762008547782898,0.0,0.0
1,16,0.3888234733318796,0.6194022962175123,0.4829516729946508,41.5549979791162,0.4356358048439375,0.18376649137357481,2.9018466968991913e-05,27.07677173614502,0.24977800250053406,0.0,0.0
1,17,0.36723384261131287,0.6273516109048628,0.4864822131677407,41.309744084427884,0.4356358048439375,0.1917158060609253,2.883434632466077e-05,25.940133333206177,0.30040282011032104,0.0,0.0
1,18,0.374775335800891,0.6690666569504794,0.5338238811660853,32.742710546244865,0.4356358048439375,0.2334308521065419,2.863509802573744e-05,25.608821868896484,0.24659907817840576,0.0,0.0
1,19,0.36035953796639736,0.5991713525008351,0.4564949252679218,57.29046560353564,0.4356358048439375,0.1635355476568976,2.8420939947311454e-05,26.712682008743286,0.3014812767505646,0.0,0.0
1,20,0.36299185789361293,0.6655163417140003,0.5396230383887275,30.427221493316235,0.4356358048439375,0.22988053687006282,2.8192106268097336e-05,38.725932598114014,0.2820802330970764,-0.10993155092000961,0.0012626262626262534
1,21,0.34113598447673177,0.6621608933897819,0.532102306569203,39.42294218662827,0.4356358048439375,0.2265250885458444,2.794884721436361e-05,33.046634912490845,0.6092063784599304,0.05671634525060654,0.0075757575757575725
1,22,0.338786099030047,0.6623732260715576,0.5306839042015808,35.16718505009846,0.4356358048439375,0.22673742122762008,2.769142878631403e-05,32.37597608566284,0.21816587448120117,-0.35444721579551697,0.013888888888888874
1,23,0.32849474342501894,0.6721555277621575,0.5440400603568464,36.629186800294036,0.4356358048439375,0.23651972291822,2.74201324672203e-05,31.7738254070282,0.42196938395500183,-0.004000714980065823,0.020202020202020193
1,24,0.3255269989675405,0.6810062617768591,0.5511970405993216,27.27429941025585,0.4356358048439375,0.2453704569329216,2.7135254915624213e-05,34.03722620010376,0.7242329120635986,0.014293616637587547,0.026515151515151512
1,25,0.32312045504852216,0.6682691520534672,0.5382745030747133,31.992514536939446,0.4356358048439375,0.23263334720952966,2.6837107640945904e-05,37.5157368183136,0.3289586305618286,-0.01735888049006462,0.03282828282828283
1,26,0.3204815180934205,0.6823733620658808,0.5612990250374079,27.169128725542198,0.4356358048439375,0.24673755722194335,2.6526016662852887e-05,33.08867692947388,0.48293155431747437,-0.007337930612266064,0.03914141414141415
1,27,0.3295280188322067,0.6654863857968334,0.5402001247036108,36.389170171573255,0.4356358048439375,0.2298505809528959,2.620232215476231e-05,33.385485887527466,0.32243871688842773,-0.043206747621297836,0.045454545454545435
1,28,0.32751755659677545,0.6729000367571795,0.5479788119743083,29.84994984556121,0.4356358048439375,0.23726423191324197,2.5866378071866338e-05,31.995954751968384,0.3631316125392914,-0.0015808347379788756,0.051767676767676754
1,29,0.30315431222623707,0.647598365425455,0.5168440775411796,36.101944486229506,0.4356358048439375,0.21196256058151752,2.5518551764087326e-05,32.241968393325806,0.18333807587623596,0.002255253726616502,0.05808080808080807
1,30,0.29248071872458165,0.6609640568620246,0.5326291344338521,31.531241150834873,0.4356358048439375,0.22532825201808715,2.5159223574386117e-05,37.92009520530701,0.197646826505661,-0.031692445278167725,0.06439393939393939
1,31,0.3003438771987448,0.6798719871582047,0.5542860342125638,31.63698843894915,0.4356358048439375,0.24423618231426725,2.478878642286253e-05,32.46119022369385,0.2789807915687561,-0.016668450087308884,0.0707070707070707
1,32,0.2885144584032954,0.6825574415025553,0.5651090948268065,27.100097331386333,0.4356358048439375,0.24692163665861777,2.4407645377103056e-05,32.40768384933472,0.16695742309093475,-0.026331953704357147,0.07702020202020203
1,33,0.2954611148761243,0.6854193957851196,0.5597049332183742,26.527627523856733,0.4356358048439375,0.24978359094118208,2.4016217209245377e-05,33.010170698165894,0.23292657732963562,-0.09771318733692169,0.08333333333333331
1,34,0.2925439178943634,0.6857469459505771,0.5650172545392291,31.29867522567677,0.4356358048439375,0.25011114110663957,2.3614929940244155e-05,34.56101608276367,0.22735074162483215,0.0006393477087840438,0.08964646464646463
1,35,0.2682061049402977,0.6915498487250005,0.5673996882657364,26.670396929786587,0.4356358048439375,0.255914043881063,2.320422237183641e-05,37.60920023918152,0.23537558317184448,-0.01436544768512249,0.09595959595959595
1,36,0.2758950247448318,0.6930958207052729,0.5761610648134549,30.20897162264137,0.4356358048439375,0.2574600158613354,2.2784543606718227e-05,33.6486337184906,0.22446593642234802,-0.14412039518356323,0.10227272727272727
1,37,0.2625046484932608,0.6604479778844005,0.5447100999860293,25.83957249179146,0.4356358048439375,0.22481217304046297,2.2356352557457624e-05,33.321701765060425,0.5047318935394287,-0.01804276369512081,0.10858585858585859
1,38,0.27478122726386905,0.6951470227777289,0.5744547305520128,31.94937147247185,0.4356358048439375,0.2595112179337914,2.1920117444680317e-05,31.819289207458496,0.1665937453508377,-0.017885956913232803,0.11489898989898988
1,39,0.2704055944875795,0.7016568505167271,0.5850974493562292,30.1878313751214,0.4356358048439375,0.2660210456727896,2.1476315285077393e-05,33.029114723205566,0.23771953582763672,-0.11167773604393005,0.12121212121212119
1,40,0.2508670023205329,0.7006394069883963,0.5893897959856913,28.867085504993653,0.4356358048439375,0.26500360214445884,2.1025431369794546e-05,39.42393612861633,0.2214362621307373,-0.0044426079839468,0.1275252525252525
1,41,0.25898985625529775,0.670676266274249,0.5526833566529342,35.45091679944936,0.4356358048439375,0.23504046143031154,2.056795873377331e-05,32.08211135864258,0.23030531406402588,-0.010783779434859753,0.1338383838383838
1,42,0.2490392309062335,0.7075473750901337,0.6018775930762746,26.55668594639683,0.4356358048439375,0.27191157024619617,2.0104397616624646e-05,32.445263147354126,0.40022557973861694,-0.007622265722602606,0.14015151515151514
1,43,0.24177050484078272,0.6982783743138901,0.5854839727704153,31.15624945369723,0.4356358048439375,0.26264256946995257,1.963525491562421e-05,33.042864084243774,0.2593977749347687,-0.005281166173517704,0.14646464646464646
1,44,0.2497195084484256,0.7018568365190068,0.5858853177118877,30.225580841005552,0.4356358048439375,0.2662210316750693,1.916104363142767e-05,32.265164613723755,0.14070738852024078,-0.03595450147986412,0.15277777777777773
1,45,0.23229964518425417,0.7035704486095274,0.5901444635211608,23.95967830112959,0.4356358048439375,0.26793464376558995,1.8682282307111988e-05,38.072972536087036,0.19295284152030945,-0.045742835849523544,0.15909090909090906
1,46,0.24619876426093432,0.7086871215421368,0.5963409382910975,26.629908401100984,0.4356358048439375,0.27305131669819926,1.8199494461156203e-05,32.78934669494629,0.30855855345726013,-0.03792083263397217,0.1654040404040404
1,47,0.22087966118540084,0.6862905830414973,0.5649150638061965,26.330856078385185,0.4356358048439375,0.25065477819755977,1.771320801498165e-05,33.823694944381714,0.1894407719373703,-0.008951227180659771,0.1717171717171717
1,48,0.23700195702971244,0.6873228749985419,0.568807460418582,29.511071375495163,0.4356358048439375,0.25168707015460445,1.722395471567763e-05,31.96238422393799,0.20097887516021729,-0.03052806854248047,0.178030303030303
1,49,0.23797805516087278,0.6802576912620681,0.5676413571831884,29.117544393859205,0.4356358048439375,0.24462188641813065,1.6732269554543794e-05,32.306878328323364,0.363086074590683,-0.04782367870211601,0.18434343434343434
1,50,0.22103169697279834,0.7015951728999346,0.5825682463554456,28.220783570276083,0.4356358048439375,0.26595936805599707,1.623869018208499e-05,38.40311288833618,0.20679226517677307,-0.016929514706134796,0.19065656565656566
1,51,0.22907183973156675,0.6864977845971785,0.5719235683297551,32.27028349833601,0.4356358048439375,0.250861979753241,1.5743756320098334e-05,31.92192578315735,0.2306637018918991,-0.02159464918076992,0.19696969696969693
1,52,0.21915957179604745,0.6833294060204466,0.5679984747813772,32.68079013548341,0.4356358048439375,0.24769360117650907,1.524800917149538e-05,31.68159532546997,0.13754163682460785,-0.03307456523180008,0.2032828282828283
1,53,0.21174454932310144,0.6998846974002124,0.585832092791417,29.58106733939117,0.4356358048439375,0.26424889255627493,1.4751990828504623e-05,32.22306418418884,0.23992550373077393,-0.022429365664720535,0.20959595959595959
1,54,0.1990775841535354,0.6858889809070069,0.5614874863444681,32.47391800643575,0.4356358048439375,0.2502531760630694,1.4256243679901665e-05,31.76754903793335,0.18955890834331512,-0.03466825187206268,0.21590909090909086
1,55,0.2178180327220839,0.6970421683876153,0.5841421079683081,22.470810265387914,0.4356358048439375,0.26140636354367786,1.3761309817915017e-05,38.50296139717102,0.13500478863716125,-0.02243386209011078,0.2222222222222222
1,56,0.21237013671471147,0.6877800844245228,0.5757493627836279,24.79897470492155,0.4356358048439375,0.2521442795805853,1.3267730445456208e-05,32.699877977371216,0.24164384603500366,-0.06312219798564911,0.2285353535353535
1,57,0.19802295872751546,0.685934893965894,0.565910614490152,31.98425455142265,0.4356358048439375,0.25029908912195653,1.277604528432237e-05,31.762977600097656,0.20132991671562195,-0.009965315461158752,0.23484848484848486
1,58,0.20245989579327253,0.6729884239513972,0.5653523541321537,29.206777726635366,0.4356358048439375,0.23735261910745975,1.2286791985018356e-05,31.527700424194336,0.17399480938911438,-0.01248891931027174,0.24116161616161613
1,59,0.19615394120313684,0.6627892541699172,0.5546787952547568,24.339064250007482,0.4356358048439375,0.2271534493259797,1.18005055388438e-05,32.33416390419006,0.4224507808685303,-0.043953217566013336,0.24747474747474743
1,60,0.1957248555002164,0.705772854708,0.5979413383664877,22.189531887083376,0.4356358048439375,0.2701370498640625,1.1317717692888014e-05,38.909794092178345,0.20289725065231323,-0.18082350492477417,0.2537878787878788
1,61,0.190691595326881,0.6902889221598985,0.5834603707427641,26.02152165087109,0.4356358048439375,0.25465311731596096,1.0838956368572335e-05,32.16217017173767,0.13227665424346924,-0.05482467636466026,0.26010101010101006
1,62,0.1915015978168468,0.7036345906761241,0.5888879630908674,24.23222486915689,0.4356358048439375,0.2679987858321866,1.036474508437579e-05,31.512105703353882,0.14887073636054993,-0.039138615131378174,0.26641414141414144
1,63,0.18053542640136214,0.7007873863749159,0.5870737151425647,22.939393027257907,0.4356358048439375,0.2651515815309784,9.895602383375355e-06,31.851025581359863,0.1940424144268036,-0.006269014906138182,0.2727272727272727
1,64,0.1858181720789598,0.6934903063049997,0.5850122921654594,27.95157429290771,0.4356358048439375,0.25785450146106226,9.432041266226686e-06,31.453716039657593,0.19364675879478455,-0.0012250677682459354,0.27904040404040403
1,65,0.17550604136622683,0.6719813746204176,0.5623908500458248,28.450648339806744,0.4356358048439375,0.23634556977648014,8.974568630205462e-06,39.120527267456055,0.13382217288017273,-0.27085578441619873,0.28535353535353536
1,66,0.18153822551272353,0.6737967986771208,0.5651051349840666,25.94309559918935,0.4356358048439375,0.23816099383318334,8.523684714922608e-06,32.1648428440094,0.1667521893978119,-0.08516545593738556,0.29166666666666663
1,67,0.16847684568896584,0.6909646703556065,0.5805287543755276,27.05523053754327,0.4356358048439375,0.255328865511669,8.079882555319685e-06,31.451271057128906,0.13752613961696625,-0.010475924238562584,0.29797979797979796
1,68,0.17758292659204833,0.7090859726510991,0.5931197309678282,27.68854268128358,0.4356358048439375,0.2734501678071616,7.643647442542383e-06,31.70553469657898,0.20525527000427246,-0.026479853317141533,0.3042929292929293
1,69,0.17102287557660317,0.674971158469934,0.5661261997488426,25.568158728271698,0.4356358048439375,0.23933535362599656,7.215456393281777e-06,34.572266817092896,0.2843973636627197,-0.004081777296960354,0.3106060606060606
1,70,0.17441352251536993,0.7107406257091601,0.6000784292603051,26.17605657229461,0.4356358048439375,0.2751048208652226,6.795777628163599e-06,38.30222725868225,0.19403168559074402,-0.0014766877284273505,0.3169191919191919
1,71,0.17635863700083323,0.6994651410141911,0.5860762754579296,25.94796873018285,0.4356358048439375,0.2638293361702536,6.3850700597558465e-06,34.450587034225464,0.12971775233745575,-0.05446041747927666,0.3232323232323232
1,72,0.1605479454963791,0.6854864232391635,0.5770625271582513,25.669817942500142,0.4356358048439375,0.24985061839522604,5.983782790754624e-06,31.286757946014404,0.19359394907951355,-0.34566518664360046,0.3295454545454546
1,73,0.16145825340431563,0.6880012710522818,0.5806351354040103,31.948078178942012,0.4356358048439375,0.2523654662083443,5.592354622896944e-06,32.305622816085815,0.17104767262935638,-0.01348303072154522,0.3358585858585858
1,74,0.16221124450771177,0.6905829885305272,0.5858720528222063,27.851828205753097,0.4356358048439375,0.25494718368658975,5.21121357713747e-06,31.524774074554443,0.1735275685787201,-0.029791057109832764,0.3421717171717171
1,75,0.15507123284802146,0.7051923124826858,0.5933961841305571,26.241896494345095,0.4356358048439375,0.2695565076387483,4.840776425613887e-06,37.58203196525574,0.12832558155059814,-0.012209905311465263,0.3484848484848485
1,76,0.1606124929931699,0.6945255828903915,0.5880383450725676,24.32969058904926,0.4356358048439375,0.25888977804645397,4.481448235912671e-06,32.887967109680176,0.1582847535610199,-0.016332989558577538,0.3547979797979797
1,77,0.1477558269184463,0.6849073050441273,0.5794844464890131,28.042900924129327,0.4356358048439375,0.24927150020018984,4.133621928133666e-06,32.176209926605225,0.1653919816017151,-0.010519646108150482,0.36111111111111105
1,78,0.15676413628519797,0.6960226169952904,0.5904962657795236,30.91098890504082,0.4356358048439375,0.26038681215135295,3.7976778452376966e-06,31.603666067123413,0.22266164422035217,-0.010101302526891232,0.36742424242424243
1,79,0.15379095214362049,0.6872479249107365,0.5807487915314257,27.454604510459806,0.4356358048439375,0.251612120066799,3.473983337147118e-06,31.993385076522827,0.26744693517684937,-0.008013500832021236,0.37373737373737376
1,80,0.15076292899190163,0.6932772161707648,0.5819383347612523,27.637959694987373,0.4356358048439375,0.2576414113268273,3.162892359054098e-06,37.86827206611633,0.1568491905927658,-0.02305661141872406,0.38005050505050497
1,81,0.1502077054916596,0.697914680648536,0.5847344894179554,32.386973434740206,0.4356358048439375,0.2622788758045985,2.86474508437579e-06,32.40416741371155,0.15319393575191498,-0.013899697922170162,0.38636363636363635
1,82,0.14400354118979708,0.6885276906819058,0.5820427194141802,30.105020916032377,0.4356358048439375,0.2528918858379683,2.5798675327796994e-06,31.58482837677002,0.12476581335067749,-0.0558316633105278,0.3926767676767677
1,83,0.14828803755190909,0.6847458030824408,0.5770812273111455,29.58858631182949,0.4356358048439375,0.24910999823850333,2.308571213685967e-06,31.514046669006348,0.17688986659049988,-0.01952480524778366,0.3989898989898989
1,84,0.14326877375038302,0.6850860395250425,0.5782413952177504,27.52641296918748,0.4356358048439375,0.24945023468110505,2.0511527856363916e-06,32.02859139442444,0.11427905410528183,-0.08347032964229584,0.4053030303030303
1,85,0.13966549241117068,0.690702816645501,0.5835776343874274,27.50765527273397,0.4356358048439375,0.25506701180156355,1.8078937319026655e-06,38.02071499824524,0.11003822088241577,-0.04699670523405075,0.4116161616161616
1,86,0.14972163174225359,0.6993997214841035,0.5892157708654715,24.599177291772826,0.4356358048439375,0.26376391664016596,1.579060052688548e-06,32.75359535217285,0.1210361123085022,-0.06122799962759018,0.417929292929293
1,87,0.14567713971648896,0.6986173597586837,0.5896111660792265,26.342729322332378,0.4356358048439375,0.2629815549147462,1.3649019742625624e-06,31.524160623550415,0.1482209712266922,-0.16105231642723083,0.4242424242424242
1,88,0.14853417637700939,0.6964922652545519,0.588021227596815,25.84554709939556,0.4356358048439375,0.2608564604106144,1.1656536753392288e-06,31.791979551315308,0.09505461901426315,-0.0434618704020977,0.4305555555555555
1,89,0.14077816781949024,0.7041572219377503,0.5952245306810429,26.467419916776283,0.4356358048439375,0.26852141709381283,9.815330310080889e-07,33.09067130088806,0.15082715451717377,-0.009984341450035572,0.4368686868686869
1,90,0.14289980229674554,0.6949957475741158,0.5896661397529492,25.898112094629084,0.4356358048439375,0.25935994273017826,8.127413744904805e-07,37.75148582458496,0.14008256793022156,-0.0428333543241024,0.4431818181818181
1,91,0.1387667951687258,0.6939239311498212,0.5876748809843947,24.219322200765166,0.4356358048439375,0.2582881263058837,6.594632769846353e-07,32.30496525764465,0.09196724742650986,-0.05728530511260033,0.44949494949494945
1,92,0.14730984869660163,0.6939754747795898,0.5873763190409008,24.558559608193246,0.4356358048439375,0.25833966993565227,5.218663458397716e-07,31.828655242919922,0.1498926877975464,-0.022704999893903732,0.45580808080808083
1,93,0.13328227073866494,0.6927206026753625,0.5865364292482189,26.024645909971994,0.4356358048439375,0.257084797831425,4.0010104127991385e-07,32.29601812362671,0.1516360491514206,-0.042327702045440674,0.46212121212121215
1,94,0.13640831821427055,0.693202187308248,0.5872002160691098,24.663170104217702,0.4356358048439375,0.2575663824643105,2.943005118778597e-07,32.10169839859009,0.13950610160827637,-0.01780194416642189,0.46843434343434337
1,95,0.1365149534326427,0.6943158660143142,0.5881307830506557,24.706991504223847,0.4356358048439375,0.2586800611703767,2.0458044895916516e-07,37.94956016540527,0.19361501932144165,-0.07829960435628891,0.47474747474747475
1,96,0.13744153918660418,0.6942354777696745,0.587978383501753,24.72788078505823,0.4356358048439375,0.25859967292573705,1.3103896009537207e-07,33.0230975151062,0.09742745012044907,-0.029041102156043053,0.4810606060606061
1,97,0.13349500237678996,0.6943265586710184,0.5877930268963848,24.734442324641353,0.4356358048439375,0.25869075382708095,7.375646182482875e-08,32.340383768081665,0.15956303477287292,-0.011262845247983932,0.4873737373737373
1,98,0.1346920652657139,0.6944098403413055,0.5879138897214691,24.742933127809756,0.4356358048439375,0.258774035497368,3.279559171838198e-08,31.805715084075928,0.1568637192249298,-0.013997319154441357,0.4936868686868687
1,99,0.13564132868635412,0.6944164845061052,0.5879208836463409,24.744116281463434,0.4356358048439375,0.25878067966216767,8.201139886109265e-09,31.674684762954712,0.11537610739469528,-0.04704158753156662,0.5
2,0,0.6887766633714948,0.48701763160716505,0.34890293599080047,53.37213258704171,0.4324622420678442,0.05455538953932082,6e-06,16.429638147354126,0.8571557998657227,0.0,0.0
2,1,0.5757604442080673,0.5541521082708448,0.43466412105451674,18.392935586654644,0.4324622420678442,0.1216898662030006,1.2e-05,14.824502229690552,0.47939562797546387,0.0,0.0
2,2,0.5399952129441865,0.5827779131578605,0.4615372166282439,19.12895365534317,0.4324622420678442,0.1503156710900163,1.8e-05,15.848002910614014,0.28868526220321655,0.0,0.0
2,3,0.5605290179349938,0.5546650152450819,0.4178066325692848,51.05844745492922,0.4324622420678442,0.12220277317723771,2.4e-05,24.327558517456055,0.3289514482021332,0.0,0.0
2,4,0.4902661686040917,0.6139691922619273,0.4869327544265701,17.962735776995164,0.4324622420678442,0.18150695019408303,3.0000000000000004e-05,23.480024099349976,0.47891777753829956,0.0,0.0
2,5,0.4721627399629476,0.5765552001539218,0.447691826559668,18.917322721533345,0.4324622420678442,0.14409295808607758,3e-05,23.851892471313477,0.5820335745811462,0.0,0.0
2,6,0.47104063356409265,0.6111681914954196,0.47520576141104054,38.176238541677655,0.4324622420678442,0.17870594942757534,2.999179886011389e-05,25.58245849609375,0.5486600399017334,0.0,0.0
2,7,0.4402247217236733,0.6503227734043199,0.5245506576204445,34.00579392955253,0.4324622420678442,0.21786053133647565,2.9967204408281618e-05,23.792093753814697,0.49613022804260254,0.0,0.0
2,8,0.4263940870153661,0.5672058747274944,0.4389920533800843,62.73588164830553,0.4324622420678442,0.13474363265965017,2.9926243538175172e-05,25.696208953857422,0.6283305287361145,0.0,0.0
2,9,0.40590838905499904,0.6842117308624416,0.5582128908766747,22.43043154780199,0.4324622420678442,0.25174948879459735,2.9868961039904628e-05,23.953359842300415,0.289316862821579,0.0,0.0
2,10,0.4228028831433277,0.624869307086844,0.5007251924932186,38.9107102011885,0.4324622420678442,0.19240706501899973,2.9795419551040836e-05,25.70882558822632,0.22910413146018982,0.0,0.0
2,11,0.4017717233117746,0.6208576785944391,0.497397450600774,28.21441336851262,0.4324622420678442,0.18839543652659485,2.970569948812214e-05,24.316402912139893,0.43618401885032654,0.0,0.0
2,12,0.38278226523983233,0.5162441958788544,0.3892142621157859,76.28122458367478,0.4324622420678442,0.08378195381101017,2.9599898958720088e-05,24.036138772964478,0.6399549841880798,0.0,0.0
2,13,0.3879564237229678,0.6749180323426982,0.5492989286738441,26.540956743518183,0.4324622420678442,0.24245579027485398,2.947813365416023e-05,24.30922818183899,0.5498549342155457,0.0,0.0
2,14,0.37388896485980677,0.6728032031481532,0.5562936362117279,30.23379472570369,0.4324622420678442,0.240340961080309,2.9340536723015367e-05,23.25739336013794,0.389759361743927,0.0,0.0
2,15,0.3421814374777736,0.6460558444926412,0.5320345454910103,26.51198977206122,0.4324622420678442,0.21359360242479697,2.9187258625509518e-05,27.862553358078003,0.21028625965118408,0.0,0.0
2,16,0.36306352761327004,0.6487947719394302,0.5253472009582196,32.16370846424677,0.4324622420678442,0.21633252987158602,2.9018466968991913e-05,27.03071165084839,0.23127834498882294,0.0,0.0
2,17,0.33665358807359425,0.6438012931752931,0.5223223974252628,36.92966046272679,0.4324622420678442,0.21133905110744888,2.883434632466077e-05,23.94962167739868,0.28382420539855957,0.0,0.0
2,18,0.37131769863926634,0.6491534945154374,0.5263862313543499,35.80705115560871,0.4324622420678442,0.21669125244759313,2.863509802573744e-05,24.282997131347656,0.31159287691116333,0.0,0.0
2,19,0.3400837076561792,0.6459002038983631,0.5373826846460549,40.266349239054996,0.4324622420678442,0.21343796183051889,2.8420939947311454e-05,24.06075644493103,0.3851172924041748,0.0,0.0
2,20,0.34210339310217874,0.6903736316644457,0.5798050831461722,16.210640893828465,0.4324622420678442,0.2579113895966014,2.8192106268097336e-05,38.17609167098999,0.2601834535598755,-0.030161812901496887,0.0012626262626262534
2,21,0.3253174275159836,0.7028990437243144,0.5962671571737224,18.015777270553546,0.4324622420678442,0.2704368016564702,2.794884721436361e-05,31.60825490951538,0.44390997290611267,0.003805676009505987,0.0075757575757575725
2,22,0.32211983538403804,0.7003366486054143,0.5842927259466739,18.530918218134115,0.4324622420678442,0.2678744065375701,2.769142878631403e-05,32.03036618232727,0.24680648744106293,-0.266925185918808,0.013888888888888874
2,23,0.30759261426877005,0.7062691108751081,0.5932345687073679,22.64498428564295,0.4324622420678442,0.2738068688072639,2.74201324672203e-05,30.647266387939453,0.18178728222846985,-0.022743698209524155,0.020202020202020193
2,24,0.32510099605638154,0.6796511727085254,0.5656287091978962,24.189978128198288,0.4324622420678442,0.24718893064068115,2.7135254915624213e-05,31.861436367034912,0.48034244775772095,-0.010577769950032234,0.026515151515151512
2,25,0.30383396787302835,0.6431774544830028,0.5309594361705967,36.14693027687292,0.4324622420678442,0.21071521241515856,2.6837107640945904e-05,38.0593581199646,0.24962572753429413,-0.06255125254392624,0.03282828282828283
2,26,0.2906462124415806,0.6619364745401694,0.5457789926670731,41.6909294542665,0.4324622420678442,0.22947423247232512,2.6526016662852887e-05,31.754475831985474,0.2660466134548187,-0.009047972038388252,0.03914141414141415
2,27,0.2898378457341875,0.6811058398318275,0.576168014398878,21.753325354565014,0.4324622420678442,0.24864359776398326,2.620232215476231e-05,30.723131895065308,0.1391068398952484,-0.046293482184410095,0.045454545454545435
2,28,0.2964324814324476,0.6882056714369119,0.5781215667203339,21.632758066432675,0.4324622420678442,0.2557434293690677,2.5866378071866338e-05,30.857274532318115,0.1604217290878296,-0.33392810821533203,0.051767676767676754
2,29,0.2933198900855317,0.6961916281108937,0.5845513697847419,23.77809419600642,0.4324622420678442,0.2637293860430495,2.5518551764087326e-05,30.827415227890015,0.15852613747119904,0.03239252045750618,0.05808080808080807
2,30,0.28152841937785245,0.6728397400556454,0.5555315823460635,24.058854352444694,0.4324622420678442,0.24037749798780117,2.5159223574386117e-05,38.60025382041931,0.4342990517616272,0.017356596887111664,0.06439393939393939
2,31,0.27840844040014306,0.6816553799660263,0.5728934532672122,28.253380857682163,0.4324622420678442,0.2491931378981821,2.478878642286253e-05,31.893359661102295,0.22772753238677979,-0.012131518684327602,0.0707070707070707
2,32,0.28757515002270134,0.7037171531020538,0.5936848410357727,26.558357877425756,0.4324622420678442,0.2712549110342096,2.4407645377103056e-05,30.951709032058716,0.16980338096618652,-0.008284617215394974,0.07702020202020203
2,33,0.27417235927922384,0.6891826036233837,0.5872292161408612,18.89277966850248,0.4324622420678442,0.25672036155553946,2.4016217209245377e-05,31.281577110290527,0.22263652086257935,-0.006915789097547531,0.08333333333333331
2,34,0.25479529402693923,0.690958435390834,0.5753844345350764,23.014067797352507,0.4324622420678442,0.2584961933229898,2.3614929940244155e-05,30.99213933944702,0.16666069626808167,-0.022724829614162445,0.08964646464646463
2,35,0.25630921779238447,0.6963099581117332,0.5886117793273968,25.13167882488392,0.4324622420678442,0.263847716043889,2.320422237183641e-05,38.39322757720947,0.21694010496139526,-0.027035720646381378,0.09595959595959595
2,36,0.2591374378119196,0.6981550512449053,0.5933248644636152,16.815396278649427,0.4324622420678442,0.26569280917706106,2.2784543606718227e-05,31.80537724494934,0.13198339939117432,-0.18459348380565643,0.10227272727272727
2,37,0.2556871583267134,0.7207706216017289,0.6122663533988785,16.067941988903534,0.4324622420678442,0.28830837953388466,2.2356352557457624e-05,30.883319854736328,0.23756372928619385,-0.017929475754499435,0.10858585858585859
2,38,0.24659695065751366,0.6925111601462363,0.5884214273188769,21.61303731214611,0.4324622420678442,0.26004891807839203,2.1920117444680317e-05,33.21287131309509,0.17037895321846008,-0.019501447677612305,0.11489898989898988
2,39,0.2513967092548098,0.7262764319497648,0.6214284192454042,15.301415818765342,0.4324622420678442,0.29381418988192054,2.1476315285077393e-05,30.762659788131714,0.32345056533813477,-0.09598946571350098,0.12121212121212119
2,40,0.24063792490229316,0.7052573852979507,0.5989739736285117,19.7156029483048,0.4324622420678442,0.27279514323010645,2.1025431369794546e-05,37.17528414726257,0.4211609363555908,0.020468052476644516,0.1275252525252525
2,41,0.2396809235215187,0.6466480084950647,0.5480722488250801,28.648640228915465,0.4324622420678442,0.21418576642722043,2.056795873377331e-05,31.68688464164734,0.20601895451545715,-0.048605017364025116,0.1338383838383838
2,42,0.24233873583832566,0.7174281684607371,0.6101975909275613,21.556727070277176,0.4324622420678442,0.28496592639289287,2.0104397616624646e-05,31.000245094299316,0.4743283987045288,-0.004172910004854202,0.14015151515151514
2,43,0.22368216803487467,0.7275248842598236,0.6236832874933413,21.70709112877803,0.4324622420678442,0.2950626421919794,1.963525491562421e-05,31.096697092056274,0.2573327422142029,-0.004176594316959381,0.14646464646464646
2,44,0.22649176798912943,0.7156995849530795,0.6138094986446406,14.578707079208575,0.4324622420678442,0.2832373428852353,1.916104363142767e-05,33.97253656387329,0.1352826952934265,-0.03689160197973251,0.15277777777777773
2,45,0.2194676371101214,0.7119159590004672,0.6055064978910366,24.505981801924737,0.4324622420678442,0.279453716932623,1.8682282307111988e-05,38.55444598197937,0.13573084771633148,-0.020964285358786583,0.15909090909090906
2,46,0.21512077733570215,0.7024539511537892,0.5983927879722298,25.639056426299145,0.4324622420678442,0.26999170908594494,1.8199494461156203e-05,32.312167167663574,0.29052305221557617,-0.03867373242974281,0.1654040404040404
2,47,0.21675246330548306,0.6806763556429718,0.5713733613814816,26.512737713822936,0.4324622420678442,0.24821411357512757,1.771320801498165e-05,31.12318468093872,0.14314955472946167,-0.04603245481848717,0.1717171717171717
2,48,0.21233674153989676,0.6868740978874024,0.5829220781807823,22.060370473006895,0.4324622420678442,0.25441185581955816,1.722395471567763e-05,31.345025539398193,0.1520107388496399,-0.5740078687667847,0.178030303030303
2,49,0.22502594958154523,0.6768578627680362,0.5749195909275647,25.39570097279103,0.4324622420678442,0.24439562070019194,1.6732269554543794e-05,31.731468677520752,0.3177838921546936,-0.05027611181139946,0.18434343434343434
2,50,0.20863285394651548,0.6844513578128,0.5817920603738498,25.94594753480831,0.4324622420678442,0.25198911574495575,1.623869018208499e-05,39.40164351463318,0.1330113410949707,-0.018102187663316727,0.19065656565656566
2,51,0.21539995104682688,0.7103984350352303,0.6057402710604134,19.199157183364225,0.4324622420678442,0.27793619296738603,1.5743756320098334e-05,30.42365002632141,0.22292160987854004,-0.021068116649985313,0.19696969696969693
2,52,0.20955797467304735,0.7104071374873949,0.6035346368457372,26.030305964828482,0.4324622420678442,0.2779448954195507,1.524800917149538e-05,30.82033658027649,0.11054738610982895,-0.03984673321247101,0.2032828282828283
2,53,0.20892852514374013,0.6665937127894589,0.5689708589373987,27.370325159908045,0.4324622420678442,0.23413147072161467,1.4751990828504623e-05,30.396355628967285,0.22253656387329102,-0.01598375290632248,0.20959595959595959
2,54,0.1994114804024599,0.7021393270578198,0.5952764308880254,24.608448204903226,0.4324622420678442,0.26967708498997556,1.4256243679901665e-05,30.657458305358887,0.15260419249534607,-0.04685238003730774,0.21590909090909086
2,55,0.1930329255303558,0.7159359964697979,0.613563021917523,19.422751149393267,0.4324622420678442,0.28347375440195366,1.3761309817915017e-05,35.219322204589844,0.14625100791454315,-0.022543391212821007,0.2222222222222222
2,56,0.18587824230899616,0.6933490370305756,0.5864038181070292,26.882506732359147,0.4324622420678442,0.26088679496273137,1.3267730445456208e-05,31.24306297302246,0.17402061820030212,-0.011768219992518425,0.2285353535353535
2,57,0.18663209372637224,0.6943427388063212,0.5843404731242596,34.379765061329216,0.4324622420678442,0.261880496738477,1.277604528432237e-05,30.438014268875122,0.19977258145809174,-0.03710299730300903,0.23484848484848486
2,58,0.1909288125378745,0.6912012592011824,0.5879078222984212,23.771616565335563,0.4324622420678442,0.25873901713333813,1.2286791985018356e-05,31.12830686569214,0.22686181962490082,-0.01418997347354889,0.24116161616161613
2,59,0.18399697412945787,0.6984583523058645,0.5921257535167567,26.62664965421494,0.4324622420678442,0.2659961102380203,1.18005055388438e-05,30.785625219345093,0.28045880794525146,-0.04428189992904663,0.24747474747474743
2,60,0.1787494176200458,0.7075929637321671,0.6054651074136326,21.91546862346757,0.4324622420678442,0.27513072166432284,1.1317717692888014e-05,38.535510540008545,0.19240844249725342,-0.1817415952682495,0.2537878787878788
2,61,0.1799853217540955,0.6718493510140475,0.5675617492008275,24.73793585618475,0.4324622420678442,0.2393871089462033,1.0838956368572335e-05,30.678353309631348,0.1697055995464325,-0.04297374188899994,0.26010101010101006
2,62,0.16743455690388775,0.667794184134751,0.570100364473508,22.553749809934626,0.4324622420678442,0.23533194206690677,1.036474508437579e-05,30.450527906417847,0.1240607351064682,-0.04939362034201622,0.26641414141414144
2,63,0.1632191958476086,0.6706147353105629,0.5779605234885435,24.481161376171247,0.4324622420678442,0.2381524932427187,9.895602383375355e-06,31.202523946762085,0.13919195532798767,-0.01490552257746458,0.2727272727272727
2,64,0.17021342914323417,0.6853851517770038,0.5869936821914612,25.01786919498682,0.4324622420678442,0.25292290970915954,9.432041266226686e-06,30.638896942138672,0.14440271258354187,-0.03529536724090576,0.27904040404040403
2,65,0.17564539041142074,0.6868285002417396,0.5798088285114866,23.290975520169532,0.4324622420678442,0.25436625817389535,8.974568630205462e-06,37.73068404197693,0.3304334282875061,-0.12287034094333649,0.28535353535353536
2,66,0.1663622199272623,0.6811788060233185,0.5783695677768784,22.08711048505971,0.4324622420678442,0.24871656395547426,8.523684714922608e-06,31.612516403198242,0.2066231220960617,-0.09073416888713837,0.29166666666666663
2,67,0.16248770286234057,0.6620948773761696,0.5627629437411332,26.514585979997886,0.4324622420678442,0.22963263530832534,8.079882555319685e-06,30.54915976524353,0.13479989767074585,-0.010496633127331734,0.29797979797979796
2,68,0.15508781936095686,0.6841519760893207,0.5810687987496946,25.249316682296985,0.4324622420678442,0.25168973402147643,7.643647442542383e-06,30.837961196899414,0.25140833854675293,-0.02222098410129547,0.3042929292929293
2,69,0.1590916813940418,0.6832648194585397,0.5802147990047286,26.28685614240356,0.4324622420678442,0.25080257739069545,7.215456393281777e-06,31.045350313186646,0.24488848447799683,-0.021260125562548637,0.3106060606060606
2,70,0.1522860228255087,0.6748751791010393,0.5722397134328446,28.573523540854083,0.4324622420678442,0.2424129370331951,6.795777628163599e-06,38.25397181510925,0.13904434442520142,-0.004458388779312372,0.3169191919191919
2,71,0.15494270721564488,0.6986306882404836,0.5917185685297565,24.429280568089236,0.4324622420678442,0.26616844617263935,6.3850700597558465e-06,31.88197374343872,0.09802558273077011,-0.06182529777288437,0.3232323232323232
2,72,0.15800439520758025,0.6881845716544404,0.5848450990047311,26.14051372833866,0.4324622420678442,0.25572232958659613,5.983782790754624e-06,30.340699195861816,0.15661415457725525,-0.3458859622478485,0.3295454545454546
2,73,0.15675378423564287,0.6597204244189888,0.5660253147558854,27.2096306381548,0.4324622420678442,0.2272581823511446,5.592354622896944e-06,30.643167972564697,0.16916625201702118,-0.013369180262088776,0.3358585858585858
2,74,0.1522419810751263,0.6674199830557455,0.5691517221542548,23.46483957384567,0.4324622420678442,0.23495774098790123,5.21121357713747e-06,30.45647621154785,0.16538913547992706,-0.031172290444374084,0.3421717171717171
2,75,0.1505075795005779,0.6848550844571393,0.5847707729676925,23.776287923652387,0.4324622420678442,0.25239284238929505,4.840776425613887e-06,36.8355278968811,0.14670425653457642,-0.03883050009608269,0.3484848484848485
2,76,0.14614287710615567,0.6812456790620034,0.5793841259827571,23.17605589993926,0.4324622420678442,0.24878343699415917,4.481448235912671e-06,31.389235734939575,0.1482660472393036,-0.05147424340248108,0.3547979797979797
2,77,0.14515994732477228,0.685843946766237,0.5836451655821695,27.477486266995204,0.4324622420678442,0.2533817046983927,4.133621928133666e-06,30.396064519882202,0.15367133915424347,-0.010436336509883404,0.36111111111111105
2,78,0.1430551622595106,0.6862666732540584,0.5841383023884704,24.599690608977106,0.4324622420678442,0.2538044311862142,3.7976778452376966e-06,30.727131366729736,0.16585811972618103,-0.025499314069747925,0.36742424242424243
2,79,0.1313848921230861,0.674655636652568,0.5738714737465956,24.31332542318771,0.4324622420678442,0.24219339458472378,3.473983337147118e-06,30.60076665878296,0.2875882089138031,-0.0003836409596260637,0.37373737373737376
2,80,0.13390899738486933,0.6683849023811594,0.5713098105815745,23.45875591492378,0.4324622420678442,0.2359226603133152,3.162892359054098e-06,37.03024387359619,0.12100404500961304,-0.04421290010213852,0.38005050505050497
2,81,0.1322477047844809,0.6624410855804475,0.5671709911763798,24.055210760553365,0.4324622420678442,0.22997884351260323,2.86474508437579e-06,31.923391580581665,0.23926138877868652,-0.008573058992624283,0.38636363636363635
2,82,0.13791812986743693,0.6675049017449151,0.5693359144947243,24.68915955547904,0.4324622420678442,0.23504265967707083,2.5798675327796994e-06,30.51472020149231,0.11650027334690094,-0.04821547493338585,0.3926767676767677
2,83,0.13127638946990577,0.679881093444446,0.5778361334572095,24.501069338348465,0.4324622420678442,0.2474188513766018,2.308571213685967e-06,30.53701376914978,0.20291244983673096,-0.03000643476843834,0.3989898989898989
2,84,0.13175391778349876,0.6939871748969201,0.5898448568480665,24.27831435159114,0.4324622420678442,0.26152493282907585,2.0511527856363916e-06,30.59368371963501,0.12197338044643402,-0.059575192630290985,0.4053030303030303
2,85,0.13395280010846197,0.6934120349632074,0.5922864541642919,25.65620891759366,0.4324622420678442,0.26094979289536313,1.8078937319026655e-06,38.52160668373108,0.10026150941848755,-0.04921547695994377,0.4116161616161616
2,86,0.13195365469674675,0.6938175405500766,0.5920880083432526,25.72616099567335,0.4324622420678442,0.2613552984822324,1.579060052688548e-06,31.40067434310913,0.1344027817249298,-0.04328155145049095,0.417929292929293
2,87,0.13613634488108206,0.6964138562167363,0.5940206045215282,26.59156466252504,0.4324622420678442,0.2639516141488921,1.3649019742625624e-06,30.62741255760193,0.16125932335853577,-0.017168227583169937,0.4242424242424242
2,88,0.13029346797539262,0.690309706199731,0.5906100604274085,25.615070676566358,0.4324622420678442,0.25784746413188675,1.1656536753392288e-06,31.027364015579224,0.11910901963710785,-0.043163251131772995,0.4305555555555555
2,89,0.12864634379440423,0.6928815006308464,0.592493622216123,25.795948282825172,0.4324622420678442,0.2604192585630022,9.815330310080889e-07,30.65766191482544,0.1611345112323761,-0.010027267970144749,0.4368686868686869
2,90,0.1366290926781236,0.6919672310186606,0.5907593060569158,25.531468285472695,0.4324622420678442,0.2595049889508164,8.127413744904805e-07,36.459580183029175,0.09725873917341232,-0.11939191818237305,0.4431818181818181
2,91,0.13107219688138183,0.6886424748540676,0.5879700281493682,26.036053995807823,0.4324622420678442,0.25618023278622337,6.594632769846353e-07,30.9790301322937,0.11176113784313202,-0.025647958740592003,0.44949494949494945
2,92,0.12800334082270154,0.6852017464538609,0.5844933802555762,26.097624799174685,0.4324622420678442,0.25273950438601667,5.218663458397716e-07,30.678443908691406,0.16721290349960327,-0.05006372928619385,0.45580808080808083
2,93,0.11808679268068197,0.6840925904145757,0.5842942274394809,24.130922909405903,0.4324622420678442,0.2516303483467315,4.0010104127991385e-07,30.598442554473877,0.15359149873256683,-0.04147016257047653,0.46212121212121215
2,94,0.12767806215857974,0.6845041165058751,0.5848488310731664,25.62465138453185,0.4324622420678442,0.25204187443803083,2.943005118778597e-07,30.735310316085815,0.15327779948711395,-0.05302742123603821,0.46843434343434337
2,95,0.12498991601929373,0.6857622434539403,0.5863064906020093,25.685546723728397,0.4324622420678442,0.2533000013860961,2.0458044895916516e-07,36.539013147354126,0.211544930934906,-0.07635520398616791,0.47474747474747475
2,96,0.12410359920895829,0.6854093081766454,0.5856441276741993,26.081550153918492,0.4324622420678442,0.25294706610880113,1.3103896009537207e-07,31.735236406326294,0.09574263542890549,-0.0290196742862463,0.4810606060606061
2,97,0.1290476656689936,0.684943326135802,0.5853047255687069,25.71327468221138,0.4324622420678442,0.2524810840679578,7.375646182482875e-08,30.368864059448242,0.1533752977848053,-0.012841610237956047,0.4873737373737373
2,98,0.12252190876372006,0.6851035947567059,0.5854915167882201,25.69764260925344,0.4324622420678442,0.2526413526888617,3.279559171838198e-08,30.3556911945343,0.1756294220685959,-0.010896340012550354,0.4936868686868687
2,99,0.11741313596769255,0.6850573341764409,0.5854724874025414,25.710673425125712,0.4324622420678442,0.25259509210859665,8.201139886109265e-09,31.12277913093567,0.11102055013179779,-0.04716012626886368,0.5
3,0,0.6694529701252373,0.5392023710673906,0.39505118389866634,30.22844946997544,0.41153481387066854,0.12766755719672201,6e-06,17.924413442611694,0.6244891285896301,0.0,0.0
3,1,0.5890148361118472,0.5423693455388475,0.3978421516185669,48.378393279159106,0.41153481387066854,0.130834531668179,1.2e-05,15.354550123214722,0.6057524085044861,0.0,0.0
3,2,0.5683521372931344,0.6346526232040107,0.5041791431742216,19.771346914752392,0.41153481387066854,0.2231178093333422,1.8e-05,14.956266164779663,0.602811336517334,0.0,0.0
3,3,0.5636298711202583,0.6315226635440855,0.4957820482651754,36.391119089034675,0.41153481387066854,0.21998784967341695,2.4e-05,24.305567741394043,0.6201759576797485,0.0,0.0
3,4,0.5283020546241682,0.5769124223631888,0.43067880331637376,46.357796171715506,0.41153481387066854,0.1653776084925203,3.0000000000000004e-05,23.48219394683838,0.6957096457481384,0.0,0.0
3,5,0.4835372579341032,0.6416590031620936,0.5038909871975968,21.57277466576187,0.41153481387066854,0.23012418929142503,3e-05,24.089575052261353,0.3425101637840271,0.0,0.0
3,6,0.4611816941475382,0.6624798830367772,0.5339962256906414,19.785443007806137,0.41153481387066854,0.25094506916610865,2.999179886011389e-05,24.746451377868652,0.4191499948501587,0.0,0.0
3,7,0.47283267670748186,0.5699706104101113,0.42658486457093336,45.552257402649424,0.41153481387066854,0.15843579653944279,2.9967204408281618e-05,24.788599252700806,0.7036657333374023,0.0,0.0
3,8,0.45093162023291294,0.620791181823043,0.4830108471554106,38.0975517012911,0.41153481387066854,0.2092563679523745,2.9926243538175172e-05,23.91520071029663,0.48031020164489746,0.0,0.0
3,9,0.3991496058142915,0.6622078494354705,0.5237012438013701,28.1083888424599,0.41153481387066854,0.25067303556480197,2.9868961039904628e-05,23.899651050567627,0.29220879077911377,0.0,0.0
3,10,0.42346227959710725,0.7036345617438357,0.571691658053978,34.05837341995916,0.41153481387066854,0.2920997478731671,2.9795419551040836e-05,26.244629859924316,0.47419315576553345,0.0,0.0
3,11,0.4055448618470406,0.6818114742079882,0.5479338672531496,25.143133914895085,0.41153481387066854,0.2702766603373196,2.970569948812214e-05,24.06379461288452,0.1759013533592224,0.0,0.0
3,12,0.4243995039438715,0.7031404649949208,0.571795772701211,38.746778935016856,0.41153481387066854,0.29160565112425224,2.9599898958720088e-05,23.333752870559692,0.271949827671051,0.0,0.0
3,13,0.3826103216531325,0.7007089229590432,0.5733617768191953,22.35246310471474,0.41153481387066854,0.28917410908837465,2.947813365416023e-05,23.555680751800537,0.3557202219963074,0.0,0.0
3,14,0.3976438793600822,0.6502070779291506,0.5088687579320035,26.25030755969131,0.41153481387066854,0.23867226405848202,2.9340536723015367e-05,23.505480527877808,0.656109631061554,0.0,0.0
3,15,0.38958930513080287,0.6656154758766374,0.5273168172260964,31.83523188236317,0.41153481387066854,0.25408066200596885,2.9187258625509518e-05,25.801043033599854,0.4843529760837555,0.0,0.0
3,16,0.37456845659382487,0.6881853601029869,0.5516411731842825,22.751559248491827,0.41153481387066854,0.2766505462323184,2.9018466968991913e-05,23.34761643409729,0.16974470019340515,0.0,0.0
3,17,0.3384224453142711,0.6557665704937387,0.5427676854538322,18.13371551231691,0.41153481387066854,0.24423175662307012,2.883434632466077e-05,23.383387565612793,0.32784730195999146,0.0,0.0
3,18,0.37414587851689785,0.7301510246377404,0.6077577127170154,13.71401572086862,0.41153481387066854,0.31861621076707186,2.863509802573744e-05,23.756936073303223,0.1918654441833496,0.0,0.0
3,19,0.3507659572119616,0.7051345096496419,0.5819510954185465,24.082290467652925,0.41153481387066854,0.2935996957789733,2.8420939947311454e-05,24.887068271636963,0.5382723808288574,0.0,0.0
3,20,0.3470209836959839,0.7343224712427752,0.6153385886951235,18.649482120459293,0.41153481387066854,0.32278765737210663,2.8192106268097336e-05,35.78875684738159,0.48183968663215637,0.05698248744010925,0.0012626262626262534
3,21,0.3488243581080923,0.6255667755643496,0.4832492080127078,48.436065305396575,0.41153481387066854,0.21403196169368105,2.794884721436361e-05,32.26747012138367,0.502145528793335,0.17535090446472168,0.0075757575757575725
3,22,0.33827452300762645,0.7296515812868235,0.6081323229720655,14.701706092831621,0.41153481387066854,0.31811676741615497,2.769142878631403e-05,30.548161029815674,0.28609609603881836,-0.006461890880018473,0.013888888888888874
3,23,0.3419142858106263,0.722645343884173,0.5960576609509911,18.42499498617767,0.41153481387066854,0.31111053001350447,2.74201324672203e-05,31.281315565109253,0.4517144560813904,0.02450750768184662,0.020202020202020193
3,24,0.3453007227912241,0.6998252896238673,0.5783309550353167,14.487633717558387,0.41153481387066854,0.2882904757531987,2.7135254915624213e-05,30.71334934234619,0.17927896976470947,-0.03612813353538513,0.026515151515151512
3,25,0.31286909051087436,0.729616699234783,0.6173676715503701,16.739236281504947,0.41153481387066854,0.31808188536411447,2.6837107640945904e-05,35.77678847312927,0.1820949763059616,-0.03669128566980362,0.03282828282828283
3,26,0.3211896504674639,0.7556209819193921,0.6343629403308582,17.100134799632936,0.41153481387066854,0.34408616804872355,2.6526016662852887e-05,31.788920164108276,0.29473140835762024,-0.009113017469644547,0.03914141414141415
3,27,0.30910738086213874,0.7201137216426385,0.5945206180852195,22.22119808932545,0.41153481387066854,0.30857890777197,2.620232215476231e-05,31.630648851394653,0.4168134331703186,0.022177401930093765,0.045454545454545435
3,28,0.31391966616620826,0.7612927038520255,0.6481323720494507,13.251251432957192,0.41153481387066854,0.349757889981357,2.5866378071866338e-05,30.213706254959106,0.20789581537246704,-0.09241172671318054,0.051767676767676754
3,29,0.31141683261613456,0.7404454679412259,0.6263446836914571,16.50573537847396,0.41153481387066854,0.32891065407055736,2.5518551764087326e-05,31.811240673065186,0.3686254620552063,-0.037970058619976044,0.05808080808080807
3,30,0.28276351763277635,0.7425902292342227,0.630700263975774,12.396358155242057,0.41153481387066854,0.33105541536355415,2.5159223574386117e-05,38.21382665634155,0.33490699529647827,-0.05864434689283371,0.06439393939393939
3,31,0.29491773278129346,0.7414817982468085,0.6179389669925784,19.29275308443896,0.41153481387066854,0.32994698437613995,2.478878642286253e-05,30.96327042579651,0.3440132737159729,-0.13389992713928223,0.0707070707070707
3,32,0.2944683943475996,0.7743757382482971,0.6533182216411998,18.16074520887406,0.41153481387066854,0.36284092437762855,2.4407645377103056e-05,30.42547035217285,0.2365529090166092,-0.0061188992112874985,0.07702020202020203
3,33,0.2696602152926581,0.7300491075206491,0.608634285313872,16.52667827683101,0.41153481387066854,0.3185142936499806,2.4016217209245377e-05,31.846254587173462,0.3210175633430481,0.1198003739118576,0.08333333333333331
3,34,0.2855346646844124,0.7425012988764711,0.6294819261731213,12.560620595714038,0.41153481387066854,0.33096648500580256,2.3614929940244155e-05,30.85406517982483,0.34248799085617065,-0.03938911110162735,0.08964646464646463
3,35,0.2856797388925844,0.7387317276516313,0.6222786687015923,23.329413709173966,0.41153481387066854,0.3271969137809628,2.320422237183641e-05,36.19006586074829,0.26001203060150146,-0.021090829744935036,0.09595959595959595
3,36,0.2530700158403844,0.748990132729403,0.6301414756612093,13.658448189181593,0.41153481387066854,0.3374553188587344,2.2784543606718227e-05,31.494534969329834,0.401996910572052,0.018782591447234154,0.10227272727272727
3,37,0.2711872397636881,0.7720777911926543,0.6545672758007639,19.943883730064567,0.41153481387066854,0.36054297732198576,2.2356352557457624e-05,30.76063871383667,0.23971803486347198,0.1713501513004303,0.10858585858585859
3,38,0.2669374080640929,0.7520650594282025,0.6311438402868094,24.244169703555272,0.41153481387066854,0.3405302455575339,2.1920117444680317e-05,30.90456986427307,0.23333710432052612,-0.02175089344382286,0.11489898989898988
3,39,0.25505613748516354,0.7421761437965108,0.6360867518906691,12.72683513059964,0.41153481387066854,0.3306413299258422,2.1476315285077393e-05,31.26748013496399,0.18797990679740906,-0.04268328845500946,0.12121212121212119
3,40,0.2721258631470252,0.763486559709051,0.6474939840440994,14.783645382524123,0.41153481387066854,0.35195174583838246,2.1025431369794546e-05,37.38191866874695,0.23656173050403595,-0.031880512833595276,0.1275252525252525
3,41,0.2570059425672706,0.7309580790266742,0.6142416230615453,17.323591264955013,0.41153481387066854,0.31942326515600566,2.056795873377331e-05,30.669485807418823,0.2720528841018677,-0.013592209666967392,0.1338383838383838
3,42,0.2534402923620477,0.766852763157165,0.6518760930761133,22.506156463357883,0.41153481387066854,0.35531794928649646,2.0104397616624646e-05,31.354493379592896,0.15054218471050262,-0.015559304505586624,0.14015151515151514
3,43,0.2488458022779348,0.7312818038907404,0.6216192832500536,14.609096907859952,0.41153481387066854,0.31974699002007184,1.963525491562421e-05,30.990148544311523,0.38608887791633606,0.04625217616558075,0.14646464646464646
3,44,0.2496889869169313,0.7348145356234026,0.6223936380005969,16.562027299190184,0.41153481387066854,0.32327972175273406,1.916104363142767e-05,30.650283098220825,0.2553315758705139,-0.1128239557147026,0.15277777777777773
3,45,0.23932749641184903,0.7333494447286067,0.6126889464192576,23.72998247275613,0.41153481387066854,0.3218146308579382,1.8682282307111988e-05,37.70815825462341,0.1523047685623169,-0.05129363760352135,0.15909090909090906
3,46,0.23440085214619732,0.7339714405865777,0.6229503690026816,25.28957050039397,0.41153481387066854,0.32243662671590917,1.8199494461156203e-05,30.207518815994263,0.411947101354599,0.007816558703780174,0.1654040404040404
3,47,0.23486471890794988,0.7307785250821239,0.6216252860474499,25.151667640746485,0.41153481387066854,0.3192437112114554,1.771320801498165e-05,30.716083526611328,0.14765813946723938,-0.4911598563194275,0.1717171717171717
3,48,0.23546081811797862,0.755819489860991,0.637325971680205,24.339138462179665,0.41153481387066854,0.3442846759903225,1.722395471567763e-05,30.969167947769165,0.2694302201271057,-0.0018227087566629052,0.178030303030303
3,49,0.21221336220600168,0.7569457278794145,0.6460382570096953,20.076954781649572,0.41153481387066854,0.34541091400874596,1.6732269554543794e-05,30.754287719726562,0.26237037777900696,-0.04730851203203201,0.18434343434343434
3,50,0.21545798742041297,0.7888603779675668,0.6805798181208879,16.169836494647654,0.41153481387066854,0.37732556409689827,1.623869018208499e-05,36.68112897872925,0.13271169364452362,-0.029944147914648056,0.19065656565656566
3,51,0.2246553739722894,0.7470049391156399,0.6379612583352792,25.380284314308998,0.41153481387066854,0.3354701252449714,1.5743756320098334e-05,32.512795209884644,0.1896914392709732,-0.0473320335149765,0.19696969696969693
3,52,0.21126473877502946,0.7516235210448535,0.642101119838106,17.642604884782408,0.41153481387066854,0.340088707174185,1.524800917149538e-05,30.559183835983276,0.20589804649353027,-0.020457614213228226,0.2032828282828283
3,53,0.22293800267637992,0.7502522115105865,0.6336423201027931,17.580472631535145,0.41153481387066854,0.338717397639918,1.4751990828504623e-05,31.205810546875,0.1490885615348816,-0.03169168904423714,0.20959595959595959
3,54,0.20249919684565798,0.7257729818728033,0.6168834109006103,17.159020993274133,0.41153481387066854,0.3142381680021347,1.4256243679901665e-05,30.585248708724976,0.38514605164527893,-0.009743066504597664,0.21590909090909086
3,55,0.20361048348095953,0.7703657484990005,0.6544851969264873,18.722700122916294,0.41153481387066854,0.358830934628332,1.3761309817915017e-05,36.8654351234436,0.14213110506534576,-0.04633202776312828,0.2222222222222222
3,56,0.20297901697304785,0.745308999282099,0.6310820385803714,22.756804980772017,0.41153481387066854,0.3337741854114305,1.3267730445456208e-05,31.376917362213135,0.20397569239139557,-0.04095214605331421,0.2285353535353535
3,57,0.20471007042393394,0.7436945790457837,0.630684102519885,26.20560202073558,0.41153481387066854,0.3321597651751152,1.277604528432237e-05,30.28631830215454,0.18314623832702637,-0.01464404072612524,0.23484848484848486
3,58,0.1952400504782492,0.7838457421053255,0.6724315326455926,22.674562740378164,0.41153481387066854,0.372310928234657,1.2286791985018356e-05,30.262142658233643,0.20744983851909637,-0.024160437285900116,0.24116161616161613
3,59,0.19804880798471217,0.7440928867920668,0.6306077778579416,22.653049324667023,0.41153481387066854,0.3325580729213982,1.18005055388438e-05,30.699392795562744,0.16300341486930847,-0.038963012397289276,0.24747474747474743
3,60,0.19646034480965868,0.7645579601967526,0.6504241902670422,24.63497560128596,0.41153481387066854,0.35302314632608406,1.1317717692888014e-05,36.15795278549194,0.22310572862625122,-0.025808576494455338,0.2537878787878788
3,61,0.18407766353719088,0.708071585058454,0.6032036225101564,17.32438886227212,0.41153481387066854,0.2965367711877855,1.0838956368572335e-05,31.293753385543823,0.364080548286438,-0.01626564934849739,0.26010101010101006
3,62,0.19656864994642687,0.7216647196686564,0.6113931495360152,18.73509137991282,0.41153481387066854,0.3101299057979879,1.036474508437579e-05,30.579725742340088,0.2890947461128235,-0.02386036142706871,0.26641414141414144
3,63,0.1846841512894144,0.7759473536572102,0.6662073287092026,20.51552994124864,0.41153481387066854,0.3644125397865417,9.895602383375355e-06,31.09407639503479,0.12654966115951538,-0.6085776686668396,0.2727272727272727
3,64,0.18509214067337465,0.7734695414320125,0.6585933882251135,20.77214371635787,0.41153481387066854,0.361934727561344,9.432041266226686e-06,30.634918928146362,0.15200510621070862,-0.023116257041692734,0.27904040404040403
3,65,0.17607786704082878,0.7449178587876549,0.6356860432449253,16.697246829162893,0.41153481387066854,0.3333830449169864,8.974568630205462e-06,37.13110542297363,0.14038001000881195,-0.05671465024352074,0.28535353535353536
3,66,0.17589522571283944,0.7205982656080453,0.6135107576380409,16.564334481581618,0.41153481387066854,0.30906345173737676,8.523684714922608e-06,30.925415515899658,0.17079094052314758,-0.07505783438682556,0.29166666666666663
3,67,0.16747554893396338,0.7907539874298998,0.6808797876976987,22.46379354577436,0.41153481387066854,0.37921917355923124,8.079882555319685e-06,30.27742028236389,0.2425573468208313,-0.03482833877205849,0.29797979797979796
3,68,0.1666466788369782,0.71972406873175,0.6205879551977364,18.006310698098343,0.41153481387066854,0.30818925486108145,7.643647442542383e-06,32.099873304367065,0.1226031631231308,-0.043396495282649994,0.3042929292929293
3,69,0.16875047616812647,0.7625015677157833,0.6515580562422955,15.553274480842454,0.41153481387066854,0.3509667538451147,7.215456393281777e-06,30.648720264434814,0.18707959353923798,-0.02765936776995659,0.3106060606060606
3,70,0.16011289720024383,0.7740271516567431,0.6648548539213999,18.75275214064933,0.41153481387066854,0.36249233778607454,6.795777628163599e-06,37.20977520942688,0.18832199275493622,-0.1730160415172577,0.3169191919191919
3,71,0.15809041170441374,0.76925661771726,0.6606326266772161,16.112743023761762,0.41153481387066854,0.3577218038465914,6.3850700597558465e-06,30.186078548431396,0.11029578745365143,-0.07577534019947052,0.3232323232323232
3,72,0.16859051813276446,0.7786339426935099,0.6708889574655986,17.889785999068337,0.41153481387066854,0.3670991288228414,5.983782790754624e-06,30.270385026931763,0.14384222030639648,-0.04919879138469696,0.3295454545454546
3,73,0.16248048248947883,0.7325647257549722,0.6307314858943502,18.501592173358663,0.41153481387066854,0.3210299118843037,5.592354622896944e-06,30.093955755233765,0.23572994768619537,-0.061636969447135925,0.3358585858585858
3,74,0.15421629240926432,0.7724766656630412,0.6610333107035133,22.801219386681396,0.41153481387066854,0.36094185179237265,5.21121357713747e-06,30.565866231918335,0.13137772679328918,-0.0631324052810669,0.3421717171717171
3,75,0.15427367343586318,0.7730636711791904,0.6620807389767903,18.96271354751008,0.41153481387066854,0.36152885730852186,4.840776425613887e-06,37.918915033340454,0.16122104227542877,-0.06457899510860443,0.3484848484848485
3,76,0.15207704749642587,0.7477844933372584,0.6430207767042069,19.03571512750016,0.41153481387066854,0.33624967946658985,4.481448235912671e-06,32.655595541000366,0.21982091665267944,-0.02314252033829689,0.3547979797979797
3,77,0.14704811192896902,0.7547264011431306,0.6417221407243481,24.00270770604099,0.41153481387066854,0.3431915872724621,4.133621928133666e-06,31.254520416259766,0.1804085224866867,-0.014526234939694405,0.36111111111111105
3,78,0.14413549249269525,0.7623024959198919,0.6488611865190194,22.67988105816507,0.41153481387066854,0.3507676820492233,3.7976778452376966e-06,31.297934770584106,0.15634050965309143,-0.05621106177568436,0.36742424242424243
3,79,0.14256339003236926,0.7549400805138463,0.6461994303037698,18.620086251080306,0.41153481387066854,0.3434052666431778,3.473983337147118e-06,31.684005737304688,0.12726029753684998,-0.05541219189763069,0.37373737373737376
3,80,0.1534772246923982,0.7603950452046373,0.6483145448662785,18.00947444071803,0.41153481387066854,0.34886023133396876,3.162892359054098e-06,39.53813719749451,0.1734110414981842,-0.012849660590291023,0.38005050505050497
3,81,0.14476086123257267,0.7582868003686709,0.6472974215741457,17.895155435092143,0.41153481387066854,0.3467519864980024,2.86474508437579e-06,31.729732513427734,0.1101231798529625,-0.1346258968114853,0.38636363636363635
3,82,0.13730487683597875,0.7533622542568228,0.6428850191536218,22.893780426655315,0.41153481387066854,0.34182744038615426,2.5798675327796994e-06,32.081138134002686,0.11374757438898087,-0.01913299411535263,0.3926767676767677
3,83,0.14295669280144632,0.7493011956253758,0.638901052395766,23.243559443855812,0.41153481387066854,0.33776638175470725,2.308571213685967e-06,31.685691118240356,0.1796914041042328,-0.014438572339713573,0.3989898989898989
3,84,0.13663681223988533,0.7414463114337035,0.6313348765885133,23.908072552664535,0.41153481387066854,0.329911497563035,2.0511527856363916e-06,31.68039894104004,0.29833054542541504,-0.04347101226449013,0.4053030303030303
3,85,0.13467640596993116,0.7396080207135901,0.6321311703718476,19.99484892908134,0.41153481387066854,0.32807320684292157,1.8078937319026655e-06,38.92008328437805,0.1649535596370697,-0.014530351385474205,0.4116161616161616
3,86,0.14095617009668934,0.745114735906497,0.635986696135182,18.8676772869113,0.41153481387066854,0.3335799220358285,1.579060052688548e-06,32.50561547279358,0.1866547167301178,-0.017626389861106873,0.417929292929293
3,87,0.1374708617068067,0.7468260890427326,0.6367192118811081,19.45865483724241,0.41153481387066854,0.3352912751720641,1.3649019742625624e-06,31.221445560455322,0.14823675155639648,-0.01248670183122158,0.4242424242424242
3,88,0.13169884506841095,0.7397869541852433,0.6332884716876633,19.685290665779277,0.41153481387066854,0.3282521403145748,1.1656536753392288e-06,31.358858108520508,0.12470446527004242,-0.5476555824279785,0.4305555555555555
3,89,0.13687216232017596,0.7479429777238643,0.6375618050148492,23.537043580770668,0.41153481387066854,0.3364081638531958,9.815330310080889e-07,31.443560123443604,0.17833036184310913,-0.0024491141084581614,0.4368686868686869
3,90,0.13137313723564148,0.7456001495375443,0.6372801547570721,23.331781377897148,0.41153481387066854,0.33406533566687574,8.127413744904805e-07,36.419750452041626,0.357744038105011,-0.03243553265929222,0.4431818181818181
3,91,0.13090674320653994,0.7434632412448353,0.635234613755146,23.750528419157458,0.41153481387066854,0.3319284273741668,6.594632769846353e-07,31.796526193618774,0.1425527036190033,-0.012128761038184166,0.44949494949494945
3,92,0.13191277853080205,0.7423133004586132,0.6332881484235416,23.595986947741057,0.41153481387066854,0.3307784865879447,5.218663458397716e-07,30.8008713722229,0.09151113033294678,-0.4158083200454712,0.45580808080808083
3,93,0.1334443792548715,0.7420785828615012,0.6335176482659821,22.669016069017292,0.41153481387066854,0.33054376899083265,4.0010104127991385e-07,30.548415422439575,0.1145634651184082,-0.011551966890692711,0.46212121212121215
3,94,0.12340428186010341,0.7397826892020823,0.6312724051206248,22.706973072571827,0.41153481387066854,0.3282478753314138,2.943005118778597e-07,31.708308219909668,0.15944810211658478,-0.048411235213279724,0.46843434343434337
3,95,0.12795463523694448,0.7397994999236378,0.6311815871243731,22.701107904420624,0.41153481387066854,0.32826468605296927,2.0458044895916516e-07,37.05279302597046,0.11719575524330139,-0.1467427909374237,0.47474747474747475
3,96,0.1258716841741484,0.7405055201717415,0.6316430740220916,22.67622048727213,0.41153481387066854,0.328970706301073,1.3103896009537207e-07,31.412675619125366,0.15746426582336426,-0.028234938159585,0.4810606060606061
3,97,0.1306354728128229,0.7400705163824953,0.6312079497250659,22.683015021941028,0.41153481387066854,0.3285357025118268,7.375646182482875e-08,30.495039463043213,0.15545369684696198,-0.4227622151374817,0.4873737373737373
3,98,0.12444132414399361,0.7401897609630582,0.6313310950612565,22.691184503227078,0.41153481387066854,0.3286549470923897,3.279559171838198e-08,31.2348051071167,0.131763756275177,-0.02078666165471077,0.4936868686868687
3,99,0.12910175673207458,0.7402136269075004,0.6313590395997526,22.69334095344548,0.41153481387066854,0.32867881303683183,8.201139886109265e-09,30.904093503952026,0.1786622703075409,-0.034425847232341766,0.5
4,0,0.6708167316962261,0.5860752022216896,0.459483438149793,28.29534587330993,0.37905462830833797,0.20702057391335166,6e-06,17.894773721694946,0.6750203371047974,0.0,0.0
4,1,0.5901361661297935,0.5663657333463645,0.4439843618998666,60.50315990750008,0.37905462830833797,0.18731110503802656,1.2e-05,15.427530288696289,0.6544774770736694,0.0,0.0
4,2,0.5816155860618669,0.5567378681484919,0.43500696755628465,39.295846542806885,0.37905462830833797,0.17768323984015394,1.8e-05,14.924307346343994,0.6301100254058838,0.0,0.0
4,3,0.6003875233689133,0.6182707398158639,0.48399243810448195,48.03111412320316,0.37905462830833797,0.23921611150752592,2.4e-05,24.22803521156311,0.5670537352561951,0.0,0.0
4,4,0.5223222472229783,0.5867132054283388,0.44946210401790276,44.82822307330667,0.37905462830833797,0.20765857712000085,3.0000000000000004e-05,24.912684679031372,0.5780753493309021,0.0,0.0
4,5,0.47426141099053987,0.665328640835514,0.5374808391153659,25.638901163082163,0.37905462830833797,0.28627401252717605,3e-05,24.554676055908203,0.3363242745399475,0.0,0.0
4,6,0.46192060867134405,0.6530580447397032,0.5289467276165709,32.35005842914608,0.37905462830833797,0.2740034164313652,2.999179886011389e-05,25.647237300872803,0.47052478790283203,0.0,0.0
4,7,0.45482849588199536,0.6428826523253875,0.5209300156437459,39.81970320565861,0.37905462830833797,0.2638280240170496,2.9967204408281618e-05,24.179060697555542,0.5048567056655884,0.0,0.0
4,8,0.4426683090171035,0.6242389356774175,0.4963349564300727,41.132222206525704,0.37905462830833797,0.24518430736907953,2.9926243538175172e-05,24.10781741142273,0.3772539496421814,0.0,0.0
4,9,0.4120315425858206,0.637490937704217,0.5158660288410064,27.399492606057134,0.37905462830833797,0.2584363093958791,2.9868961039904628e-05,23.848602533340454,0.3931160569190979,0.0,0.0
4,10,0.42070828013274136,0.6897634783982526,0.5656870340326743,24.91485384048065,0.37905462830833797,0.3107088500899146,2.9795419551040836e-05,26.52443289756775,0.45420506596565247,0.0,0.0
4,11,0.4040432791320645,0.6017799778532807,0.4765165137482185,46.78148892071162,0.37905462830833797,0.22272534954494277,2.970569948812214e-05,24.59820818901062,0.2699638605117798,0.0,0.0
4,12,0.4234420240533595,0.6454724968054909,0.5192364472889766,41.93145094324141,0.37905462830833797,0.26641786849715293,2.9599898958720088e-05,24.78371024131775,0.33186817169189453,0.0,0.0
4,13,0.38384833050017453,0.6730158454332346,0.5584773289204706,18.769715700340978,0.37905462830833797,0.2939612171248966,2.947813365416023e-05,24.060194492340088,0.47567132115364075,0.0,0.0
4,14,0.37698354039873394,0.7046558008776085,0.5848449376980115,20.0370900948047,0.37905462830833797,0.3256011725692705,2.9340536723015367e-05,24.089226007461548,0.5853646993637085,0.0,0.0
4,15,0.3682319865543015,0.7063682811929279,0.5941109406993984,24.620124565677628,0.37905462830833797,0.32731365288458997,2.9187258625509518e-05,27.17516827583313,0.4499272108078003,0.0,0.0
4,16,0.3683021731522618,0.6537829067265414,0.5417871421334114,38.26663774909961,0.37905462830833797,0.2747282784182034,2.9018466968991913e-05,24.69056510925293,0.40658971667289734,0.0,0.0
4,17,0.3550305272243461,0.6901970359261972,0.5782510114550302,20.39903584971739,0.37905462830833797,0.3111424076178592,2.883434632466077e-05,24.334348917007446,0.32771891355514526,0.0,0.0
4,18,0.3465013151266137,0.7140749990974417,0.6011708424053537,24.12048333708823,0.37905462830833797,0.3350203707891037,2.863509802573744e-05,24.793181657791138,0.2879210114479065,0.0,0.0
4,19,0.33443644125850835,0.6734764682752981,0.5646691185168905,22.184467553991837,0.37905462830833797,0.2944218399669601,2.8420939947311454e-05,25.051013708114624,0.5080685615539551,0.0,0.0
4,20,0.35311926901340485,0.7205854938709312,0.6194778624601592,14.455253076710587,0.37905462830833797,0.3415308655625932,2.8192106268097336e-05,36.79792237281799,0.5007477402687073,-0.014472147449851036,0.0012626262626262534
4,21,0.32078892418316435,0.6956863682350232,0.5848714067838873,22.63450526134203,0.37905462830833797,0.3166317399266852,2.794884721436361e-05,32.19336128234863,0.2451951801776886,-0.0021260289940983057,0.0075757575757575725
4,22,0.3140437335384135,0.7072710617963924,0.6069446028356251,18.38387780065528,0.37905462830833797,0.32821643348805446,2.769142878631403e-05,30.434406995773315,0.2644074559211731,-0.005318226292729378,0.013888888888888874
4,23,0.3227236620625671,0.7142413720156332,0.6089280709642183,23.99032421077084,0.37905462830833797,0.33518674370729523,2.74201324672203e-05,31.26560664176941,0.2542450428009033,0.0007187450537458062,0.020202020202020193
4,24,0.3126486187078515,0.6908290450479146,0.5686858563791208,25.229868775274472,0.37905462830833797,0.3117744167395767,2.7135254915624213e-05,30.65137481689453,0.21804319322109222,-0.010989582166075706,0.026515151515151512
4,25,0.2986179714908405,0.7208479311262174,0.6207433035781881,25.31747757608738,0.37905462830833797,0.3417933028178794,2.6837107640945904e-05,36.4781494140625,0.2181122601032257,-0.032787419855594635,0.03282828282828283
4,26,0.30694491370600097,0.6899511680348197,0.5829013984800097,23.18736812341862,0.37905462830833797,0.31089653972648174,2.6526016662852887e-05,31.927048683166504,0.3391210436820984,-0.00014992612705100328,0.03914141414141415
4,27,0.30201995646467017,0.733931939501358,0.6252510914148899,20.744323035046357,0.37905462830833797,0.3548773111930201,2.620232215476231e-05,31.4304518699646,0.4468063414096832,0.0067542619071900845,0.045454545454545435
4,28,0.2900252162801976,0.7384396522120452,0.631649460947505,21.905330288055058,0.37905462830833797,0.35938502390370725,2.5866378071866338e-05,32.61528158187866,0.2045685350894928,-0.091864213347435,0.051767676767676754
4,29,0.3039412620116253,0.725601495616579,0.630527625556221,14.054474521028089,0.37905462830833797,0.3465468673082411,2.5518551764087326e-05,32.04214525222778,0.2715817093849182,-0.0687531977891922,0.05808080808080807
4,30,0.29301777269159046,0.7334758533375352,0.6210637379502546,18.137517533422642,0.37905462830833797,0.3544212250291972,2.5159223574386117e-05,37.714980363845825,0.3076938986778259,-0.03324943035840988,0.06439393939393939
4,31,0.27494315711819395,0.740881970016997,0.6413052737761268,17.590632788851497,0.37905462830833797,0.361827341708659,2.478878642286253e-05,31.8349769115448,0.34479016065597534,-0.12267318367958069,0.0707070707070707
4,32,0.26869847154130744,0.7206264611178588,0.6200285629074255,18.447520024454047,0.37905462830833797,0.3415718328095208,2.4407645377103056e-05,31.570791006088257,0.375121533870697,0.04632670059800148,0.07702020202020203
4,33,0.26969714310704446,0.7469900042511802,0.645692906405328,15.091920654101463,0.37905462830833797,0.36793537594284226,2.4016217209245377e-05,30.741005659103394,0.211793452501297,0.04618728533387184,0.08333333333333331
4,34,0.2725536674261093,0.7306232954252669,0.6273677681854543,16.081371780946533,0.37905462830833797,0.35156866711692897,2.3614929940244155e-05,31.619362354278564,0.22220788896083832,-0.05529797077178955,0.08964646464646463
4,35,0.2679548721228327,0.7492991996859445,0.6460372567312546,16.390122698820864,0.37905462830833797,0.3702445713776065,2.320422237183641e-05,37.18657946586609,0.15425917506217957,-0.12751930952072144,0.09595959595959595
4,36,0.2507445874566935,0.7433946222397361,0.6426848561594072,17.010188616529756,0.37905462830833797,0.3643399939313981,2.2784543606718227e-05,31.74752140045166,0.35431385040283203,0.0061114756390452385,0.10227272727272727
4,37,0.26718687889527304,0.7278136049764653,0.6241094229047192,22.456895971184466,0.37905462830833797,0.34875897666812733,2.2356352557457624e-05,30.678731441497803,0.14012554287910461,-0.032345522195100784,0.10858585858585859
4,38,0.26031771880023336,0.7357411932372906,0.6312546817720845,18.546794927176535,0.37905462830833797,0.3566865649289526,2.1920117444680317e-05,30.77172017097473,0.1580154299736023,-0.09570736438035965,0.11489898989898988
4,39,0.251867446668294,0.7193236983883899,0.6130554129735305,19.48182281440149,0.37905462830833797,0.34026907008005197,2.1476315285077393e-05,32.70257019996643,0.20835714042186737,-0.041341789066791534,0.12121212121212119
4,40,0.24987945568804837,0.7433866468851464,0.6509333044488813,15.965398318635453,0.37905462830833797,0.36433201857680847,2.1025431369794546e-05,39.340877532958984,0.18542632460594177,-0.07647375017404556,0.1275252525252525
4,41,0.2422464080915159,0.7192643509548645,0.6202767954353037,19.44292877281298,0.37905462830833797,0.34020972264652655,2.056795873377331e-05,33.1968719959259,0.2772741913795471,-0.010344191454350948,0.1338383838383838
4,42,0.2405962154877429,0.7339957036778054,0.6318607883659116,20.933526769468365,0.37905462830833797,0.35494107536946745,2.0104397616624646e-05,31.757951259613037,0.1388532817363739,-0.014777807518839836,0.14015151515151514
4,43,0.23618715408505225,0.7419979014952194,0.6423830814833073,17.630764077255307,0.37905462830833797,0.3629432731868814,1.963525491562421e-05,31.936946153640747,0.3189760148525238,-0.023109685629606247,0.14646464646464646
4,44,0.249435761601341,0.7558511186895528,0.6552967111922146,16.16507657195967,0.37905462830833797,0.3767964903812148,1.916104363142767e-05,32.50420522689819,0.3643282353878021,-0.005417125299572945,0.15277777777777773
4,45,0.23705725402248148,0.7289649795687659,0.6408063621583698,17.032438014653696,0.37905462830833797,0.34991035126042797,1.8682282307111988e-05,38.63499331474304,0.125384122133255,-0.053480036556720734,0.15909090909090906
4,46,0.22686520294875515,0.7228182258979604,0.6236516978789238,25.150659623841374,0.37905462830833797,0.34376359758962244,1.8199494461156203e-05,33.2496337890625,0.34404003620147705,-0.011788763105869293,0.1654040404040404
4,47,0.2265674710577848,0.7134562187690218,0.6205857002313876,16.943975490909505,0.37905462830833797,0.3344015904606838,1.771320801498165e-05,31.58534860610962,0.15402831137180328,-0.48687219619750977,0.1717171717171717
4,48,0.23294169896719408,0.7246280978663941,0.6309270152544936,17.283962231327493,0.37905462830833797,0.3455734695580562,1.722395471567763e-05,31.870065450668335,0.2747611403465271,0.00042045232839882374,0.178030303030303
4,49,0.21780669917257464,0.7311151432791728,0.6396136090247776,14.929436194086529,0.37905462830833797,0.35206051497083485,1.6732269554543794e-05,31.894165754318237,0.2312355637550354,-0.05183891952037811,0.18434343434343434
4,50,0.2168145263377501,0.7411668262278267,0.6493803209236373,16.214317759561737,0.37905462830833797,0.36211219791948873,1.623869018208499e-05,37.38101124763489,0.11875808238983154,-0.028284914791584015,0.19065656565656566
4,51,0.21539277309665875,0.712970993299839,0.623920605528211,16.7695100959957,0.37905462830833797,0.33391636499150107,1.5743756320098334e-05,32.20793151855469,0.15954633057117462,-0.04442894458770752,0.19696969696969693
4,52,0.2134479962441386,0.7420201844321553,0.6542216105972558,16.174641240186734,0.37905462830833797,0.36296555612381737,1.524800917149538e-05,32.42551898956299,0.22139672935009003,-0.1047782450914383,0.2032828282828283
4,53,0.21527345919487428,0.7313674618056553,0.640051183114814,18.1323788034065,0.37905462830833797,0.3523128334973173,1.4751990828504623e-05,31.68712067604065,0.15009817481040955,-0.03456854447722435,0.20959595959595959
4,54,0.20673455936568125,0.7361908111150655,0.6454860813937499,18.91449252880565,0.37905462830833797,0.3571361828067275,1.4256243679901665e-05,31.595746994018555,0.3259335458278656,-0.01306323055177927,0.21590909090909086
4,55,0.2016071952423271,0.7331705281613301,0.6411409434133692,19.756845649788293,0.37905462830833797,0.35411589985299213,1.3761309817915017e-05,38.703089237213135,0.15603409707546234,-0.02978108450770378,0.2222222222222222
4,56,0.20403745770454407,0.7259761548661979,0.6389841113285771,16.07546777755116,0.37905462830833797,0.34692152655785996,1.3267730445456208e-05,31.981491088867188,0.17377842962741852,-0.09696194529533386,0.2285353535353535
4,57,0.1990187770249892,0.7289501976088365,0.6391344831122145,17.78990428852835,0.37905462830833797,0.34989556930049853,1.277604528432237e-05,31.47524118423462,0.1012972816824913,-0.01831340417265892,0.23484848484848486
4,58,0.19511940664782815,0.7279461874295398,0.636549807812617,19.771280413822996,0.37905462830833797,0.3488915591212018,1.2286791985018356e-05,31.731912851333618,0.14846113324165344,-0.024801012128591537,0.24116161616161613
4,59,0.19672054888642565,0.7408137640752844,0.6444582594234765,17.52274437279674,0.37905462830833797,0.36175913576694646,1.18005055388438e-05,32.42053198814392,0.1851075440645218,-0.03588974475860596,0.24747474747474743
4,60,0.19464065666709626,0.7289531730316865,0.6406101586761483,16.53564794878446,0.37905462830833797,0.3498985447233485,1.1317717692888014e-05,38.9141788482666,0.18410423398017883,-0.08224377036094666,0.2537878787878788
4,61,0.1842823055933933,0.7312575489634966,0.6356460747283892,17.85273041815458,0.37905462830833797,0.3522029206551586,1.0838956368572335e-05,32.77002167701721,0.1994178295135498,-0.02168830670416355,0.26010101010101006
4,62,0.1907208508678845,0.723662461041255,0.6351030374296204,18.533112706081045,0.37905462830833797,0.344607832732917,1.036474508437579e-05,31.333775997161865,0.285366415977478,-0.024005908519029617,0.26641414141414144
4,63,0.18504174023258443,0.7436941367762188,0.6511284071346157,16.604223367969606,0.37905462830833797,0.3646395084678808,9.895602383375355e-06,31.25710940361023,0.1031649261713028,-0.6207728981971741,0.2727272727272727
4,64,0.1825284994378382,0.7394381255283857,0.646494563257337,16.474570274169213,0.37905462830833797,0.36038349722004775,9.432041266226686e-06,31.432130575180054,0.16341030597686768,-0.02270757406949997,0.27904040404040403
4,65,0.17930139357946356,0.7423009544050467,0.6540068686715078,16.48095159096354,0.37905462830833797,0.36324632609670876,8.974568630205462e-06,36.79259657859802,0.15035881102085114,-0.05010446161031723,0.28535353535353536
4,66,0.17724418898626249,0.7372425637504406,0.6478141008515539,18.250303133068144,0.37905462830833797,0.35818793544210265,8.523684714922608e-06,32.20378565788269,0.1393999457359314,-0.15658065676689148,0.29166666666666663
4,67,0.1684032219405077,0.7374226445199524,0.6480975348543723,16.391503300180705,0.37905462830833797,0.35836801621161446,8.079882555319685e-06,30.963956832885742,0.348132848739624,-0.035242676734924316,0.29797979797979796
4,68,0.1743065095981773,0.7388938092654826,0.6474677057211787,18.27356603764341,0.37905462830833797,0.3598391809571447,7.643647442542383e-06,31.44725227355957,0.12968869507312775,-0.04230393469333649,0.3042929292929293
4,69,0.16647659105305768,0.7420749414466058,0.6493812222182764,16.41765918006423,0.37905462830833797,0.3630203131382678,7.215456393281777e-06,31.257123708724976,0.15933829545974731,-0.03675011917948723,0.3106060606060606
4,70,0.16690871560451936,0.742004792834416,0.6483169319559338,16.734865717525203,0.37905462830833797,0.36295016452607803,6.795777628163599e-06,36.35544037818909,0.19082380831241608,-0.007672449573874474,0.3169191919191919
4,71,0.16203880735806056,0.7308464020941307,0.6316773296010668,17.594069392541254,0.37905462830833797,0.3517917737857927,6.3850700597558465e-06,32.3092987537384,0.12197292596101761,-0.07858562469482422,0.3232323232323232
4,72,0.16807479783892632,0.7460302060864876,0.6512980406708281,16.853041690438996,0.37905462830833797,0.36697557777814965,5.983782790754624e-06,31.61159586906433,0.12735888361930847,-0.04653800651431084,0.3295454545454546
4,73,0.15972289579863452,0.7308485170327645,0.6364400992229681,16.96124570823838,0.37905462830833797,0.3517938887244266,5.592354622896944e-06,31.286516427993774,0.10421103239059448,-0.06352433562278748,0.3358585858585858
4,74,0.16045254666586312,0.7365578174885433,0.6427370300679389,16.924351432179837,0.37905462830833797,0.35750318918020535,5.21121357713747e-06,30.61385703086853,0.12852448225021362,-0.0753980502486229,0.3421717171717171
4,75,0.1571973341764236,0.7402556595340085,0.6485561265454343,18.295412322996537,0.37905462830833797,0.36120103122567054,4.840776425613887e-06,37.12650275230408,0.1852734088897705,-0.06172332912683487,0.3484848484848485
4,76,0.1485758606268435,0.7419852405429755,0.6504718327346716,18.303797962275237,0.37905462830833797,0.3629306122346376,4.481448235912671e-06,31.52417016029358,0.19915208220481873,-0.024964939802885056,0.3547979797979797
4,77,0.15141210705041885,0.7397147139042527,0.6488468511619812,18.391136076384797,0.37905462830833797,0.3606600855959147,4.133621928133666e-06,30.792071104049683,0.18275503814220428,-0.014096837490797043,0.36111111111111105
4,78,0.1480579762434473,0.735639828745119,0.6431637195988046,18.267374307154835,0.37905462830833797,0.35658520043678105,3.7976778452376966e-06,31.315338134765625,0.1648547351360321,-0.05483565479516983,0.36742424242424243
4,79,0.1474135975752558,0.736819858855864,0.6449385079400568,16.99215338626396,0.37905462830833797,0.357765230547526,3.473983337147118e-06,30.909759283065796,0.14368832111358643,-0.05121806636452675,0.37373737373737376
4,80,0.1473292995776449,0.7319080322989331,0.639057087058058,17.319394045248785,0.37905462830833797,0.3528534039905951,3.162892359054098e-06,38.383373975753784,0.21834620833396912,-0.011471789330244064,0.38005050505050497
4,81,0.15159957924363565,0.7282294537247749,0.6358976329562515,17.236292699497856,0.37905462830833797,0.3491748254164369,2.86474508437579e-06,31.75613498687744,0.17620821297168732,-0.025446688756346703,0.38636363636363635
4,82,0.14699372466729613,0.7298714622628427,0.6407399614832231,16.378389082519053,0.37905462830833797,0.35081683395450475,2.5798675327796994e-06,31.134265184402466,0.13591118156909943,-0.013988821767270565,0.3926767676767677
4,83,0.14133184912557506,0.7276713037605441,0.6345895057504283,17.29677142264923,0.37905462830833797,0.34861667545220615,2.308571213685967e-06,30.92865514755249,0.14691485464572906,-0.01831820048391819,0.3989898989898989
4,84,0.14272076910247608,0.7367468775486484,0.6449876451351787,16.85374734318576,0.37905462830833797,0.35769224924031046,2.0511527856363916e-06,31.34549379348755,0.16271604597568512,-0.046224795281887054,0.4053030303030303
4,85,0.14806250741287152,0.7407754697257417,0.6484211918062723,16.74333687020904,0.37905462830833797,0.36172084141740374,1.8078937319026655e-06,37.80719566345215,0.19116826355457306,0.005161484703421593,0.4116161616161616
4,86,0.139468571969441,0.7386981275090387,0.6463684940429365,16.853582925027844,0.37905462830833797,0.35964349920070077,1.579060052688548e-06,31.266947746276855,0.19138246774673462,-0.01410149410367012,0.417929292929293
4,87,0.14268323885543005,0.7384241894038291,0.6451885224453302,16.989132504625474,0.37905462830833797,0.3593695610954912,1.3649019742625624e-06,30.972652196884155,0.15335720777511597,-0.0066115641966462135,0.4242424242424242
4,88,0.1392793579369175,0.7345263439860377,0.6410446820626006,17.02446926907443,0.37905462830833797,0.3554717156776997,1.1656536753392288e-06,31.132433652877808,0.10169562697410583,-0.5514074563980103,0.4305555555555555
4,89,0.14163993116544218,0.731972618019428,0.638941347911162,17.075185914093968,0.37905462830833797,0.35291798971109006,9.815330310080889e-07,30.89639139175415,0.15164372324943542,-0.0032033901661634445,0.4368686868686869
4,90,0.13730190739947923,0.7328138139790982,0.6406762957799659,16.86651275707806,0.37905462830833797,0.3537591856707602,8.127413744904805e-07,37.49128818511963,0.3519129455089569,-0.03288625180721283,0.4431818181818181
4,91,0.1381489210286919,0.728497415158154,0.6369523540783238,16.895036878429085,0.37905462830833797,0.34944278684981606,6.594632769846353e-07,30.670538187026978,0.12637746334075928,-0.015665573999285698,0.44949494949494945
4,92,0.13999366684227574,0.7293922996359411,0.6373082627619101,16.977073419087827,0.37905462830833797,0.35033767132760313,5.218663458397716e-07,31.29771137237549,0.15525269508361816,-0.025239352136850357,0.45580808080808083
4,93,0.14077406346189733,0.7303655775237557,0.637929208527401,16.965786469163564,0.37905462830833797,0.3513109492154178,4.0010104127991385e-07,30.978549242019653,0.11987973749637604,-0.011132989078760147,0.46212121212121215
4,94,0.13371996216628015,0.7291272984555796,0.6370209986818967,16.9213192976876,0.37905462830833797,0.3500726701472416,2.943005118778597e-07,30.85956859588623,0.1594199240207672,-0.04905380308628082,0.46843434343434337
4,95,0.13973574484793508,0.7305831592385742,0.638633493929417,16.894520237901958,0.37905462830833797,0.3515285309302362,2.0458044895916516e-07,37.21641731262207,0.1288176327943802,-0.008492149412631989,0.47474747474747475
4,96,0.13729509376749702,0.7299396441758358,0.6382717536672093,16.964807074640575,0.37905462830833797,0.3508850158674978,1.3103896009537207e-07,30.94270634651184,0.11612827330827713,-0.03138575702905655,0.4810606060606061
4,97,0.13863019561585116,0.7298682655995394,0.6380974521366766,16.94892380879241,0.37905462830833797,0.35081363729120146,7.375646182482875e-08,31.0277099609375,0.18762171268463135,-0.35889166593551636,0.4873737373737373
4,98,0.132493008840449,0.7303693361691233,0.6386819366929184,16.896557510968304,0.37905462830833797,0.3513147078607853,3.279559171838198e-08,30.757985591888428,0.13516196608543396,-0.020308760926127434,0.4936868686868687
4,99,0.1407039206551046,0.7303473693208052,0.6387092639112925,16.899420532468152,0.37905462830833797,0.35129274101246727,8.201139886109265e-09,31.06787896156311,0.17052656412124634,-0.03780422359704971,0.5
