fold,epoch,loss,val_dice,val_iou,val_hd95,baseline_dice,delta,lr_bb,sec,ft,bd,w
0,0,0.7706241668487082,0.3481356952098805,0.2375912562946481,100.0413912554619,0.3888955634602504,-0.04075986825036987,6e-06,20.977454900741577,0.8203880190849304,0.0,0.0
0,1,0.6659316420555115,0.37652003589522154,0.2615858566535835,104.22372454825513,0.3888955634602504,-0.012375527565028854,1.2e-05,20.039467334747314,0.6685941219329834,0.0,0.0
0,2,0.5920511198287107,0.38482501006742564,0.28268852956366486,86.14296877230194,0.3888955634602504,-0.0040705533928247495,1.8e-05,20.15747570991516,0.402319073677063,0.0,0.0
0,3,0.6409517605693973,0.4073936293659453,0.28957344865723833,89.76820205394348,0.3888955634602504,0.018498065905694916,2.4e-05,36.074148416519165,0.619941771030426,0.0,0.0
0,4,0.5386724624098563,0.5062800451708971,0.3905359931790524,74.97158923616209,0.3888955634602504,0.1173844817106467,3.0000000000000004e-05,36.1210412979126,0.6123331785202026,0.0,0.0
0,5,0.5271082675578643,0.54617541758534,0.4322436868627957,50.878347318833924,0.3888955634602504,0.15727985412508966,3e-05,36.79633283615112,0.631303608417511,0.0,0.0
0,6,0.4326884199161919,0.5290198835279663,0.40970034377875203,69.41231936289347,0.3888955634602504,0.14012432006771586,2.999179886011389e-05,36.558496952056885,0.3386193513870239,0.0,0.0
0,7,0.4293587736937465,0.5144662685918412,0.4040867854141903,48.654753783996895,0.3888955634602504,0.1255707051315908,2.9967204408281618e-05,35.67315649986267,0.3158026337623596,0.0,0.0
0,8,0.40567572171590766,0.5278539543124481,0.41781036483724526,57.69245756121634,0.3888955634602504,0.1389583908521977,2.9926243538175172e-05,35.56601119041443,0.2444705069065094,0.0,0.0
0,9,0.37727286347321104,0.5082758586831398,0.4129777291086299,43.43952776794085,0.3888955634602504,0.11938029522288945,2.9868961039904628e-05,35.3319628238678,0.44962143898010254,0.0,0.0
0,10,0.36128400022886237,0.5677548144884874,0.46631149624077023,53.64167100666237,0.3888955634602504,0.17885925102823702,2.9795419551040836e-05,38.98112678527832,0.17054790258407593,0.0,0.0
0,11,0.34947361173678415,0.5410748623308911,0.4340742987040175,60.84011855163974,0.3888955634602504,0.1521792988706407,2.970569948812214e-05,36.18144392967224,0.5516729950904846,0.0,0.0
0,12,0.3402080399041273,0.5535009129688313,0.44058975290573493,48.9355992517994,0.3888955634602504,0.1646053495085809,2.9599898958720088e-05,36.74134087562561,0.6947846412658691,0.0,0.0
0,13,0.31274245831431174,0.5598750253440675,0.4581830081044671,39.850824808317576,0.3888955634602504,0.17097946188381713,2.947813365416023e-05,35.38820266723633,0.285743772983551,0.0,0.0
0,14,0.30872508214444533,0.5866451149333193,0.47258628315846385,45.697091422778975,0.3888955634602504,0.19774955147306889,2.9340536723015367e-05,34.851874589920044,0.7344199419021606,0.0,0.0
0,15,0.30297806828605883,0.553011592933657,0.4564589342682504,40.83689474717641,0.3888955634602504,0.1641160294734066,2.9187258625509518e-05,38.079132080078125,0.3741059899330139,0.0,0.0
0,16,0.28878243358767763,0.5801597816278247,0.476507799574929,49.51982770955416,0.3888955634602504,0.19126421816757427,2.9018466968991913e-05,35.86508893966675,0.19146403670310974,0.0,0.0
0,17,0.2854602799123647,0.5590052280280579,0.4679952788658392,28.495003470498556,0.3888955634602504,0.17010966456780746,2.883434632466077e-05,35.18877577781677,0.14211295545101166,0.0,0.0
0,18,0.2909372792560227,0.6124769043060407,0.5118210494910516,38.20042044877475,0.3888955634602504,0.22358134084579034,2.863509802573744e-05,35.74573040008545,0.24117571115493774,0.0,0.0
0,19,0.2565871005763813,0.5855428472058145,0.48290451128403206,46.37103038593316,0.3888955634602504,0.19664728374556412,2.8420939947311454e-05,36.63724732398987,0.22105449438095093,0.0,0.0
0,20,0.2579548246398264,0.5612214119236315,0.4733940732158635,32.515204207609926,0.3888955634602504,0.17232584846338111,2.8192106268097336e-05,49.30500888824463,0.1794222891330719,-0.00266480166465044,0.0012626262626262534
0,21,0.2621079398965349,0.5525070479146338,0.4551412226926682,46.10760364739781,0.3888955634602504,0.1636114844543834,2.794884721436361e-05,43.55131268501282,0.0868910551071167,-0.04688910022377968,0.0075757575757575725
0,22,0.25789027341774534,0.556275552922783,0.468573237009211,42.63254665945422,0.3888955634602504,0.16737998946253257,2.769142878631403e-05,42.252521276474,0.43243399262428284,0.9894107580184937,0.013888888888888874
0,23,0.25310611892111445,0.5846378644805688,0.4835110283350925,37.059441958404186,0.3888955634602504,0.19574230102031837,2.74201324672203e-05,42.37415170669556,0.3659195601940155,0.022332070395350456,0.020202020202020193
0,24,0.24545970695967578,0.5875015765851981,0.4873443829102551,38.10235725265298,0.3888955634602504,0.1986060131249477,2.7135254915624213e-05,42.057942628860474,0.19524891674518585,-0.03850123658776283,0.026515151515151512
0,25,0.22893883880912042,0.6004950262615363,0.4994049976066605,44.203772144827596,0.3888955634602504,0.2115994628012859,2.6837107640945904e-05,49.77319860458374,0.11213245987892151,-0.02085365727543831,0.03282828282828283
0,26,0.23440267145633698,0.5687372401083565,0.464889990286121,42.51032436715896,0.3888955634602504,0.17984167664810607,2.6526016662852887e-05,42.44975280761719,0.16160854697227478,-0.038360100239515305,0.03914141414141415
0,27,0.22527640115241615,0.5916240607446529,0.49212544995871016,50.41539037684269,0.3888955634602504,0.2027284972844025,2.620232215476231e-05,42.200722455978394,0.1709582358598709,-0.04515253007411957,0.045454545454545435
0,28,0.23822749725409917,0.5947660584157146,0.49790551996490756,38.4500045258325,0.3888955634602504,0.20587049495546422,2.5866378071866338e-05,42.20768666267395,0.1687057912349701,-0.06573845446109772,0.051767676767676754
0,29,0.2305376623966256,0.5562578269809544,0.466060747916605,38.55482898158804,0.3888955634602504,0.167362263520704,2.5518551764087326e-05,42.12908124923706,0.2420019656419754,-0.025114940479397774,0.05808080808080807
0,30,0.22951488318491955,0.5727620445307091,0.47519859004618625,51.15177491198039,0.3888955634602504,0.18386648107045872,2.5159223574386117e-05,48.91740822792053,0.10325174033641815,-0.03954898193478584,0.06439393939393939
0,31,0.23028251171416167,0.5970392956180366,0.5000786278505607,36.23031581767986,0.3888955634602504,0.2081437321577862,2.478878642286253e-05,43.14331007003784,0.6490181684494019,0.029951658099889755,0.0707070707070707
0,32,0.21840655606011955,0.5818402303617594,0.4900432524150633,39.0059239969716,0.3888955634602504,0.19294466690150897,2.4407645377103056e-05,42.86849522590637,0.3267432451248169,-0.0020196656696498394,0.07702020202020203
0,33,0.20662616755889388,0.6003418254078683,0.5056533554414382,38.776211441904955,0.3888955634602504,0.2114462619476179,2.4016217209245377e-05,42.25202298164368,0.14301612973213196,-0.02867070585489273,0.08333333333333331
0,34,0.20867750808900717,0.565790850580817,0.4726585721058944,30.45090289959178,0.3888955634602504,0.17689528712056662,2.3614929940244155e-05,42.03795075416565,0.15536752343177795,-0.012110928073525429,0.08964646464646463
0,35,0.21605801582336426,0.5899538931232502,0.49463105938471846,41.1714000139726,0.3888955634602504,0.2010583296629998,2.320422237183641e-05,49.95796513557434,0.5511183142662048,0.10649175941944122,0.09595959595959595
0,36,0.20170779298154676,0.6006276572160474,0.504598128462497,36.71739838193735,0.3888955634602504,0.211732093755797,2.2784543606718227e-05,43.14979314804077,0.13803204894065857,-0.009457474574446678,0.10227272727272727
0,37,0.20684742334545875,0.5814928923600471,0.4824705999088231,37.78374017244193,0.3888955634602504,0.1925973288997967,2.2356352557457624e-05,41.69932174682617,0.5557677149772644,-0.0017475166823714972,0.10858585858585859
0,38,0.2006602491043052,0.6127830052405735,0.5105778616495021,38.821784210083216,0.3888955634602504,0.2238874417803231,2.1920117444680317e-05,42.656036376953125,0.12499943375587463,-0.006538962945342064,0.11489898989898988
0,39,0.18888233465199566,0.6299335310052697,0.5314043158963148,29.722016297247304,0.3888955634602504,0.24103796754501933,2.1476315285077393e-05,43.39025259017944,0.11071915924549103,-0.0695267766714096,0.12121212121212119
0,40,0.18984729705416425,0.6037265926628474,0.5031364678881018,38.88328392902588,0.3888955634602504,0.21483102920259706,2.1025431369794546e-05,48.18568730354309,0.1280088573694229,-0.031563155353069305,0.1275252525252525
0,41,0.19165326434434676,0.6147456944512768,0.510193705032931,40.55100970480369,0.3888955634602504,0.2258501309910264,2.056795873377331e-05,43.952499866485596,0.21492454409599304,-0.008733794093132019,0.1338383838383838
0,42,0.1812382626290224,0.6283308154002109,0.5151205259510444,40.28379257406676,0.3888955634602504,0.23943525193996046,2.0104397616624646e-05,42.45006227493286,0.16965794563293457,-0.006209745537489653,0.14015151515151514
0,43,0.18761633564623034,0.6191408811645751,0.5206394388263285,28.65158887879334,0.3888955634602504,0.23024531770432471,1.963525491562421e-05,42.15165591239929,0.191697359085083,-0.006701389327645302,0.14646464646464646
0,44,0.18457480565625795,0.6199156292018098,0.5199955122325758,31.95385499462234,0.3888955634602504,0.23102006574155937,1.916104363142767e-05,42.48939871788025,0.18744535744190216,-0.015293688513338566,0.15277777777777773
0,45,0.17941545451782187,0.5763474700526723,0.4844787728229684,31.72089650868206,0.3888955634602504,0.1874519065924219,1.8682282307111988e-05,49.755826473236084,0.1365637183189392,-0.01576327160000801,0.15909090909090906
0,46,0.18176399095326054,0.6638049946434702,0.5628914306093624,34.54397760196102,0.3888955634602504,0.2749094311832198,1.8199494461156203e-05,42.658446311950684,0.1415034830570221,-0.010339682921767235,0.1654040404040404
0,47,0.1799554192290014,0.5958467905459339,0.5007433519324728,33.08310447016117,0.3888955634602504,0.20695122708568353,1.771320801498165e-05,43.1332848072052,0.19222429394721985,-0.025799117982387543,0.1717171717171717
0,48,0.17276297038306995,0.6274470816578956,0.5253254266424444,40.73969224787137,0.3888955634602504,0.23855151819764525,1.722395471567763e-05,42.21535921096802,0.08931265771389008,-0.03946831449866295,0.178030303030303
0,49,0.17419685301732044,0.5997343940781384,0.5066007672626772,28.573962263360063,0.3888955634602504,0.21083883061788805,1.6732269554543794e-05,42.36436128616333,0.19229784607887268,-0.021426178514957428,0.18434343434343434
0,50,0.1629845997204586,0.6331133948935966,0.5302425045581297,30.96046886401837,0.3888955634602504,0.24421783143334624,1.623869018208499e-05,49.61953830718994,0.13684244453907013,-0.021305184811353683,0.19065656565656566
0,51,0.1633804099900382,0.5970864423689255,0.500141564869145,34.9296639449063,0.3888955634602504,0.2081908789086751,1.5743756320098334e-05,42.205047845840454,0.10495169460773468,-0.05405857041478157,0.19696969696969693
0,52,0.1703928747803581,0.6079108486165253,0.5060602884406449,43.18218017536624,0.3888955634602504,0.21901528515627494,1.524800917149538e-05,42.43121314048767,0.09711311757564545,-0.2977273166179657,0.2032828282828283
0,53,0.16471653059124947,0.5802752794421385,0.4779227197261444,36.092989555318155,0.3888955634602504,0.19137971598188813,1.4751990828504623e-05,42.1185040473938,0.1576901376247406,-0.014712167903780937,0.20959595959595959
0,54,0.16043423724417782,0.5941561415196129,0.49693150451820484,36.789286424699434,0.3888955634602504,0.20526057805936254,1.4256243679901665e-05,42.413804054260254,0.24499797821044922,-0.0014059469103813171,0.21590909090909086
0,55,0.15486938559583255,0.5935008575138341,0.4951092046136572,41.12997841958054,0.3888955634602504,0.2046052940535837,1.3761309817915017e-05,47.640570402145386,0.11044320464134216,-0.029083747416734695,0.2222222222222222
0,56,0.15617617538997106,0.6100680640183568,0.5024265141336189,42.20695919684064,0.3888955634602504,0.2211725005581064,1.3267730445456208e-05,43.17268919944763,0.162773996591568,-0.025915540754795074,0.2285353535353535
0,57,0.1519261625956516,0.6082109430292959,0.5127862576466575,25.3904925862969,0.3888955634602504,0.2193153795690455,1.277604528432237e-05,42.228572845458984,0.114665687084198,-0.010347435250878334,0.23484848484848486
0,58,0.1566698522287972,0.5833588265777605,0.4879184034539015,32.04369235012137,0.3888955634602504,0.1944632631175101,1.2286791985018356e-05,42.12303447723389,0.16838131844997406,-0.01902303472161293,0.24116161616161613
0,59,0.15142093043850394,0.6227308699129803,0.5249572735625937,40.70851534273021,0.3888955634602504,0.23383530645272993,1.18005055388438e-05,42.198344469070435,0.13906443119049072,-0.031356118619441986,0.24747474747474743
0,60,0.14566213394306143,0.6142168242325654,0.5140450166150454,23.58419296460255,0.3888955634602504,0.225321260772315,1.1317717692888014e-05,48.04284596443176,0.13960003852844238,-0.014194613322615623,0.2537878787878788
0,61,0.14399406815669974,0.5992174009468206,0.4997035929811795,33.66765005450456,0.3888955634602504,0.21032183748657024,1.0838956368572335e-05,42.819183349609375,0.1354416310787201,-0.004930059425532818,0.26010101010101006
0,62,0.14186164478258212,0.6184885617832497,0.5160566720351533,35.347611669373265,0.3888955634602504,0.22959299832299934,1.036474508437579e-05,41.988091707229614,0.10995505750179291,-0.028512313961982727,0.26641414141414144
0,63,0.1481965410770202,0.6016090821527658,0.5035463909039604,34.69140354761762,0.3888955634602504,0.21271351869251537,9.895602383375355e-06,42.20449447631836,0.1397687792778015,-0.008763357996940613,0.2727272727272727
0,64,0.14350722623722895,0.6081654490197657,0.5122450837356647,32.40428443120902,0.3888955634602504,0.21926988555951527,9.432041266226686e-06,42.34654378890991,0.09895536303520203,-0.04627121984958649,0.27904040404040403
0,65,0.13933539877132495,0.6209407383330926,0.5192613998735722,32.79294514664227,0.3888955634602504,0.2320451748728422,8.974568630205462e-06,49.633755683898926,0.20119567215442657,-0.02375725470483303,0.28535353535353536
0,66,0.1345230591084276,0.6026738156490872,0.5091828598962875,33.253254587109474,0.3888955634602504,0.21377825218883678,8.523684714922608e-06,43.355854749679565,0.09194178879261017,-0.042104125022888184,0.29166666666666663
0,67,0.13740971015424144,0.6222971285181221,0.5230558934933851,32.29327025184405,0.3888955634602504,0.23340156505787174,8.079882555319685e-06,41.56653833389282,0.16559499502182007,-0.01784156635403633,0.29797979797979796
0,68,0.1346207717243506,0.6128895879717668,0.5146303349071684,29.33711858959903,0.3888955634602504,0.22399402451151645,7.643647442542383e-06,42.37358784675598,0.12823815643787384,-0.15999504923820496,0.3042929292929293
0,69,0.1316765590893979,0.6122923644712318,0.5130813075630615,25.075939245053295,0.3888955634602504,0.22339680101098142,7.215456393281777e-06,41.96906352043152,0.1623004674911499,-0.024551037698984146,0.3106060606060606
0,70,0.13786363426824005,0.6148678622185081,0.5114636500004439,29.64842031435728,0.3888955634602504,0.2259722987582577,6.795777628163599e-06,48.76590967178345,0.10675926506519318,-0.03874887526035309,0.3169191919191919
0,71,0.1344983532112472,0.6120154651329581,0.51217320593218,29.32173791856007,0.3888955634602504,0.22311990167270773,6.3850700597558465e-06,42.36627411842346,0.5763481855392456,0.0015337720979005098,0.3232323232323232
0,72,0.13508889504841395,0.6232258106682066,0.5200743035907749,32.88444004360166,0.3888955634602504,0.2343302472079562,5.983782790754624e-06,42.13031578063965,0.09412083774805069,-0.32682889699935913,0.3295454545454546
0,73,0.12728875221646563,0.623453868630967,0.5217159252908127,32.85908629968225,0.3888955634602504,0.23455830517071657,5.592354622896944e-06,42.18755602836609,0.10506072640419006,-0.03667828440666199,0.3358585858585858
0,74,0.12639121163864525,0.6166334110680829,0.5153648732779317,36.125304711194815,0.3888955634602504,0.2277378476078325,5.21121357713747e-06,41.60366487503052,0.08866916596889496,-0.03988237679004669,0.3421717171717171
0,75,0.12395800224372319,0.6106241187645168,0.5130843368956159,30.243022759739244,0.3888955634602504,0.22172855530426644,4.840776425613887e-06,49.0774130821228,0.08040598779916763,-0.061740390956401825,0.3484848484848485
0,76,0.12390029567236803,0.6242725182706255,0.5225538884914578,32.75561398647537,0.3888955634602504,0.23537695481037507,4.481448235912671e-06,42.48747134208679,0.13359878957271576,-0.023232191801071167,0.3547979797979797
0,77,0.11848142955984388,0.6183499002395941,0.5177974619138243,34.996687102659074,0.3888955634602504,0.22945433677934374,4.133621928133666e-06,42.219491958618164,0.07002164423465729,-0.22118407487869263,0.36111111111111105
0,78,0.12081119737454823,0.6178290998083047,0.5143402300042759,38.33948058199439,0.3888955634602504,0.2289335363480543,3.7976778452376966e-06,41.42879247665405,0.11265261471271515,-0.04850361496210098,0.36742424242424243
0,79,0.12432763672300748,0.6194237462438625,0.5157298907345164,38.3696859898146,0.3888955634602504,0.23052818278361215,3.473983337147118e-06,42.4555823802948,0.11792223155498505,-0.029351960867643356,0.37373737373737376
0,80,0.12198134481298681,0.6274628016267143,0.5230225358018091,34.83436112565772,0.3888955634602504,0.2385672381664639,3.162892359054098e-06,49.288329124450684,0.11716139316558838,-0.028378792107105255,0.38005050505050497
0,81,0.12254646671365718,0.6179057904657822,0.5146549227670779,34.87711070261716,0.3888955634602504,0.2290102270055318,2.86474508437579e-06,43.459757566452026,0.21528872847557068,-0.03472433611750603,0.38636363636363635
0,82,0.11997286298749399,0.6266520208963633,0.523321936533785,34.47612181972927,0.3888955634602504,0.2377564574361129,2.5798675327796994e-06,41.98745250701904,0.11353384703397751,-0.01397719793021679,0.3926767676767677
0,83,0.1186391966683524,0.6276478492175291,0.524687010451093,36.02038049639265,0.3888955634602504,0.23875228575727875,2.308571213685967e-06,41.99414825439453,0.1272958368062973,-0.008993196301162243,0.3989898989898989
0,84,0.11436741236521274,0.6257608973950174,0.5234560879867153,36.49854401284175,0.3888955634602504,0.236865333934767,2.0511527856363916e-06,42.027629137039185,0.12052338570356369,-0.009049657732248306,0.4053030303030303
0,85,0.11379851910228632,0.6291196670016336,0.527209089246142,32.71664618931381,0.3888955634602504,0.24022410354138318,1.8078937319026655e-06,49.99344348907471,0.09990571439266205,-0.044320248067379,0.4116161616161616
0,86,0.11219336244524741,0.6314326647946013,0.5293843890445558,32.82609148295883,0.3888955634602504,0.24253710133435086,1.579060052688548e-06,43.124313831329346,0.06413350999355316,-0.1703798770904541,0.417929292929293
0,87,0.11603449285030365,0.6287447471402545,0.5262152683770883,32.88327808917566,0.3888955634602504,0.23984918368000413,1.3649019742625624e-06,41.820783615112305,0.12313473969697952,-0.02396107092499733,0.4242424242424242
0,88,0.11553234774239209,0.6226766637524513,0.5201826410608696,33.0502013941002,0.3888955634602504,0.23378110029220095,1.1656536753392288e-06,41.866493940353394,0.1629026234149933,-0.00666781235486269,0.4305555555555555
0,89,0.10918079407847657,0.6223329069026691,0.5196467069160495,32.96740663067025,0.3888955634602504,0.23343734344241868,9.815330310080889e-07,42.329572916030884,0.062421903014183044,-0.14341560006141663,0.4368686868686869
0,90,0.1136993055745047,0.6224637990442012,0.5201748579040335,33.02321398762948,0.3888955634602504,0.23356823558395085,8.127413744904805e-07,48.795679330825806,0.08153137564659119,-0.15693338215351105,0.4431818181818181
0,91,0.11422242984479787,0.6254522134503345,0.5226582314173671,32.97845660087028,0.3888955634602504,0.23655664999008413,6.594632769846353e-07,43.00820064544678,0.11573490500450134,-0.03126691281795502,0.44949494949494945
0,92,0.10993863125236666,0.6263260332621992,0.5236345175607935,32.95405471093393,0.3888955634602504,0.23743046980194876,5.218663458397716e-07,42.34296226501465,0.04294232279062271,-0.277301549911499,0.45580808080808083
0,93,0.11199024190403978,0.6269399193393679,0.5237908696817027,33.06306006585425,0.3888955634602504,0.2380443558791175,4.0010104127991385e-07,42.667922258377075,0.08517515659332275,-0.03980304300785065,0.46212121212121215
0,94,0.11010322522143928,0.6276486053554202,0.5246635940970782,33.02119285278213,0.3888955634602504,0.23875304189516983,2.943005118778597e-07,41.62207841873169,0.08875373750925064,-0.03213699162006378,0.46843434343434337
0,95,0.10603457658874746,0.6280396251767716,0.5251426354064307,32.966555735597126,0.3888955634602504,0.2391440617165212,2.0458044895916516e-07,48.66888928413391,0.09550197422504425,-0.04662512242794037,0.47474747474747475
0,96,0.10721506033929026,0.6280354719512536,0.5251716144413145,32.99528119790777,0.3888955634602504,0.23913990849100325,1.3103896009537207e-07,42.4878044128418,0.09717684984207153,-0.015620381571352482,0.4810606060606061
0,97,0.1077255941927433,0.6283723332510441,0.5253875736551703,33.114246325064876,0.3888955634602504,0.23947676979079374,7.375646182482875e-08,42.10929322242737,0.09221358597278595,-0.05159039795398712,0.4873737373737373
0,98,0.10834339382697125,0.6280973762166574,0.5251582607913402,33.00376375488422,0.3888955634602504,0.239201812756407,3.279559171838198e-08,42.46318435668945,0.09492038190364838,-0.0480060800909996,0.4936868686868687
0,99,0.1080232838130727,0.6278531664020642,0.5248521076875643,32.995683848834,0.3888955634602504,0.23895760294181384,8.201139886109265e-09,41.9037082195282,0.1923777312040329,-0.02647234871983528,0.5
1,0,0.7768216133117676,0.3847393489569956,0.2670525026520924,87.32576765173631,0.4356358048439375,-0.050896455886941916,6e-06,23.730841398239136,0.6278890371322632,0.0,0.0
1,1,0.6888007016814485,0.4216631079780289,0.2967581452665515,99.64111679666492,0.4356358048439375,-0.013972696865908574,1.2e-05,20.682057857513428,0.4292808473110199,0.0,0.0
1,2,0.6094726245014035,0.3227534764877362,0.20731609688219532,120.92995701339576,0.4356358048439375,-0.11288232835620127,1.8e-05,20.15093207359314,0.4024072289466858,0.0,0.0
1,3,0.6574704543668397,0.468729720665827,0.3429542354371735,74.52048438972305,0.4356358048439375,0.03309391582188953,2.4e-05,35.35389757156372,0.3324890732765198,0.0,0.0
1,4,0.5434543368767719,0.5579296378307264,0.42985878897477126,56.4907393393737,0.4356358048439375,0.12229383298678886,3.0000000000000004e-05,36.75107264518738,0.3872225284576416,0.0,0.0
1,5,0.47656288134808444,0.5930119287319467,0.47520769870709884,36.60649084054503,0.4356358048439375,0.15737612388800926,3e-05,37.68665099143982,0.36614328622817993,0.0,0.0
1,6,0.42819960962752907,0.5933396046126997,0.4700152579747704,34.098346804381,0.4356358048439375,0.15770379976876225,2.999179886011389e-05,36.81131291389465,0.2382935881614685,0.0,0.0
1,7,0.4302414667849638,0.619184175286853,0.5026980947373069,40.6244405712788,0.4356358048439375,0.1835483704429155,2.9967204408281618e-05,36.175625801086426,0.3642228841781616,0.0,0.0
1,5,0.4684131443500519,0.4716090258042915,0.3805328563310311,34.71175521292572,0.4356358048439375,0.03597322096035399,3e-05,35.57627081871033,0.7805904746055603,0.0,0.0
1,6,0.4295252701457666,0.5537269492008754,0.43674650005173804,44.07199010065212,0.4356358048439375,0.1180911443569379,2.999179886011389e-05,34.31658577919006,0.2434743344783783,0.0,0.0
1,7,0.41355468606462287,0.5731785779539823,0.4586371884976998,39.42614779015261,0.4356358048439375,0.1375427731100448,2.9967204408281618e-05,33.99076747894287,0.30764132738113403,0.0,0.0
1,8,0.3698255964079682,0.5729966331421303,0.47145690414057756,37.78430287229467,0.4356358048439375,0.13736082829819285,2.9926243538175172e-05,34.17332053184509,0.2757706046104431,0.0,0.0
1,9,0.3356444926894441,0.5734275524479591,0.4665496885725256,42.45698450058796,0.4356358048439375,0.13779174760402157,2.9868961039904628e-05,33.788294076919556,0.26099154353141785,0.0,0.0
1,10,0.3443318559807174,0.5656232124232101,0.4660324706136296,36.09232262519552,0.4356358048439375,0.12998740757927263,2.9795419551040836e-05,38.15126132965088,0.302331805229187,0.0,0.0
1,11,0.34402787867857487,0.5431061903746541,0.43467530795377457,41.90966695454481,0.4356358048439375,0.10747038553071664,2.970569948812214e-05,34.406184911727905,0.20633062720298767,0.0,0.0
1,12,0.32608523082976437,0.5326900262006239,0.42083619949706896,45.14424024712652,0.4356358048439375,0.0970542213566864,2.9599898958720088e-05,34.48530602455139,0.323116272687912,0.0,0.0
1,13,0.33201424230118187,0.5793736028422599,0.4816595686699609,37.585073146360486,0.4356358048439375,0.14373779799832243,2.947813365416023e-05,34.42564058303833,0.47085389494895935,0.0,0.0
1,14,0.3129454513593596,0.5953450017165672,0.48324962375340513,38.53163290854314,0.4356358048439375,0.15970919687262974,2.9340536723015367e-05,35.27864623069763,0.4409584701061249,0.0,0.0
1,15,0.2845037825861756,0.5514029985030874,0.4549201633488979,44.15191880125891,0.4356358048439375,0.11576719365914989,2.9187258625509518e-05,37.93087148666382,0.15517109632492065,0.0,0.0
1,16,0.27917551538165736,0.6011633472470838,0.4975888654326658,38.32042789115075,0.4356358048439375,0.16552754240314627,2.9018466968991913e-05,34.37592029571533,0.31287190318107605,0.0,0.0
1,17,0.2899081941161837,0.5735075008299568,0.4701080178063875,38.888689774541575,0.4356358048439375,0.13787169598601934,2.883434632466077e-05,34.95111417770386,0.5014849901199341,0.0,0.0
1,18,0.29931318851149813,0.5939071715453216,0.4876938255466487,40.16770570164777,0.4356358048439375,0.1582713667013841,2.863509802573744e-05,34.20197534561157,0.2668733596801758,0.0,0.0
1,19,0.2758894184110116,0.5892985707146899,0.47779826782867046,41.92868260536398,0.4356358048439375,0.15366276587075245,2.8420939947311454e-05,34.52941346168518,0.1933734118938446,0.0,0.0
1,20,0.27400168958975346,0.5992038082586665,0.4832637504810598,43.79148278557228,0.4356358048439375,0.163568003414729,2.8192106268097336e-05,49.76470351219177,0.2720755338668823,-0.06495499610900879,0.0012626262626262534
1,21,0.25560666879220884,0.5790651845315771,0.46258932751250514,46.39367607913481,0.4356358048439375,0.14342937968763958,2.794884721436361e-05,41.846253395080566,0.23573234677314758,-0.007119958288967609,0.0075757575757575725
1,22,0.25943002895433076,0.5773338501220944,0.47310001249721956,36.924744316966944,0.4356358048439375,0.14169804527815688,2.769142878631403e-05,41.23799800872803,0.15528523921966553,-0.043592654168605804,0.013888888888888874
1,23,0.25148514156438867,0.5786600773386325,0.4730672501460517,42.403483991172116,0.4356358048439375,0.14302427249469496,2.74201324672203e-05,41.20346975326538,0.18212376534938812,-0.05728224664926529,0.020202020202020193
1,24,0.255688732832062,0.6353378929348658,0.5219971328761327,37.365167122401715,0.4356358048439375,0.19970208809092826,2.7135254915624213e-05,41.12625050544739,0.18016432225704193,-0.039715476334095,0.026515151515151512
1,25,0.25425739160605837,0.6351471496815294,0.5181196048186409,36.1755088004839,0.4356358048439375,0.19951134483759192,2.6837107640945904e-05,48.291340827941895,0.16425581276416779,-0.13704149425029755,0.03282828282828283
1,26,0.23718203330526547,0.5690194048514723,0.47559259563602724,37.98064486759315,0.4356358048439375,0.1333836000075348,2.6526016662852887e-05,40.30806016921997,0.46066221594810486,0.00901916716247797,0.03914141414141415
1,27,0.2645643576979637,0.6131057306888005,0.500813836216587,39.99077098670083,0.4356358048439375,0.17746992584486299,2.620232215476231e-05,40.51862597465515,0.15448348224163055,-0.4066593050956726,0.045454545454545435
1,28,0.22991185589712493,0.6436833093018527,0.525503647367142,38.69769006828892,0.4356358048439375,0.2080475044579152,2.5866378071866338e-05,40.975289821624756,0.22416651248931885,-0.02194022759795189,0.051767676767676754
1,29,0.23077334387570012,0.6100547139466984,0.5017188094481337,34.78173034496807,0.4356358048439375,0.17441890910276092,2.5518551764087326e-05,42.842618227005005,0.6540381908416748,0.027502913028001785,0.05808080808080807
1,30,0.2237086820663238,0.627035637122797,0.5145233980848375,32.41261128196368,0.4356358048439375,0.19139983227885948,2.5159223574386117e-05,47.51669669151306,0.18419688940048218,-0.06979038566350937,0.06439393939393939
1,31,0.2228824675691371,0.623360957315368,0.5069495811744332,40.503617232555015,0.4356358048439375,0.1877251524714305,2.478878642286253e-05,41.67211055755615,0.4209710359573364,-0.009170844219624996,0.0707070707070707
1,32,0.22442706689542655,0.6333502276390566,0.5211447312864017,37.237970902195144,0.4356358048439375,0.19771442279511908,2.4407645377103056e-05,40.0075786113739,0.13264915347099304,-0.057542648166418076,0.07702020202020203
1,33,0.21422819519529537,0.6374409784092541,0.5195311190008797,42.7188287303715,0.4356358048439375,0.20180517356531658,2.4016217209245377e-05,40.75480842590332,0.18277209997177124,-0.0213497132062912,0.08333333333333331
1,34,0.21001207326747934,0.6223172842259694,0.5107537446771647,36.108452938556205,0.4356358048439375,0.18668147938203195,2.3614929940244155e-05,40.23068428039551,0.12396290898323059,-0.05371003597974777,0.08964646464646463
1,35,0.20809003361025635,0.5639520896102722,0.47896907558062457,36.001470959703845,0.4356358048439375,0.12831628476633472,2.320422237183641e-05,47.60550498962402,0.12116452306509018,-0.03568721562623978,0.09595959595959595
1,36,0.21690703882854812,0.6231352279644023,0.5169362072607333,36.87552272675879,0.4356358048439375,0.18749942312046486,2.2784543606718227e-05,40.8408203125,0.14278414845466614,-0.025712352246046066,0.10227272727272727
1,37,0.22091893958193914,0.6558780838015918,0.5425144704697851,34.27049867913653,0.4356358048439375,0.22024227895765436,2.2356352557457624e-05,40.69953465461731,0.4105376601219177,-0.030690869316458702,0.10858585858585859
1,38,0.20525060016281751,0.6215456563256917,0.5169431096104052,33.061978678636535,0.4356358048439375,0.1859098514817542,2.1920117444680317e-05,42.21552515029907,0.15539614856243134,-0.1174744963645935,0.11489898989898988
1,39,0.20457662626796838,0.6185850042369734,0.5073938397028013,37.435136777566015,0.4356358048439375,0.1829491993930359,2.1476315285077393e-05,40.80482029914856,0.13268505036830902,-0.02510823868215084,0.12121212121212119
1,40,0.1906281261115658,0.6442853089693719,0.5273967166398842,35.490032902634574,0.4356358048439375,0.20864950412543437,2.1025431369794546e-05,47.55985999107361,0.12853536009788513,-0.028740905225276947,0.1275252525252525
1,41,0.20306445977517537,0.6347342022710235,0.5290812365688257,36.580481230691866,0.4356358048439375,0.19909839742708602,2.056795873377331e-05,40.668940782547,0.10635330528020859,-0.19244301319122314,0.1338383838383838
1,42,0.19815482427271044,0.6206447472372258,0.5174943187326757,33.95302244647903,0.4356358048439375,0.18500894239328836,2.0104397616624646e-05,40.79630136489868,0.47656282782554626,-0.018493367359042168,0.14015151515151514
1,43,0.19253069177574042,0.6260712803222039,0.5279553462458145,32.363969576107436,0.4356358048439375,0.19043547547826645,1.963525491562421e-05,40.520872592926025,0.15373769402503967,-0.022088846191763878,0.14646464646464646
1,44,0.1908366916587158,0.6322074484397069,0.5264443969535361,34.533277108650104,0.4356358048439375,0.1965716435957694,1.916104363142767e-05,40.160346031188965,0.18817393481731415,-0.11503201723098755,0.15277777777777773
1,45,0.1943243085121622,0.5930398562444748,0.4908974043109993,37.929587064897476,0.4356358048439375,0.15740405140053726,1.8682282307111988e-05,47.88105273246765,0.4261406362056732,-0.014628052711486816,0.15909090909090906
1,46,0.18764547562720824,0.6144433958631894,0.5092843380759087,37.775667133413734,0.4356358048439375,0.17880759101925192,1.8199494461156203e-05,40.216352462768555,0.1537008434534073,-0.05031324923038483,0.1654040404040404
1,47,0.19126708623097868,0.5825728884528242,0.48529264532163147,34.125706571001984,0.4356358048439375,0.1469370836088867,1.771320801498165e-05,40.26211595535278,0.3293679654598236,-0.020220624282956123,0.1717171717171717
1,48,0.18403529801539012,0.5848568426965013,0.4868885261120809,32.7678277336418,0.4356358048439375,0.1492210378525638,1.722395471567763e-05,40.37769842147827,0.2082899510860443,-0.012563956901431084,0.178030303030303
1,49,0.186164561963203,0.5990953984181262,0.4968317059866072,34.317634212907855,0.4356358048439375,0.1634595935741887,1.6732269554543794e-05,40.68420720100403,0.12205066531896591,-0.03817269951105118,0.18434343434343434
1,50,0.18105121648737363,0.6205357057284898,0.5122434633021846,34.73249856090042,0.4356358048439375,0.18489990088455233,1.623869018208499e-05,47.56229376792908,0.14445249736309052,-0.047307103872299194,0.19065656565656566
1,51,0.18362246104040925,0.6147359990923664,0.510503525348526,35.23572856646993,0.4356358048439375,0.17910019424842893,1.5743756320098334e-05,40.514994382858276,0.40711069107055664,-0.03842250257730484,0.19696969696969693
1,52,0.1827674446513458,0.6236182993191727,0.5166069123630206,34.78936368899071,0.4356358048439375,0.18798249447523518,1.524800917149538e-05,40.52857065200806,0.13462373614311218,-0.010155623778700829,0.2032828282828283
1,53,0.18070749649587942,0.6175691164473421,0.5103776599948273,32.91027971430134,0.4356358048439375,0.18193331160340465,1.4751990828504623e-05,40.52865481376648,0.18880055844783783,-0.03130963444709778,0.20959595959595959
1,54,0.17500134618306645,0.6033897229926728,0.497067352044673,35.08335788690411,0.4356358048439375,0.1677539181487353,1.4256243679901665e-05,40.74861121177673,0.11871270835399628,-0.07096517086029053,0.21590909090909086
1,55,0.16865206380583803,0.6223696039436147,0.5156850551564582,34.72355393828536,0.4356358048439375,0.18673379909967724,1.3761309817915017e-05,49.59419083595276,0.1377711296081543,-0.01801806502044201,0.2222222222222222
1,56,0.1672198977701518,0.6009486213885538,0.4956815848972185,38.25092762142746,0.4356358048439375,0.16531281654461627,1.3267730445456208e-05,41.668166399002075,0.18102186918258667,-0.022787947207689285,0.2285353535353535
1,57,0.1735927994762148,0.6067042305408935,0.5070517735520256,33.862262648700984,0.4356358048439375,0.17106842569695602,1.277604528432237e-05,41.36940574645996,0.1337774395942688,-0.03991986811161041,0.23484848484848486
1,58,0.16600815244779296,0.6197495103163775,0.5164557948465912,33.46951971072185,0.4356358048439375,0.18411370547244,1.2286791985018356e-05,40.92804312705994,0.1802966445684433,-0.021833494305610657,0.24116161616161613
1,59,0.16159586760462546,0.5915204412674588,0.49502982068306917,33.000002900802706,0.4356358048439375,0.15588463642352135,1.18005055388438e-05,40.73819851875305,0.1632954180240631,-0.03694388270378113,0.24747474747474743
1,60,0.1685497655856366,0.6117482632523505,0.5152549866707994,34.021047208976796,0.4356358048439375,0.17611245840841305,1.1317717692888014e-05,48.45950889587402,0.12663951516151428,-0.022490356117486954,0.2537878787878788
1,61,0.15877840972068358,0.5966800628523783,0.4983417712379549,39.57086713205254,0.4356358048439375,0.1610442580084408,1.0838956368572335e-05,41.55326867103577,0.13553600013256073,-0.13759872317314148,0.26010101010101006
1,62,0.15933766854660852,0.611813035998495,0.5122200144880917,37.18776678801076,0.4356358048439375,0.17617723115455752,1.036474508437579e-05,40.64331674575806,0.17636433243751526,-0.01017699483782053,0.26641414141414144
1,63,0.16183222039621703,0.5975875328216064,0.49759788237670455,38.36076750819228,0.4356358048439375,0.16195172797766888,9.895602383375355e-06,40.51423144340515,0.14186784625053406,-0.012933033518493176,0.2727272727272727
1,64,0.16005380284421297,0.5994655223816391,0.4975460774585682,38.212631453863715,0.4356358048439375,0.1638297175377016,9.432041266226686e-06,40.537153005599976,0.39867526292800903,-0.04409638047218323,0.27904040404040403
1,65,0.15459800025030057,0.5969983784930813,0.4943352258884637,41.52977042072397,0.4356358048439375,0.16136257364914386,8.974568630205462e-06,47.674129247665405,0.15262770652770996,-0.1835559606552124,0.28535353535353536
1,66,0.15632415281570688,0.6003104887420665,0.5012643421422286,33.540486143745404,0.4356358048439375,0.164674683898129,8.523684714922608e-06,40.80543088912964,0.10897305607795715,-0.05717075988650322,0.29166666666666663
1,67,0.15297048569333796,0.5695219917025963,0.48087088279678586,33.489326700401,0.4356358048439375,0.13388618685865883,8.079882555319685e-06,40.672317028045654,0.14698557555675507,-0.04004548490047455,0.29797979797979796
1,68,0.16393321957819315,0.5969379474332995,0.4983508168244661,37.68490614502907,0.4356358048439375,0.16130214258936204,7.643647442542383e-06,41.47533869743347,0.1391555517911911,-0.015223118476569653,0.3042929292929293
1,69,0.1539536292607687,0.5997564848314327,0.498429042711785,40.33292786448411,0.4356358048439375,0.16412067998749524,7.215456393281777e-06,40.950705766677856,0.12742680311203003,-0.0317898690700531,0.3106060606060606
1,70,0.15118406903074713,0.6054249213651193,0.5066954879249983,39.96003626271525,0.4356358048439375,0.16978911652118178,6.795777628163599e-06,49.526448249816895,0.11118829250335693,-0.2736071050167084,0.3169191919191919
1,71,0.14999503832386465,0.5999642009888209,0.5045874519297916,38.05232381491045,0.4356358048439375,0.16432839614488337,6.3850700597558465e-06,41.98284602165222,0.11472117900848389,-0.08989893645048141,0.3232323232323232
1,72,0.15049027286621988,0.599223026662779,0.5035795787274254,34.818066731847466,0.4356358048439375,0.16358722181884155,5.983782790754624e-06,40.607356786727905,0.11600950360298157,-0.01086435280740261,0.3295454545454546
1,73,0.15100319577114923,0.5945390915050414,0.4972029636852928,39.167715977964775,0.4356358048439375,0.15890328666110387,5.592354622896944e-06,40.60631704330444,0.15234921872615814,-0.027619292959570885,0.3358585858585858
1,74,0.1487685322609483,0.605711292480746,0.5086967781645911,36.40775458186013,0.4356358048439375,0.17007548763680846,5.21121357713747e-06,41.11492133140564,0.4372897148132324,-0.0049192458391189575,0.3421717171717171
1,75,0.14256755969658189,0.610839738687985,0.5110625783215924,36.55294497162084,0.4356358048439375,0.17520393384404753,4.840776425613887e-06,48.06471395492554,0.15000127255916595,-0.004016217775642872,0.3484848484848485
1,76,0.1466523161043926,0.6115523447493847,0.5100206734501258,37.490247903948024,0.4356358048439375,0.1759165399054472,4.481448235912671e-06,41.18310475349426,0.12262183427810669,-0.054476749151945114,0.3547979797979797
1,77,0.13995738753250667,0.6093752483815595,0.5093526017764584,36.348983003688225,0.4356358048439375,0.17373944353762205,4.133621928133666e-06,40.640705823898315,0.12350845336914062,-0.34813985228538513,0.36111111111111105
1,78,0.14474244050833643,0.6028027529284699,0.5051940078539281,37.65427633386699,0.4356358048439375,0.16716694808453236,3.7976778452376966e-06,41.064985513687134,0.1557607203722,-0.013554348610341549,0.36742424242424243
1,79,0.13655130846463903,0.6017729377339978,0.5028010546517883,37.8164376526472,0.4356358048439375,0.16613713289006027,3.473983337147118e-06,41.398597955703735,0.11005964130163193,-0.031936947256326675,0.37373737373737376
1,80,0.14100477684821403,0.6033941556337907,0.5051286905563358,37.83670216395308,0.4356358048439375,0.16775835078985324,3.162892359054098e-06,48.607340574264526,0.1372767686843872,-0.012269380502402782,0.38005050505050497
1,81,0.13861310679693611,0.6050113468578541,0.5047690150536854,36.860827746283576,0.4356358048439375,0.16937554201391658,2.86474508437579e-06,41.108134269714355,0.149342879652977,-0.016413522884249687,0.38636363636363635
1,82,0.13867897699986184,0.6043818516902011,0.5051210614536554,36.498765831816364,0.4356358048439375,0.1687460468462636,2.5798675327796994e-06,41.21753144264221,0.15213531255722046,-0.01056676171720028,0.3926767676767677
1,83,0.14032734786065257,0.6033450254857646,0.5046003307976729,36.80947621378499,0.4356358048439375,0.16770922064182714,2.308571213685967e-06,41.18736410140991,0.43502387404441833,-0.0022339930292218924,0.3989898989898989
1,84,0.13340093887278012,0.608614185719429,0.5065778409774802,36.54777139532454,0.4356358048439375,0.17297838087549156,2.0511527856363916e-06,40.987468004226685,0.14762870967388153,-0.00953434407711029,0.4053030303030303
1,85,0.1352893536036112,0.6143573950750092,0.5119060029872355,36.43083598840445,0.4356358048439375,0.1787215902310717,1.8078937319026655e-06,48.0243866443634,0.12257464230060577,-0.02478862926363945,0.4116161616161616
1,86,0.13052152408933154,0.6097755652418796,0.5074599267623323,36.52083521747203,0.4356358048439375,0.1741397603979421,1.579060052688548e-06,40.81835103034973,0.12837857007980347,-0.0139542818069458,0.417929292929293
1,87,0.13348219665337582,0.6079597158396565,0.5064358102151059,36.60676159293773,0.4356358048439375,0.17232391099571898,1.3649019742625624e-06,40.23451471328735,0.11535961925983429,-0.055995874106884,0.4242424242424242
1,88,0.13280021087551602,0.6085903181297929,0.5065806196846258,36.59557636733789,0.4356358048439375,0.17295451328585543,1.1656536753392288e-06,40.052716970443726,0.14405128359794617,-0.01996878907084465,0.4305555555555555
1,89,0.12848163548172736,0.6046249113362371,0.5053400771413826,36.43596526276027,0.4356358048439375,0.1689891064922996,9.815330310080889e-07,40.46145248413086,0.08361809700727463,-0.08446066081523895,0.4368686868686869
1,90,0.1291995870367605,0.6031792575005634,0.5042129198704555,36.421168831096736,0.4356358048439375,0.16754345265662596,8.127413744904805e-07,48.84022378921509,0.11288149654865265,-0.04678555577993393,0.4431818181818181
1,91,0.13126080087861236,0.6051104306951496,0.5054700863813376,36.405599476230954,0.4356358048439375,0.1694746258512121,6.594632769846353e-07,40.6689817905426,0.09753888100385666,-0.06245516985654831,0.44949494949494945
1,92,0.13010892826987772,0.6061027015282008,0.505952506941152,36.394771168914815,0.4356358048439375,0.1704668966842633,5.218663458397716e-07,40.90109944343567,0.11220602691173553,-0.16364610195159912,0.45580808080808083
1,93,0.131686698113169,0.6088242585902333,0.5072974022863505,36.38307488045376,0.4356358048439375,0.17318845374629577,4.0010104127991385e-07,40.98974967002869,0.08460845053195953,-0.04507886618375778,0.46212121212121215
1,94,0.12544374928182486,0.6072928162622107,0.506828565317801,36.443957714498765,0.4356358048439375,0.17165701141827316,2.943005118778597e-07,40.510101079940796,0.13179850578308105,-0.010553186759352684,0.46843434343434337
1,95,0.12747179830864985,0.606860763686201,0.5064488658425724,36.45638182684464,0.4356358048439375,0.17122495884226352,2.0458044895916516e-07,48.75512433052063,0.10066036880016327,-0.045333586633205414,0.47474747474747475
1,96,0.12487725837498295,0.6057510587187366,0.5059396152687814,36.473818078271755,0.4356358048439375,0.1701152538747991,1.3103896009537207e-07,41.75712823867798,0.08325985074043274,-0.057593367993831635,0.4810606060606061
1,97,0.12825685975198842,0.605664349739693,0.5059123990044074,36.45386570913013,0.4356358048439375,0.17002854489575547,7.375646182482875e-08,40.68254852294922,0.12441994994878769,-0.0236703809350729,0.4873737373737373
1,98,0.12494136005335925,0.6055864558506079,0.5059127314515002,36.45270995356831,0.4356358048439375,0.1699506510066704,3.279559171838198e-08,40.96297812461853,0.1369733214378357,-0.042907826602458954,0.4936868686868687
1,99,0.12480118817516736,0.6054745315121638,0.5058453097815165,36.451520179902,0.4356358048439375,0.1698387266682263,8.201139886109265e-09,40.703365325927734,0.12095747888088226,-0.017933716997504234,0.5
2,0,0.776163463689843,0.3988764255050548,0.2852154475550908,86.63564048801807,0.4324622420678442,-0.03358581656278942,6e-06,22.48610210418701,0.7374338507652283,0.0,0.0
2,1,0.6495101555269591,0.4022789496716246,0.2870656760506939,97.33060733577229,0.4324622420678442,-0.03018329239621964,1.2e-05,19.68941068649292,0.5180952548980713,0.0,0.0
2,2,0.6029465685085375,0.40875546253655826,0.2918267906566708,106.8299811776526,0.4324622420678442,-0.02370677953128597,1.8e-05,19.71029233932495,0.30998092889785767,0.0,0.0
2,3,0.6647597624331104,0.47859566897637346,0.37610966209097724,65.19540825478684,0.4324622420678442,0.04613342690852923,2.4e-05,33.85196042060852,0.3712908923625946,0.0,0.0
2,4,0.5386472526861696,0.5673429257373753,0.45086853123339704,40.64745017899021,0.4324622420678442,0.1348806836695311,3.0000000000000004e-05,34.98748302459717,0.40704822540283203,0.0,0.0
2,5,0.47415932283109546,0.5841943918459014,0.47333154576062686,51.83183137473865,0.4324622420678442,0.15173214977805716,3e-05,35.39235806465149,0.7051677107810974,0.0,0.0
2,6,0.4320928633821254,0.5394700401715612,0.4231795084968419,44.68758828071388,0.4324622420678442,0.10700779810371697,2.999179886011389e-05,34.40330410003662,0.4194587469100952,0.0,0.0
2,7,0.41551134628908976,0.6361511763444436,0.5270887887241408,29.816571707544423,0.4324622420678442,0.2036889342765994,2.9967204408281618e-05,33.367924451828,0.5024210810661316,0.0,0.0
2,8,0.3841389876847364,0.5989609134548162,0.4870329790978694,27.425236763896194,0.4324622420678442,0.16649867138697194,2.9926243538175172e-05,35.07985162734985,0.5408211946487427,0.0,0.0
2,9,0.3911822863987514,0.6079830902256628,0.49254781279667476,35.53716077644979,0.4324622420678442,0.17552084815781854,2.9868961039904628e-05,35.65306854248047,0.5486716032028198,0.0,0.0
2,10,0.3570243996016833,0.6184341732940606,0.49974541563227515,41.47772409012281,0.4324622420678442,0.18597193122621636,2.9795419551040836e-05,38.715242862701416,0.17780713737010956,0.0,0.0
2,11,0.34356881221946406,0.6500607851627472,0.5369174436103287,35.719634142575245,0.4324622420678442,0.217598543094903,2.970569948812214e-05,35.54597496986389,0.4214242398738861,0.0,0.0
2,12,0.3352307108592014,0.553937606773734,0.46103969128208255,38.28108912351987,0.4324622420678442,0.12147536470588982,2.9599898958720088e-05,36.186349630355835,0.7486416697502136,0.0,0.0
2,13,0.31172996455309343,0.6267426671616552,0.5198190206288518,30.66287732266352,0.4324622420678442,0.19428042509381094,2.947813365416023e-05,35.50683784484863,0.3185715079307556,0.0,0.0
2,14,0.29477731822704784,0.6139584086785376,0.5035599519669659,32.336587166935836,0.4324622420678442,0.18149616661069334,2.9340536723015367e-05,34.78079104423523,0.2132130265235901,0.0,0.0
2,15,0.2956565414764443,0.6224511615003534,0.5075350410865158,29.92670686017817,0.4324622420678442,0.18998891943250917,2.9187258625509518e-05,39.13542199134827,0.21861934661865234,0.0,0.0
2,16,0.2978340992513968,0.657937231555274,0.5580772031729792,48.56410508914474,0.4324622420678442,0.22547498948742972,2.9018466968991913e-05,35.231740951538086,0.20225942134857178,0.0,0.0
2,17,0.28539796599320005,0.6564622264764803,0.5521250917804007,20.33029850197692,0.4324622420678442,0.2239999844086361,2.883434632466077e-05,35.709906339645386,0.221854567527771,0.0,0.0
2,18,0.2733874552103938,0.671066799463253,0.5577893843782267,20.131567968261642,0.4324622420678442,0.23860455739540876,2.863509802573744e-05,34.85964369773865,0.17523226141929626,0.0,0.0
2,19,0.26160929671355654,0.6567759872415142,0.5448654628913638,20.731251532333527,0.4324622420678442,0.22431374517366998,2.8420939947311454e-05,35.947625160217285,0.19439542293548584,0.0,0.0
2,20,0.27057347644348534,0.6608152202028624,0.5544107658571743,20.031145782628627,0.4324622420678442,0.2283529781350182,2.8192106268097336e-05,48.525269508361816,0.24202409386634827,-0.03455817326903343,0.0012626262626262534
2,21,0.2620240367796956,0.6420981868926228,0.5344743596182621,22.742449200255773,0.4324622420678442,0.20963594482477854,2.794884721436361e-05,41.40067481994629,0.538402795791626,0.049100592732429504,0.0075757575757575725
2,22,0.2627201153307545,0.605613683658599,0.49426331873351775,35.583695607399456,0.4324622420678442,0.1731514415907548,2.769142878631403e-05,41.16280913352966,0.17473357915878296,-0.40362584590911865,0.013888888888888874
2,23,0.2444165925286254,0.6396845712125416,0.5282139050636944,32.941606232258444,0.4324622420678442,0.2072223291446974,2.74201324672203e-05,41.41565465927124,0.17032817006111145,-0.029421856626868248,0.020202020202020193
2,24,0.24433318692810682,0.6671876255177708,0.5613720607991441,26.889324324871968,0.4324622420678442,0.23472538344992655,2.7135254915624213e-05,41.176427602767944,0.461198091506958,0.002909159054979682,0.026515151515151512
2,25,0.23267286894272785,0.692673091400132,0.5807660664503256,22.290918803959148,0.4324622420678442,0.2602108493322878,2.6837107640945904e-05,47.592891454696655,0.22851179540157318,-0.07516207545995712,0.03282828282828283
2,26,0.23576438198892438,0.670656012204851,0.5667488318671454,18.132484021360483,0.4324622420678442,0.23819377013700682,2.6526016662852887e-05,43.66973900794983,0.14125105738639832,-0.02441250905394554,0.03914141414141415
2,27,0.2484221951085694,0.5836073678372019,0.48530591382402577,32.909201028776764,0.4324622420678442,0.15114512576935768,2.620232215476231e-05,41.1257061958313,0.21070289611816406,-0.04440648853778839,0.045454545454545435
2,28,0.23534002200681337,0.6387715574856222,0.5301248186472143,26.155803736400657,0.4324622420678442,0.20630931541777797,2.5866378071866338e-05,42.07848310470581,0.44453758001327515,0.2758694887161255,0.051767676767676754
2,29,0.225035159411479,0.670068373418386,0.564305643906315,22.847327234625965,0.4324622420678442,0.23760613135054176,2.5518551764087326e-05,41.34427309036255,0.13301913440227509,-0.04451608657836914,0.05808080808080807
2,30,0.2258324492342618,0.6485085762683849,0.543312025747499,33.7603685106937,0.4324622420678442,0.21604633420054065,2.5159223574386117e-05,49.27609467506409,0.19709305465221405,-0.03514036908745766,0.06439393939393939
2,31,0.2186136882067943,0.6657001222984315,0.5677747602470362,19.45502404830159,0.4324622420678442,0.23323788023058722,2.478878642286253e-05,41.64171624183655,0.2509373426437378,-0.010085301473736763,0.0707070707070707
2,32,0.2229397160058119,0.6340052751805868,0.5281712910046513,25.923068978936094,0.4324622420678442,0.20154303311274258,2.4407645377103056e-05,41.441112995147705,0.2008443921804428,-0.007425698917359114,0.07702020202020203
2,33,0.21432811706041804,0.6303599701478361,0.5287739473238663,27.715084966425497,0.4324622420678442,0.19789772807999184,2.4016217209245377e-05,41.695950746536255,0.29235097765922546,0.08270325511693954,0.08333333333333331
2,34,0.20151715011012797,0.6782772390370496,0.5744143949641916,23.689011919051442,0.4324622420678442,0.2458149969692054,2.3614929940244155e-05,41.52113676071167,0.13642767071723938,-0.02561049722135067,0.08964646464646463
2,35,0.21353878293718612,0.6773987358156919,0.5802243974080671,19.348537787947816,0.4324622420678442,0.24493649374784765,2.320422237183641e-05,46.78879237174988,0.15852096676826477,-0.02862880751490593,0.09595959595959595
2,36,0.20029711692917104,0.6756278008475709,0.573840297260963,24.6372296698498,0.4324622420678442,0.24316555877972668,2.2784543606718227e-05,41.510114431381226,0.12767313420772552,-0.1862839162349701,0.10227272727272727
2,35,0.21435310569952945,0.619389699838529,0.5146431341252988,30.475415420059473,0.4324622420678442,0.18692745777068476,2.320422237183641e-05,43.91793131828308,0.4564381241798401,0.01790892891585827,0.09595959595959595
2,36,0.200455015107077,0.619092116165403,0.5113534483098912,33.30530778334768,0.4324622420678442,0.18662987409755882,2.2784543606718227e-05,44.62951397895813,0.13091585040092468,-0.13792197406291962,0.10227272727272727
2,37,0.19502517672217623,0.6033671470768565,0.5040502312170565,33.98593411732147,0.4324622420678442,0.17090490500901223,2.2356352557457624e-05,43.27926421165466,0.15411047637462616,-0.024615345522761345,0.10858585858585859
2,38,0.19645147466537904,0.621566365367357,0.5269900278905315,29.79610395748907,0.4324622420678442,0.18910412329951276,2.1920117444680317e-05,44.267396211624146,0.17120260000228882,-0.024689197540283203,0.11489898989898988
2,39,0.19658956494258376,0.6511041056163106,0.5491089277772055,22.20178547109605,0.4324622420678442,0.21864186354846638,2.1476315285077393e-05,43.536277770996094,0.20502305030822754,-0.037914175540208817,0.12121212121212119
2,40,0.1950615049929035,0.628016723145915,0.5358521908657332,20.94332992603859,0.4324622420678442,0.19555448107807072,2.1025431369794546e-05,50.874619245529175,0.4727996289730072,0.000258972926530987,0.1275252525252525
2,41,0.1832016723192468,0.6587209889943083,0.5549887821204561,28.666292607942708,0.4324622420678442,0.22625874692646408,2.056795873377331e-05,45.19127702713013,0.16323646903038025,-0.09269296377897263,0.1338383838383838
2,42,0.1828775454540642,0.6401303031765558,0.5370547111436673,27.539848348402913,0.4324622420678442,0.2076680611087116,2.0104397616624646e-05,43.58716630935669,0.16516073048114777,-0.009317850694060326,0.14015151515151514
2,43,0.18065394521976003,0.6598234267391073,0.5608635820533924,21.358167740237096,0.4324622420678442,0.2273611846712631,1.963525491562421e-05,44.207568883895874,0.2754155993461609,-0.0009087254293262959,0.14646464646464646
2,44,0.17653809791925001,0.640194533508871,0.5376573904406069,27.02838715805098,0.4324622420678442,0.20773229144102678,1.916104363142767e-05,43.5536949634552,0.0985255092382431,-0.19814549386501312,0.15277777777777773
2,45,0.17284376174211502,0.6610143528056521,0.5622261634485932,25.42616601203854,0.4324622420678442,0.2285521107378079,1.8682282307111988e-05,49.9110541343689,0.10820093005895615,-0.03139851987361908,0.15909090909090906
2,46,0.17528663210722864,0.6468638205597722,0.5529919683229815,22.607128795760264,0.4324622420678442,0.21440157849192798,1.8199494461156203e-05,45.0208945274353,0.22896942496299744,-0.006209162995219231,0.1654040404040404
2,47,0.16752745036263855,0.6411141444390032,0.5459171112923389,24.80845215724376,0.4324622420678442,0.20865190237115894,1.771320801498165e-05,43.721458435058594,0.24894732236862183,-0.007596156559884548,0.1717171717171717
2,48,0.160964556798643,0.6065674847162622,0.5131697802055909,23.236764988736795,0.4324622420678442,0.17410524264841798,1.722395471567763e-05,43.764219999313354,0.11781229823827744,-0.3192136287689209,0.178030303030303
2,49,0.16734598577022552,0.6257829655170117,0.5274955162325724,23.276875522254418,0.4324622420678442,0.1933207234491675,1.6732269554543794e-05,44.26131582260132,0.14783364534378052,-0.03478400781750679,0.18434343434343434
2,50,0.16163233409122546,0.6561871791775289,0.5639279302618144,21.379604494244195,0.4324622420678442,0.22372493710968466,1.623869018208499e-05,51.19490027427673,0.11326980590820312,-0.02280288003385067,0.19065656565656566
2,51,0.1584315220920407,0.6550257535008593,0.5616289950114107,22.47049766185143,0.4324622420678442,0.22256351143301512,1.5743756320098334e-05,44.62069821357727,0.13856938481330872,-0.018438708037137985,0.19696969696969693
2,52,0.15964854843154244,0.6378482479822849,0.5409817448816955,25.795887892055124,0.4324622420678442,0.20538600591444067,1.524800917149538e-05,44.23796987533569,0.14763574302196503,-0.021614257246255875,0.2032828282828283
2,53,0.154946897102862,0.64826240917953,0.5488981675997531,24.387120928490823,0.4324622420678442,0.21580016711168581,1.4751990828504623e-05,43.8057587146759,0.11790300905704498,-0.09617827832698822,0.20959595959595959
2,54,0.15318775511517815,0.6684571860128287,0.5691315571387228,23.580995914952382,0.4324622420678442,0.23599494394498444,1.4256243679901665e-05,43.89425611495972,0.11261491477489471,-0.038162268698215485,0.21590909090909086
2,55,0.14692556227044185,0.6534159430803251,0.5536729446192626,23.893656276869876,0.4324622420678442,0.2209537010124809,1.3761309817915017e-05,50.6986346244812,0.12461583316326141,-0.04190736263990402,0.2222222222222222
2,56,0.15671812955822265,0.659527185607882,0.5581453983533936,24.586176028533796,0.4324622420678442,0.2270649435400378,1.3267730445456208e-05,44.82479667663574,0.4386941194534302,0.016111237928271294,0.2285353535353535
2,57,0.15099615291977414,0.6583103958140559,0.5608181477994199,23.268516956780317,0.4324622420678442,0.2258481537462117,1.277604528432237e-05,43.5275616645813,0.0976928323507309,-0.42129671573638916,0.23484848484848486
2,58,0.1442149880589271,0.6573510883741536,0.5554536788240383,23.23458211609356,0.4324622420678442,0.22488884630630934,1.2286791985018356e-05,44.39332723617554,0.10423894971609116,-0.030906548723578453,0.24116161616161613
2,59,0.14607764628468728,0.6509308422450565,0.5521405366798586,23.285306864555587,0.4324622420678442,0.21846860017721226,1.18005055388438e-05,44.2979781627655,0.41191357374191284,-0.017733566462993622,0.24747474747474743
2,60,0.14083052517808214,0.6665646980311289,0.5628780680904177,23.559410066947322,0.4324622420678442,0.23410245596328472,1.1317717692888014e-05,51.490538120269775,0.14574794471263885,-0.07848566770553589,0.2537878787878788
2,61,0.14206408754903443,0.6519445689368812,0.5530655566424526,22.27301160117598,0.4324622420678442,0.21948232686903701,1.0838956368572335e-05,45.27684473991394,0.1123807430267334,-0.025609899312257767,0.26010101010101006
2,62,0.14396038985982232,0.6340394439851265,0.5394045324940753,21.747989603886566,0.4324622420678442,0.20157720191728223,1.036474508437579e-05,44.71294665336609,0.10355985164642334,-0.047502558678388596,0.26641414141414144
2,63,0.13789538134421622,0.6551924572344261,0.5564679686213124,21.379240299274993,0.4324622420678442,0.22273021516658187,9.895602383375355e-06,44.72282600402832,0.09013567864894867,-0.6452450156211853,0.2727272727272727
2,64,0.13703632438365293,0.6521296202241988,0.5559976003924958,21.785088333643504,0.4324622420678442,0.21966737815635462,9.432041266226686e-06,43.47531342506409,0.09282680600881577,-0.04705488681793213,0.27904040404040403
2,65,0.13548990703967154,0.6485318982614796,0.5525493460197872,23.786476020432247,0.4324622420678442,0.21606965619363538,8.974568630205462e-06,51.164212226867676,0.12157057225704193,-0.03514518961310387,0.28535353535353536
2,66,0.13968433759042195,0.6532399611392549,0.5569130851860232,21.17146875777363,0.4324622420678442,0.22077771907141064,8.523684714922608e-06,44.55645823478699,0.15507739782333374,-0.017757706344127655,0.29166666666666663
2,67,0.13368703333698972,0.6379540485540048,0.5418857902382477,22.63947462938765,0.4324622420678442,0.2054918064861606,8.079882555319685e-06,44.51757335662842,0.11025945842266083,-0.009469117969274521,0.29797979797979796
2,68,0.1300364530512265,0.6241080193647576,0.5336958185665708,21.91668012088976,0.4324622420678442,0.19164577729691334,7.643647442542383e-06,43.48281908035278,0.12934623658657074,-0.008912637829780579,0.3042929292929293
2,69,0.1278455659595071,0.6169299175606439,0.5276818068195156,22.22472584950769,0.4324622420678442,0.18446767549279963,7.215456393281777e-06,43.919050216674805,0.10269715636968613,-0.02634558640420437,0.3106060606060606
2,70,0.12891899376195304,0.6214804561269701,0.5301920031159738,22.096464315910115,0.4324622420678442,0.1890182140591259,6.795777628163599e-06,50.407469511032104,0.11723741888999939,-0.0299929641187191,0.3169191919191919
2,71,0.12690781695502146,0.6274027322157041,0.5318500606399242,22.311616006310498,0.4324622420678442,0.19494049014785986,6.3850700597558465e-06,44.538811683654785,0.07873907685279846,-0.18722908198833466,0.3232323232323232
2,72,0.12685992637155008,0.6261181876721723,0.5324084320697637,22.211848137972783,0.4324622420678442,0.19365594560432808,5.983782790754624e-06,44.25008702278137,0.12038050591945648,-0.03169989585876465,0.3295454545454546
2,73,0.1265420008982931,0.6226069258997519,0.5306799707301748,22.316797208590696,0.4324622420678442,0.19014468383190763,5.592354622896944e-06,43.79132294654846,0.12002480030059814,-0.022740136831998825,0.3358585858585858
2,74,0.12517620615509092,0.6287615211975933,0.5344405888252397,21.98577868870132,0.4324622420678442,0.1962992791297491,5.21121357713747e-06,44.51533222198486,0.13870668411254883,-0.11633717268705368,0.3421717171717171
2,75,0.12581951574099307,0.6262842240190467,0.5344249587668664,22.16217598612021,0.4324622420678442,0.19382198195120248,4.840776425613887e-06,51.663471937179565,0.40370994806289673,-0.016270630061626434,0.3484848484848485
2,76,0.11997882938202546,0.6332565674061728,0.5409421893430563,21.940268647837865,0.4324622420678442,0.20079432533832853,4.481448235912671e-06,45.508501052856445,0.10402257740497589,-0.06933629512786865,0.3547979797979797
2,77,0.11924735661976192,0.6299345996470065,0.5350861460238345,23.282173494489413,0.4324622420678442,0.19747235757916226,4.133621928133666e-06,44.13763689994812,0.13448116183280945,-0.016576038673520088,0.36111111111111105
2,78,0.11950890446195797,0.6481385933856412,0.550067237988738,22.69300300784568,0.4324622420678442,0.21567635131779694,3.7976778452376966e-06,44.532970666885376,0.1305723488330841,-0.013670220971107483,0.36742424242424243
2,79,0.11984058743228718,0.6235189566675211,0.5305108560201539,22.780886133156628,0.4324622420678442,0.19105671459967688,3.473983337147118e-06,44.33674645423889,0.11080193519592285,-0.03839196264743805,0.37373737373737376
2,80,0.11569793119418378,0.6247301250008974,0.531031149339367,23.885737810023503,0.4324622420678442,0.1922678829330532,3.162892359054098e-06,50.36142826080322,0.11617501825094223,-0.02130202203989029,0.38005050505050497
2,81,0.11918174551457775,0.6284913818493002,0.535654331988691,23.580848892943944,0.4324622420678442,0.19602913978145597,2.86474508437579e-06,45.42068600654602,0.3974123001098633,-0.03909336403012276,0.38636363636363635
2,82,0.1135922619426737,0.6192325713562048,0.5296337042717402,23.581449303309924,0.4324622420678442,0.18677032928836057,2.5798675327796994e-06,43.28813099861145,0.10758382081985474,-0.04754802584648132,0.3926767676767677
2,83,0.1159578456866498,0.6198619462112227,0.52979557828527,23.79314395711829,0.4324622420678442,0.18739970414337848,2.308571213685967e-06,44.543097496032715,0.1015557274222374,-0.5814253687858582,0.3989898989898989
2,84,0.11512309776581063,0.6227109289841535,0.5313212828301257,23.180507721781026,0.4324622420678442,0.19024868691630925,2.0511527856363916e-06,43.361175298690796,0.08759599924087524,-0.07219814509153366,0.4053030303030303
2,85,0.11333804212662639,0.6203358729632888,0.5304331787487192,24.148531854628732,0.4324622420678442,0.18787363089544462,1.8078937319026655e-06,52.22791337966919,0.12321740388870239,-0.01803109422326088,0.4116161616161616
2,86,0.11010352385287382,0.621437526159368,0.5309390997388985,24.03198370173526,0.4324622420678442,0.18897528409152375,1.579060052688548e-06,44.985451221466064,0.1378486603498459,-0.023760301992297173,0.417929292929293
2,87,0.1108728466289384,0.6193937756703377,0.5292301067102992,24.44217064264063,0.4324622420678442,0.18693153360249348,1.3649019742625624e-06,44.36644506454468,0.08995507657527924,-0.0402279831469059,0.4242424242424242
2,88,0.11404388603203151,0.6180855599291616,0.5284770673251131,24.203078046683,0.4324622420678442,0.18562331786131736,1.1656536753392288e-06,43.52899670600891,0.11958088725805283,-0.01793743669986725,0.4305555555555555
2,89,0.11334593966603279,0.618413765535013,0.5292863184341476,24.135105677361466,0.4324622420678442,0.1859515234671688,9.815330310080889e-07,44.627562284469604,0.10446745157241821,-0.04999434947967529,0.4368686868686869
2,90,0.11083603300610367,0.6193614136430001,0.5303531674381662,24.154208819585342,0.4324622420678442,0.1868991715751559,8.127413744904805e-07,51.21177673339844,0.11634308099746704,-0.02273128554224968,0.4431818181818181
2,91,0.10585095763814692,0.6184315316478131,0.5297544532372574,24.046091356917486,0.4324622420678442,0.18596928957996883,6.594632769846353e-07,44.896811723709106,0.11818291991949081,-0.012071110308170319,0.44949494949494945
2,92,0.10881341834153448,0.6188337047571881,0.5297715125837528,23.937182808558287,0.4324622420678442,0.1863714626893439,5.218663458397716e-07,50.243237257003784,0.12860096991062164,-0.04011128842830658,0.45580808080808083
2,93,0.10817224304286802,0.619728243533071,0.5306128900359226,24.04149802271424,0.4324622420678442,0.18726600146522676,4.0010104127991385e-07,44.31995177268982,0.14727534353733063,-0.016257431358098984,0.46212121212121215
2,94,0.10806303015168832,0.6192936305683716,0.5298928472288941,24.086160074783304,0.4324622420678442,0.18683138850052738,2.943005118778597e-07,44.01383852958679,0.1518966555595398,-0.044251106679439545,0.46843434343434337
2,95,0.10696152795334252,0.6196642750269094,0.5302297607322225,24.13844222724575,0.4324622420678442,0.18720203295906512,2.0458044895916516e-07,52.49908900260925,0.1401154100894928,-0.18462467193603516,0.47474747474747475
2,96,0.10633375913817056,0.6199504703154457,0.5305149132219442,24.02735194631722,0.4324622420678442,0.18748822824760147,1.3103896009537207e-07,46.24890947341919,0.10073032230138779,-0.04665761813521385,0.4810606060606061
2,97,0.10553111257601758,0.6202927795053982,0.5307814494895426,24.018956071074665,0.4324622420678442,0.18783053743755396,7.375646182482875e-08,43.965309858322144,0.09797431528568268,-0.05018668994307518,0.4873737373737373
2,98,0.10390223562717438,0.6202515141487269,0.5308032846511531,24.026789079327344,0.4324622420678442,0.1877892720808827,3.279559171838198e-08,44.12662672996521,0.10506114363670349,-0.015229253098368645,0.4936868686868687
2,99,0.10356742911496941,0.620226604308569,0.5307762163181969,24.019456426539953,0.4324622420678442,0.1877643622407248,8.201139886109265e-09,45.52112412452698,0.1124267727136612,-0.03549288585782051,0.5
3,0,0.7795423409160303,0.36559685480140147,0.24036056427275257,100.53440929101036,0.41153481387066854,-0.045937959069267065,6e-06,23.720274209976196,0.6811577081680298,0.0,0.0
3,1,0.6869478128394302,0.4187703760203087,0.2871426125932637,94.42292899605344,0.41153481387066854,0.007235562149640162,1.2e-05,21.682852268218994,0.7583982944488525,0.0,0.0
3,2,0.6131949692356343,0.3844640280958062,0.25662301035631435,98.37842272805564,0.41153481387066854,-0.027070785774862327,1.8e-05,20.687669277191162,0.6947466135025024,0.0,0.0
3,3,0.6387759368030392,0.5937419516609653,0.4633094514489767,58.96124932999809,0.41153481387066854,0.1822071377902968,2.4e-05,37.48591709136963,0.6120903491973877,0.0,0.0
3,4,0.5219303229633643,0.5225955800076142,0.37939381550905243,71.82894191850168,0.41153481387066854,0.11106076613694565,3.0000000000000004e-05,38.72803616523743,0.6647156476974487,0.0,0.0
3,5,0.5042103045448965,0.5300886477707024,0.4139333410297446,53.81584966697206,0.41153481387066854,0.11855383390003388,3e-05,38.616318225860596,0.331656277179718,0.0,0.0
3,6,0.4634217887508626,0.6030628342162024,0.4785159188901698,37.664723312030326,0.41153481387066854,0.1915280203455339,2.999179886011389e-05,37.40821862220764,0.43043848872184753,0.0,0.0
3,7,0.4192892623190977,0.6729957956519156,0.5522192224915626,41.528328162960555,0.41153481387066854,0.26146098178124705,2.9967204408281618e-05,39.14649987220764,0.4167553186416626,0.0,0.0
3,8,0.40233653114766493,0.6069886590590605,0.48860092779745273,37.69371289604226,0.41153481387066854,0.19545384518839198,2.9926243538175172e-05,38.88930416107178,0.41159579157829285,0.0,0.0
3,9,0.36009474402787733,0.553961319881822,0.4301661126770772,47.08168950944833,0.41153481387066854,0.14242650601115342,2.9868961039904628e-05,37.52882981300354,0.3928639888763428,0.0,0.0
3,10,0.36070626396305705,0.5808461750196127,0.468122816757867,41.469693560907885,0.41153481387066854,0.16931136114894413,2.9795419551040836e-05,41.85338234901428,0.45076310634613037,0.0,0.0
3,11,0.3387268687389335,0.6156537455793337,0.5093596846737557,37.88699506368953,0.41153481387066854,0.20411893170866519,2.970569948812214e-05,38.61977171897888,0.184783935546875,0.0,0.0
3,12,0.34086891917549833,0.6256328693930493,0.5279217208038043,32.51225775788882,0.41153481387066854,0.21409805552238076,2.9599898958720088e-05,37.86396813392639,0.2803887724876404,0.0,0.0
3,13,0.31128456945322,0.5880714821441813,0.48989643502789715,38.62713168530676,0.41153481387066854,0.17653666827351272,2.947813365416023e-05,37.34308314323425,0.4072743058204651,0.0,0.0
3,14,0.2979467949088739,0.6291138353699064,0.5299504499803611,37.185093685696344,0.41153481387066854,0.21757902149923786,2.9340536723015367e-05,38.365628719329834,0.5665519833564758,0.0,0.0
3,15,0.316216631507387,0.6313374807304307,0.5189024487983911,36.22708755065054,0.41153481387066854,0.21980266685976219,2.9187258625509518e-05,41.21405482292175,0.29017460346221924,0.0,0.0
3,16,0.3031483934241898,0.569365905834047,0.4728111231733417,36.01427525616648,0.41153481387066854,0.15783109196337847,2.9018466968991913e-05,38.69815969467163,0.17781949043273926,0.0,0.0
3,17,0.2844317865614988,0.6759309817474893,0.5680543666243022,28.996584544639898,0.41153481387066854,0.2643961678768208,2.883434632466077e-05,37.14594221115112,0.28737226128578186,0.0,0.0
3,18,0.28613918746004297,0.6229279210510678,0.5076451634333353,36.51593210718837,0.41153481387066854,0.21139310718039922,2.863509802573744e-05,39.178711891174316,0.15982991456985474,0.0,0.0
3,19,0.27657318723445035,0.612146248279497,0.5009493152419101,36.16300240983416,0.41153481387066854,0.2006114344088285,2.8420939947311454e-05,36.835551500320435,0.34373706579208374,0.0,0.0
3,20,0.28037153214824445,0.647009263374087,0.5389017052826802,30.95141329363375,0.41153481387066854,0.2354744495034185,2.8192106268097336e-05,51.160764932632446,0.2091374695301056,-0.027004752308130264,0.0012626262626262534
3,21,0.28039621151223476,0.6315391297975791,0.5272256423072731,31.27283171644276,0.41153481387066854,0.22000431592691055,2.794884721436361e-05,44.98973250389099,0.2912958860397339,-0.0029532304033637047,0.0075757575757575725
3,22,0.2696046841387846,0.637125044939495,0.5339572123878504,31.2649386988402,0.41153481387066854,0.22559023106882642,2.769142878631403e-05,43.334277868270874,0.25419703125953674,-0.005915043875575066,0.013888888888888874
3,23,0.24800004916531698,0.5911202759057892,0.499988446331246,41.03256335459044,0.41153481387066854,0.17958546203512066,2.74201324672203e-05,44.4464373588562,0.4055551588535309,0.006926132366061211,0.020202020202020193
3,24,0.25608426150010555,0.6563975367634551,0.5485199585317514,38.283101769353465,0.41153481387066854,0.2448627228927866,2.7135254915624213e-05,43.991822242736816,0.15742389857769012,-0.040185343474149704,0.026515151515151512
3,25,0.2453825181844283,0.653663209625185,0.5458429668737992,30.588930316596493,0.41153481387066854,0.24212839575451645,2.6837107640945904e-05,50.59371733665466,0.1438719630241394,-0.040857039391994476,0.03282828282828283
3,26,0.23213417843288306,0.6156707071927474,0.5214128975456607,31.524323520430027,0.41153481387066854,0.20413589332207888,2.6526016662852887e-05,44.806408643722534,0.2591540217399597,-0.019345037639141083,0.03914141414141415
3,27,0.2486394999586806,0.6625344343074397,0.5623866775744696,27.496930388791963,0.41153481387066854,0.2509996204367712,2.620232215476231e-05,42.866387605667114,0.30073052644729614,0.007425634656101465,0.045454545454545435
3,28,0.23949247051258477,0.6721383853178645,0.5720635817218653,28.280520741022016,0.41153481387066854,0.260603571447196,2.5866378071866338e-05,44.28306293487549,0.1875690221786499,-0.08621549606323242,0.051767676767676754
3,29,0.23130125445978983,0.6752249375341236,0.573470906105792,32.92118466777077,0.41153481387066854,0.26369012366345507,2.5518551764087326e-05,43.10792541503906,0.4379369914531708,-0.06702612340450287,0.05808080808080807
3,30,0.22619517117130514,0.6692309392580901,0.5612333217328563,29.65060080533176,0.41153481387066854,0.25769612538742154,2.5159223574386117e-05,51.175278425216675,0.3005600571632385,-0.062327802181243896,0.06439393939393939
3,31,0.2238917425274849,0.6227264864207879,0.5137858674870605,38.44485658519757,0.41153481387066854,0.21119167255011934,2.478878642286253e-05,44.81539249420166,0.3261714279651642,-0.137712761759758,0.0707070707070707
3,32,0.2315390144987982,0.675088635899355,0.5760765556980165,25.217980959939954,0.41153481387066854,0.26355382202868644,2.4407645377103056e-05,43.130715131759644,0.18558132648468018,-0.012254524976015091,0.07702020202020203
3,33,0.22175496162808672,0.6787265824710659,0.5652091942592001,29.712279667083646,0.41153481387066854,0.26719176860039734,2.4016217209245377e-05,44.265511989593506,0.1302238404750824,-0.02890390157699585,0.08333333333333331
3,34,0.21470964198209802,0.6799751688862249,0.576441390756146,26.580041795765634,0.41153481387066854,0.26844035501555635,2.3614929940244155e-05,46.35402846336365,0.1985669583082199,-0.0509926900267601,0.08964646464646463
3,35,0.22292236223512765,0.6371670323595867,0.5324226511749028,31.742673875749357,0.41153481387066854,0.22563221848891818,2.320422237183641e-05,50.511154651641846,0.20574408769607544,-0.02089480496942997,0.09595959595959595
3,36,0.21669581532478333,0.6020704028563698,0.5040120795594214,31.123516656836117,0.41153481387066854,0.19053558898570128,2.2784543606718227e-05,45.0213725566864,0.4207063615322113,-0.00189746986143291,0.10227272727272727
3,37,0.21404848627898157,0.6749404904336972,0.5621930467331617,37.48505300133481,0.41153481387066854,0.26340567656302866,2.2356352557457624e-05,44.12956714630127,0.14211060106754303,-0.03919682651758194,0.10858585858585859
3,38,0.19991879454072642,0.6200710118316459,0.5211055911548629,38.81266623340448,0.41153481387066854,0.2085361979609774,2.1920117444680317e-05,42.78900909423828,0.1374077945947647,-0.0302241463214159,0.11489898989898988
3,39,0.19760749884405915,0.6369842638855037,0.5352794337601368,31.512241784424592,0.41153481387066854,0.22544945001483513,2.1476315285077393e-05,44.31480383872986,0.1779824197292328,-0.04410352557897568,0.12121212121212119
3,40,0.19989040091025587,0.62055753046345,0.5344703286343834,34.63077859042309,0.41153481387066854,0.20902271659278143,2.1025431369794546e-05,51.58980655670166,0.14414410293102264,-0.09166175127029419,0.1275252525252525
3,41,0.18780815692580477,0.5941602560081104,0.5081163557951384,37.03229909619959,0.41153481387066854,0.18262544213744186,2.056795873377331e-05,44.626343727111816,0.24851074814796448,-0.020589198917150497,0.1338383838383838
3,42,0.19171485091958726,0.6233547256355901,0.5310967499668583,36.36717633929426,0.41153481387066854,0.2118199117649216,2.0104397616624646e-05,42.91353917121887,0.17640239000320435,-0.015388764441013336,0.14015151515151514
3,43,0.17646363119081576,0.6445054137504529,0.549047862946929,29.30584827730512,0.41153481387066854,0.23297059987978436,1.963525491562421e-05,44.12895154953003,0.14117123186588287,-0.05184531211853027,0.14646464646464646
3,44,0.18260967564217898,0.6148715803142317,0.5260637910706268,32.70435262509277,0.41153481387066854,0.2033367664435632,1.916104363142767e-05,43.861149072647095,0.1459028571844101,-0.16483548283576965,0.15277777777777773
3,45,0.1766695954969951,0.6514007151976077,0.5593332624767564,25.4393256779387,0.41153481387066854,0.23986590132693913,1.8682282307111988e-05,50.7004280090332,0.12259386479854584,-0.05291033536195755,0.15909090909090906
3,46,0.18134000372825837,0.6718949877823682,0.5750931997315406,24.261287402780777,0.41153481387066854,0.2603601739116997,1.8199494461156203e-05,44.0708794593811,0.20984992384910583,-0.07545288652181625,0.1654040404040404
3,47,0.18557062129281005,0.6895440917182829,0.5863704325326307,28.940227874137904,0.41153481387066854,0.27800927784761437,1.771320801498165e-05,44.083709955215454,0.140734001994133,-0.4920366406440735,0.1717171717171717
3,48,0.17332605485405242,0.675275295312369,0.5732460062440519,21.84792328896235,0.41153481387066854,0.2637404814417004,1.722395471567763e-05,45.79288601875305,0.1268899142742157,-0.08806290477514267,0.178030303030303
3,49,0.17633737045891432,0.7091536260340489,0.6044687933220185,24.633040437758684,0.41153481387066854,0.2976188121633803,1.6732269554543794e-05,42.9053955078125,0.1544836163520813,-0.05761472135782242,0.18434343434343434
3,50,0.1672412847377816,0.683314748307115,0.5796802267165458,29.48477141958532,0.41153481387066854,0.2717799344364465,1.623869018208499e-05,50.625362157821655,0.10833272337913513,-0.030904041603207588,0.19065656565656566
3,51,0.16031487574990916,0.6955039558210178,0.5942193454506329,25.466957657232353,0.41153481387066854,0.2839691419503492,1.5743756320098334e-05,44.335373401641846,0.14200179278850555,-0.051428698003292084,0.19696969696969693
3,52,0.16397214802552243,0.6964155499202066,0.5962117898567104,20.597506747347893,0.41153481387066854,0.28488073604953806,1.524800917149538e-05,42.84947395324707,0.1648315191268921,-0.020321892574429512,0.2032828282828283
3,53,0.1678006238475138,0.6845048613849513,0.5843252082734914,28.138870536943323,0.41153481387066854,0.2729700475142827,1.4751990828504623e-05,44.35030794143677,0.12370256334543228,-0.039619721472263336,0.20959595959595959
3,54,0.15640256021703994,0.6889610224780748,0.5857851613909612,25.447356098126807,0.41153481387066854,0.27742620860740624,1.4256243679901665e-05,42.53453254699707,0.29829442501068115,-0.010639487765729427,0.21590909090909086
3,55,0.16217024487500287,0.7165360187175219,0.602995192597105,33.60734621942073,0.41153481387066854,0.3050012048468534,1.3761309817915017e-05,51.633429288864136,0.13599249720573425,-0.04665883630514145,0.2222222222222222
3,56,0.15538454595573095,0.6967574160327953,0.5901431160866303,28.54528796535378,0.41153481387066854,0.28522260216212675,1.3267730445456208e-05,44.947113275527954,0.12136076390743256,-0.12480347603559494,0.2285353535353535
3,57,0.1547092428925086,0.71353244357643,0.6049958484187955,28.388349792084473,0.41153481387066854,0.30199762970576144,1.277604528432237e-05,44.20089030265808,0.3242773711681366,-0.014725490473210812,0.23484848484848486
3,58,0.15261281426159704,0.6901171230822306,0.5873547445705277,27.638347016700312,0.41153481387066854,0.2785823092115621,1.2286791985018356e-05,44.096564531326294,0.174857497215271,-0.03175387531518936,0.24116161616161613
3,59,0.15498541280323144,0.6795600772809949,0.5742574133602089,29.64174625883217,0.41153481387066854,0.26802526341032634,1.18005055388438e-05,44.14321517944336,0.1383659541606903,-0.039370808750391006,0.24747474747474743
3,60,0.14992743175552817,0.7091474098410888,0.5962357348912141,28.212019239838963,0.41153481387066854,0.2976125959704203,1.1317717692888014e-05,50.444679498672485,0.13234573602676392,-0.09032079577445984,0.2537878787878788
3,61,0.15427281403419923,0.6986367373332122,0.593286429649785,26.67556207180083,0.41153481387066854,0.28710192346254365,1.0838956368572335e-05,44.74498748779297,0.17123806476593018,-0.016400214284658432,0.26010101010101006
3,62,0.14366198855699325,0.6918285662103938,0.5876252632305937,30.328773769762222,0.41153481387066854,0.28029375233972526,1.036474508437579e-05,44.04814028739929,0.15130452811717987,-0.024772996082901955,0.26641414141414144
3,63,0.144814134328341,0.6970266962010797,0.5897616371693363,31.177872101281896,0.41153481387066854,0.2854918823304112,9.895602383375355e-06,44.157562017440796,0.09787313640117645,-0.6156647205352783,0.2727272727272727
3,64,0.14999736647824852,0.6916006301438284,0.5890502769653173,25.857676014690856,0.41153481387066854,0.2800658162731599,9.432041266226686e-06,44.93017601966858,0.1291748285293579,-0.02382008172571659,0.27904040404040403
3,65,0.13694798383785753,0.6874162106862446,0.5833228458512244,28.934127059786192,0.41153481387066854,0.27588139681557605,8.974568630205462e-06,51.625176668167114,0.11898878216743469,-0.05830401927232742,0.28535353535353536
3,66,0.14093801348793264,0.6987791334186779,0.5937865560937569,27.763603648002753,0.41153481387066854,0.2872443195480094,8.523684714922608e-06,43.84406304359436,0.1465184986591339,-0.07969734072685242,0.29166666666666663
3,67,0.13018743541775918,0.6887916057611525,0.5888569735869965,27.52128021500416,0.41153481387066854,0.27725679189048397,8.079882555319685e-06,44.06116771697998,0.148081973195076,-0.03662118315696716,0.29797979797979796
3,68,0.13710544532050892,0.695196624116659,0.5912451508926995,29.06340075311012,0.41153481387066854,0.2836618102459904,7.643647442542383e-06,43.638721227645874,0.1223633736371994,-0.042385682463645935,0.3042929292929293
3,69,0.13737893393453288,0.7001044912630449,0.5960479246872948,27.23946955925626,0.41153481387066854,0.2885696773923763,7.215456393281777e-06,44.56235146522522,0.16051481664180756,-0.029821224510669708,0.3106060606060606
3,70,0.13247119924243617,0.6949823061874877,0.5918444865538418,27.436189237589854,0.41153481387066854,0.28344749231681915,6.795777628163599e-06,50.67922353744507,0.17753134667873383,-0.17390015721321106,0.3169191919191919
3,71,0.1272117784436868,0.68002474394678,0.5793113171321366,27.266190766935374,0.41153481387066854,0.2684899300761115,6.3850700597558465e-06,44.90705132484436,0.10083235800266266,-0.07666972279548645,0.3232323232323232
3,72,0.12905807869166744,0.6860191615060994,0.5840543707501483,27.206245909151193,0.41153481387066854,0.2744843476354309,5.983782790754624e-06,43.639851093292236,0.10174916684627533,-0.05171773210167885,0.3295454545454546
3,73,0.13397748525045355,0.6931807653402414,0.5893543605893634,28.27157222354952,0.41153481387066854,0.2816459514695729,5.592354622896944e-06,42.70743489265442,0.3450642228126526,-0.06311116367578506,0.3358585858585858
3,74,0.12623651188855267,0.6853353181148435,0.5837825496830872,28.558466319541157,0.41153481387066854,0.27380050424417496,5.21121357713747e-06,44.408533334732056,0.10896642506122589,-0.06511141359806061,0.3421717171717171
3,75,0.12453239943299975,0.6980362305238019,0.5934266969199368,27.03046563762305,0.41153481387066854,0.2865014166531334,4.840776425613887e-06,49.85932540893555,0.14291298389434814,-0.06530213356018066,0.3484848484848485
3,76,0.11908968735714348,0.6949577624517028,0.592114612754365,25.451917275149803,0.41153481387066854,0.2834229485810343,4.481448235912671e-06,44.54211449623108,0.1671960949897766,-0.025024376809597015,0.3547979797979797
3,77,0.1211636908808533,0.6984761823712397,0.5946115302606977,27.95828627689598,0.41153481387066854,0.2869413685005711,4.133621928133666e-06,42.91546106338501,0.13487842679023743,-0.014862315729260445,0.36111111111111105
3,78,0.11858386584386534,0.6883916527119238,0.5868301535409854,25.062291572530032,0.41153481387066854,0.2768568388412553,3.7976778452376966e-06,44.09730887413025,0.1365528404712677,-0.057400524616241455,0.36742424242424243
3,79,0.12131498662792907,0.7005025245759119,0.5967420435405619,23.23068327921136,0.41153481387066854,0.28896771070524335,3.473983337147118e-06,42.867334842681885,0.09946304559707642,-0.0561235137283802,0.37373737373737376
3,80,0.11860303018166095,0.701251619503869,0.5978201813173806,26.409072843891284,0.41153481387066854,0.2897168056332005,3.162892359054098e-06,51.562204360961914,0.139552503824234,-0.017406903207302094,0.38005050505050497
3,81,0.11935182037402173,0.7058668629261389,0.6020359726919703,24.41320238127306,0.41153481387066854,0.29433204905547034,2.86474508437579e-06,44.71676301956177,0.09235526621341705,-0.13494162261486053,0.38636363636363635
3,82,0.11604525072842228,0.7050810867869669,0.6007655592102054,25.026160723285585,0.41153481387066854,0.29354627291629837,2.5798675327796994e-06,44.20929527282715,0.1079660952091217,-0.019291264936327934,0.3926767676767677
3,83,0.11115359545362238,0.7041905193433721,0.5998799145655055,25.061314731599172,0.41153481387066854,0.29265570547270353,2.308571213685967e-06,44.039597511291504,0.1489507406949997,-0.018661081790924072,0.3989898989898989
3,84,0.11347616463899612,0.703983953342186,0.5989796476299943,25.84954911087063,0.41153481387066854,0.29244913947151746,2.0511527856363916e-06,44.14218306541443,0.15665610134601593,-0.045115988701581955,0.4053030303030303
3,85,0.1109170291040625,0.7026231863540083,0.5972548789454036,23.287524450378793,0.41153481387066854,0.2910883724833398,1.8078937319026655e-06,50.610055923461914,0.1423320323228836,-0.014815198257565498,0.4116161616161616
3,86,0.11171911086659042,0.7057819726951561,0.6008517394621976,23.34819306540319,0.41153481387066854,0.29424715882448754,1.579060052688548e-06,44.3835563659668,0.12459498643875122,-0.01851705089211464,0.417929292929293
3,87,0.11194348213623981,0.7050955821662965,0.6000690306612756,23.357047356556066,0.41153481387066854,0.293560768295628,1.3649019742625624e-06,43.48861479759216,0.13749751448631287,-0.012535998597741127,0.4242424242424242
3,88,0.10764763853987869,0.7010789114586237,0.5967015292668315,23.298337876138252,0.41153481387066854,0.28954409758795513,1.1656536753392288e-06,44.11620736122131,0.10212847590446472,-0.5513032078742981,0.4305555555555555
3,89,0.11356191428340211,0.7008782727133691,0.5964266920232392,24.906679996111883,0.41153481387066854,0.2893434588427006,9.815330310080889e-07,42.9262421131134,0.16934281587600708,-0.002831470686942339,0.4368686868686869
3,90,0.10921687587183349,0.6950030093899174,0.5909379989605325,24.88191526258166,0.41153481387066854,0.2834681955192489,8.127413744904805e-07,50.21836304664612,0.33730119466781616,-0.033703431487083435,0.4431818181818181
3,91,0.10654715889570665,0.700190324079908,0.5959628257377428,24.676791433993454,0.41153481387066854,0.28865551020923946,6.594632769846353e-07,44.87221050262451,0.13194435834884644,-0.012206342071294785,0.44949494949494945
3,92,0.10564712001656999,0.6984077136369322,0.5939848679169765,24.905513327651082,0.41153481387066854,0.2868728997662637,5.218663458397716e-07,42.91804575920105,0.07695525884628296,-0.4170076847076416,0.45580808080808083
3,93,0.10560125728346864,0.6983422182033179,0.5941361150554796,24.887255789288353,0.41153481387066854,0.28680740433264934,4.0010104127991385e-07,44.06988215446472,0.09960661828517914,-0.011538025923073292,0.46212121212121215
3,94,0.10562005099289272,0.6976256309239571,0.5936495408951395,24.990214135659294,0.41153481387066854,0.2860908170532886,2.943005118778597e-07,43.3338942527771,0.12349939346313477,-0.049509625881910324,0.46843434343434337
3,95,0.10779762845866535,0.6969753055165281,0.5928175137809933,24.9466117370506,0.41153481387066854,0.28544049164585955,2.0458044895916516e-07,52.614261627197266,0.1148340106010437,-0.14678193628787994,0.47474747474747475
3,96,0.10566431869353567,0.6960792697450567,0.5921579040228948,24.914922476896507,0.41153481387066854,0.2845444558743882,1.3103896009537207e-07,43.90637993812561,0.12363091856241226,-0.031021233648061752,0.4810606060606061
3,97,0.10533993987708676,0.6958082882528794,0.5919286917736298,24.93980367297026,0.41153481387066854,0.2842734743822109,7.375646182482875e-08,44.76047396659851,0.1051415503025055,-0.42650386691093445,0.4873737373737373
3,98,0.1049796106407837,0.6955052050394578,0.5916471538197754,24.940549939485226,0.41153481387066854,0.28397039116878925,3.279559171838198e-08,42.99327611923218,0.12092005461454391,-0.021379202604293823,0.4936868686868687
3,99,0.10580647265424534,0.6955993577654729,0.5917482586009754,24.952853103386655,0.41153481387066854,0.28406454389480434,8.201139886109265e-09,45.051295042037964,0.13952825963497162,-0.04052812233567238,0.5
4,0,0.7947253986280791,0.3918229249288577,0.2722438008630001,98.36030410550987,0.37905462830833797,0.012768296620519703,6e-06,21.29460382461548,0.7549594044685364,0.0,0.0
4,1,0.6588125897913563,0.39802718513464824,0.2753516790531743,110.63142863762876,0.37905462830833797,0.018972556826310272,1.2e-05,20.723756074905396,0.7465249300003052,0.0,0.0
4,2,0.6283131430343706,0.4111656044072773,0.29109570782751587,94.07682300517159,0.37905462830833797,0.032110976098939314,1.8e-05,20.914751052856445,0.7126578092575073,0.0,0.0
4,3,0.5972661278685745,0.5398378043263438,0.41782018566707296,71.06131397821731,0.37905462830833797,0.1607831760180058,2.4e-05,38.25915718078613,0.6338911056518555,0.0,0.0
4,4,0.5206757057078031,0.49751249663390834,0.3905641161773136,39.6217135995253,0.37905462830833797,0.11845786832557037,3.0000000000000004e-05,38.46869683265686,0.5593202710151672,0.0,0.0
4,5,0.5025777658637689,0.5524864016388612,0.4512839334147445,33.0218975148805,0.37905462830833797,0.17343177333052323,3e-05,38.77789068222046,0.38081222772598267,0.0,0.0
4,6,0.4574589391752165,0.4944907197599884,0.3881096710464493,43.84461147677636,0.37905462830833797,0.1154360914516504,2.999179886011389e-05,37.5889732837677,0.6160446405410767,0.0,0.0
4,7,0.425422015846992,0.5451287881743975,0.4250307407530869,71.53136511911043,0.37905462830833797,0.1660741598660595,2.9967204408281618e-05,38.05875515937805,0.40772783756256104,0.0,0.0
4,8,0.43444905901441766,0.5794180671102667,0.46382731427961027,53.04756248008438,0.37905462830833797,0.2003634388019287,2.9926243538175172e-05,37.53097581863403,0.2756432592868805,0.0,0.0
4,9,0.3766379249947412,0.574072291753181,0.4790568837032457,37.18409939518166,0.37905462830833797,0.195017663444843,2.9868961039904628e-05,38.88083577156067,0.24371618032455444,0.0,0.0
4,10,0.3625565451018664,0.5741722445459518,0.48044653808901655,31.993652898447625,0.37905462830833797,0.19511761623761387,2.9795419551040836e-05,41.094748973846436,0.34543463587760925,0.0,0.0
4,11,0.3639905747710442,0.6084257390550755,0.5004770138361401,44.191356637534085,0.37905462830833797,0.2293711107467375,2.970569948812214e-05,38.01380252838135,0.3527733087539673,0.0,0.0
4,12,0.33323859499425307,0.5814482757604974,0.4881372726929365,29.987558783302433,0.37905462830833797,0.20239364745215943,2.9599898958720088e-05,38.16387629508972,0.2679506540298462,0.0,0.0
4,13,0.31575160458379864,0.5824652931211579,0.48038046473811785,36.57706169857183,0.37905462830833797,0.20341066481281994,2.947813365416023e-05,37.5931715965271,0.3451945185661316,0.0,0.0
4,14,0.31132522316611544,0.6263518696566087,0.5263201520727617,31.134661181414923,0.37905462830833797,0.24729724134827075,2.9340536723015367e-05,37.181400299072266,0.5744036436080933,0.0,0.0
4,15,0.3160329631396702,0.5676084292288364,0.45956207980522173,45.521059134200996,0.37905462830833797,0.1885538009204984,2.9187258625509518e-05,39.3732705116272,0.3397336006164551,0.0,0.0
4,16,0.31289603576368213,0.5908786577574684,0.4921548198933176,39.95488145897327,0.37905462830833797,0.21182402944913042,2.9018466968991913e-05,38.31833243370056,0.3833475708961487,0.0,0.0
4,17,0.2994542797001041,0.6210494333833344,0.525061913914906,34.8596960239909,0.37905462830833797,0.24199480507499643,2.883434632466077e-05,36.45267629623413,0.293337345123291,0.0,0.0
4,18,0.29787200385210466,0.6366208097080119,0.5335739944240401,33.67548732388511,0.37905462830833797,0.25756618139967397,2.863509802573744e-05,37.99335336685181,0.20657193660736084,0.0,0.0
4,19,0.2778007220856997,0.6452543181247203,0.5551673506777238,30.091426260615055,0.37905462830833797,0.26619968981638237,2.8420939947311454e-05,38.406920194625854,0.4849380552768707,0.0,0.0
4,20,0.2685302663214353,0.5865247742985397,0.49484594106586094,34.10988370907331,0.37905462830833797,0.2074701459902017,2.8192106268097336e-05,49.43388319015503,0.24606747925281525,-0.025671087205410004,0.0012626262626262534
4,21,0.27643137318747385,0.6213028864839395,0.5182586119833957,34.24484196388149,0.37905462830833797,0.24224825817560153,2.794884721436361e-05,45.432241439819336,0.24576598405838013,-0.004032314755022526,0.0075757575757575725
4,22,0.27341571769544054,0.6139847190729336,0.5180328393647022,33.38302919495781,0.37905462830833797,0.23493009076459564,2.769142878631403e-05,43.562238931655884,0.3003823757171631,-0.00906833540648222,0.013888888888888874
4,23,0.27451913727789506,0.6056145085874908,0.5021231113616819,34.313434081204704,0.37905462830833797,0.2265598802791528,2.74201324672203e-05,44.3470516204834,0.23039917647838593,0.002446296624839306,0.020202020202020193
4,24,0.2592938292999657,0.6416653078242395,0.5410899933312082,34.100102441103836,0.37905462830833797,0.2626106795159015,2.7135254915624213e-05,43.650866746902466,0.15281757712364197,-0.03845779225230217,0.026515151515151512
4,25,0.24503484687634877,0.656051971526537,0.5566485057279761,33.64117472218832,0.37905462830833797,0.2769973432181991,2.6837107640945904e-05,52.484339475631714,0.1684437394142151,-0.04053262621164322,0.03282828282828283
4,26,0.24052803704933245,0.6237620496723516,0.524343672694099,37.31460501170459,0.37905462830833797,0.24470742136401363,2.6526016662852887e-05,44.94215655326843,0.2453206181526184,-0.013177381828427315,0.03914141414141415
4,27,0.23497397954366644,0.6571764457061942,0.5521039297765943,29.7526863317948,0.37905462830833797,0.2781218173978562,2.620232215476231e-05,43.792656898498535,0.33057868480682373,-0.014192212373018265,0.045454545454545435
4,28,0.23656941524573735,0.6522003450791589,0.5580202646579105,30.74660965027557,0.37905462830833797,0.27314571677082095,2.5866378071866338e-05,45.67238235473633,0.18676096200942993,-0.07237398624420166,0.051767676767676754
4,29,0.22664427407542054,0.6385525843440963,0.5429462586001481,31.605730070836753,0.37905462830833797,0.25949795603575837,2.5518551764087326e-05,44.03725862503052,0.2279324233531952,-0.07428869605064392,0.05808080808080807
4,30,0.22762231133422073,0.6373214224030869,0.54372588414739,33.38895013597664,0.37905462830833797,0.2582667940947489,2.5159223574386117e-05,51.49600529670715,0.2138892561197281,-0.05104470252990723,0.06439393939393939
4,31,0.2267310160155199,0.6387656399033687,0.5431273411322198,32.821121160470604,0.37905462830833797,0.2597110115950307,2.478878642286253e-05,45.667208671569824,0.3292323052883148,-0.12185295671224594,0.0707070707070707
4,32,0.22104779570078364,0.6483633924851225,0.555880687314145,33.40050803681398,0.37905462830833797,0.26930876417678457,2.4407645377103056e-05,43.80875611305237,0.18915632367134094,-0.008125055581331253,0.07702020202020203
4,33,0.21066643723419734,0.656900420681276,0.5675973177696573,27.247012634978848,0.37905462830833797,0.277845792372938,2.4016217209245377e-05,44.12804985046387,0.10776856541633606,-0.03483744338154793,0.08333333333333331
4,34,0.20985518198232261,0.6295054181479868,0.5326097963509971,33.128194571066764,0.37905462830833797,0.2504507898396488,2.3614929940244155e-05,44.414876222610474,0.2026425004005432,-0.060210712254047394,0.08964646464646463
4,35,0.20567121706446823,0.6232127093038698,0.5274959494501715,33.812720718434846,0.37905462830833797,0.24415808099553188,2.320422237183641e-05,51.79957413673401,0.14506717026233673,-0.12972110509872437,0.09595959595959595
4,36,0.19658008202606317,0.6140466472830879,0.5251911870356097,39.02579825522636,0.37905462830833797,0.23499201897474992,2.2784543606718227e-05,44.70042657852173,0.3102514445781708,-0.0020015898626297712,0.10227272727272727
4,37,0.20011347547477606,0.6638417473015181,0.5682649065295587,27.646573726166803,0.37905462830833797,0.28478711899318015,2.2356352557457624e-05,43.95039391517639,0.14450621604919434,-0.03217312693595886,0.10858585858585859
4,38,0.20238825344309516,0.6711574468806282,0.5782182907263383,26.685210502096904,0.37905462830833797,0.2921028185722902,2.1920117444680317e-05,45.498762369155884,0.12521091103553772,-0.09812888503074646,0.11489898989898988
4,39,0.21031453703739206,0.6647314760913257,0.5563183002744089,38.161879733022886,0.37905462830833797,0.2856768477829877,2.1476315285077393e-05,45.59165692329407,0.1836921125650406,-0.04340624809265137,0.12121212121212119
4,40,0.1953277711053284,0.6555764509674428,0.5586583303612054,33.54902247762433,0.37905462830833797,0.2765218226591048,2.1025431369794546e-05,51.789302349090576,0.150314599275589,-0.10515791177749634,0.1275252525252525
4,41,0.18589479476213455,0.6656693513153953,0.5734757118231547,33.82556591173021,0.37905462830833797,0.2866147230070573,2.056795873377331e-05,44.279497146606445,0.18699993193149567,-0.020879212766885757,0.1338383838383838
4,42,0.18946465986723804,0.6667441182928915,0.5743075698637004,31.85636849197392,0.37905462830833797,0.2876894899845535,2.0104397616624646e-05,43.63308811187744,0.12548141181468964,-0.01574135571718216,0.14015151515151514
4,43,0.19160514522571953,0.6749331788003956,0.578976056483472,27.85985581567773,0.37905462830833797,0.29587855049205763,1.963525491562421e-05,43.41629076004028,0.17539358139038086,-0.04960399121046066,0.14646464646464646
4,44,0.18871278863172142,0.6779119316228895,0.5835412790181879,29.615908842893784,0.37905462830833797,0.29885730331455157,1.916104363142767e-05,44.62121272087097,0.20459645986557007,-0.015357453376054764,0.15277777777777773
4,45,0.1775590493058672,0.6879554671976459,0.5931074497473128,28.64018059508672,0.37905462830833797,0.3089008388893079,1.8682282307111988e-05,48.89176535606384,0.12629041075706482,-0.05329378321766853,0.15909090909090906
4,46,0.17947029550464785,0.6594936802482888,0.5696591439087025,29.375357804089774,0.37905462830833797,0.28043905193995083,1.8199494461156203e-05,44.726229667663574,0.21591392159461975,-0.07422830164432526,0.1654040404040404
4,47,0.18249192560205654,0.6672485869966759,0.5671065109575598,23.36149571196021,0.37905462830833797,0.2881939586883379,1.771320801498165e-05,44.84863877296448,0.13709011673927307,-0.49565112590789795,0.1717171717171717
4,48,0.1822738930278895,0.6785259404992586,0.5795903455189869,26.157849096685716,0.37905462830833797,0.29947131219092066,1.722395471567763e-05,43.55549120903015,0.11776503920555115,-0.08804202824831009,0.178030303030303
4,49,0.17429358725036895,0.6259383942744906,0.543028039219723,26.69480819697996,0.37905462830833797,0.24688376596615264,1.6732269554543794e-05,43.32015323638916,0.13559037446975708,-0.0576697438955307,0.18434343434343434
4,50,0.17032593154177375,0.6848403272069774,0.5911058653714972,28.90800816855148,0.37905462830833797,0.30578569889863944,1.623869018208499e-05,52.141704082489014,0.10426437109708786,-0.02886861562728882,0.19065656565656566
4,51,0.17329424041874555,0.6524387693006374,0.5506940750163444,38.75168869548677,0.37905462830833797,0.2733841409922994,1.5743756320098334e-05,44.92294263839722,0.1299290955066681,-0.051390647888183594,0.19696969696969693
4,52,0.16893840109815403,0.6741680395260466,0.579580147623599,26.621391088137617,0.37905462830833797,0.2951134112177087,1.524800917149538e-05,43.26219463348389,0.1642923653125763,-0.11142577230930328,0.2032828282828283
4,53,0.15766385516950063,0.6484211423466317,0.5430196824309971,41.10747172739293,0.37905462830833797,0.26936651403829376,1.4751990828504623e-05,44.479771852493286,0.12481969594955444,-0.03973308205604553,0.20959595959595959
4,54,0.16495757641232744,0.6628894102937531,0.5661746171718028,33.050461127988456,0.37905462830833797,0.2838347819854152,1.4256243679901665e-05,43.60663151741028,0.2393682599067688,-0.014941936358809471,0.21590909090909086
4,55,0.17146994903379556,0.6552578669137267,0.5582494392213982,35.27317751007844,0.37905462830833797,0.2762032386053887,1.3761309817915017e-05,51.709747314453125,0.1489059031009674,-0.0297979936003685,0.2222222222222222
4,56,0.16111844717239848,0.6234935469383819,0.5341052607362647,27.43165478352056,0.37905462830833797,0.2444389186300439,1.3267730445456208e-05,44.369946241378784,0.1135312169790268,-0.12033730745315552,0.2285353535353535
4,57,0.15524446926250748,0.6183850452188248,0.5270546641639499,32.67526971562527,0.37905462830833797,0.2393304169104868,1.277604528432237e-05,43.65698766708374,0.09984257072210312,-0.018460018560290337,0.23484848484848486
4,58,0.1654927729039776,0.6704478696167347,0.5749840745816971,27.025074589119722,0.37905462830833797,0.2913932413083968,1.2286791985018356e-05,43.49924039840698,0.1331750601530075,-0.027919327840209007,0.24116161616161613
4,59,0.15624245514675061,0.6571507913650283,0.5657020840317731,31.281153144959735,0.37905462830833797,0.2780961630566903,1.18005055388438e-05,43.6051709651947,0.1437804400920868,-0.03980642184615135,0.24747474747474743
4,60,0.15254943384503833,0.6493542141320541,0.5619345928222422,25.964493631775085,0.37905462830833797,0.2702995858237161,1.1317717692888014e-05,51.823830366134644,0.11649253964424133,-0.09628765285015106,0.2537878787878788
4,61,0.14994047582149506,0.65413561711773,0.5617460042442854,30.75820963761239,0.37905462830833797,0.2750809888093921,1.0838956368572335e-05,44.51809644699097,0.1574491262435913,-0.023010164499282837,0.26010101010101006
4,62,0.1491822810197363,0.6561128237625438,0.5664229502124805,29.6790653469112,0.37905462830833797,0.2770581954542058,1.036474508437579e-05,43.77752947807312,0.18407753109931946,-0.02448827587068081,0.26641414141414144
4,63,0.14226880958493876,0.6401588713863967,0.545585269138075,41.092384445971966,0.37905462830833797,0.26110424307805874,9.895602383375355e-06,43.967180490493774,0.1047058030962944,-0.6247032880783081,0.2727272727272727
4,64,0.14657416924530145,0.6605206958196497,0.5665722623951727,40.79828168312175,0.37905462830833797,0.2814660675113117,9.432041266226686e-06,43.46755313873291,0.13644316792488098,-0.023664362728595734,0.27904040404040403
4,65,0.14766887544977422,0.6549549191527907,0.5630451299923018,34.58694825527034,0.37905462830833797,0.2759002908444527,8.974568630205462e-06,51.24139094352722,0.12348143756389618,-0.05309448391199112,0.28535353535353536
4,66,0.1450717173212645,0.6508112444962021,0.5586409879211175,30.45529941922077,0.37905462830833797,0.2717566161878641,8.523684714922608e-06,44.937483072280884,0.09263025969266891,-0.16442275047302246,0.29166666666666663
4,67,0.1343412580234664,0.6582822471670355,0.563107757927182,31.545840480522646,0.37905462830833797,0.27922761885869757,8.079882555319685e-06,43.20745825767517,0.33029770851135254,-0.036353424191474915,0.29797979797979796
4,68,0.13665474267030248,0.6328071953892599,0.5421237984954045,37.22659736464512,0.37905462830833797,0.2537525670809219,7.643647442542383e-06,44.056522607803345,0.11229626834392548,-0.043675921857357025,0.3042929292929293
4,69,0.13616450161350016,0.6650263950600291,0.5689009365801776,40.369688490279906,0.37905462830833797,0.28597176675169117,7.215456393281777e-06,43.69684171676636,0.1482149064540863,-0.03755791112780571,0.3106060606060606
4,70,0.13660503346092848,0.6365206669777891,0.5469460567273254,32.88226555179164,0.37905462830833797,0.2574660386694511,6.795777628163599e-06,51.313286781311035,0.18395547568798065,-0.007591614034026861,0.3169191919191919
4,71,0.1361002487187483,0.6476310082250977,0.5570705392976586,31.63236651919739,0.37905462830833797,0.2685763799167597,6.3850700597558465e-06,44.718422174453735,0.10932821035385132,-0.07840084284543991,0.3232323232323232
4,72,0.13578118041765933,0.6469799500518038,0.5546743045360932,34.85148605676188,0.37905462830833797,0.2679253217434658,5.983782790754624e-06,43.165852546691895,0.105523981153965,-0.05171683058142662,0.3295454545454546
4,73,0.13437576531147472,0.6493635521567568,0.5527754108351849,35.6439219039908,0.37905462830833797,0.2703089238484188,5.592354622896944e-06,43.93140387535095,0.0780678540468216,-0.06397192180156708,0.3358585858585858
4,74,0.1271299718289959,0.6618863903344394,0.5649423199958509,34.243199273423826,0.37905462830833797,0.28283176202610144,5.21121357713747e-06,43.34521222114563,0.12309253215789795,-0.07701872289180756,0.3421717171717171
4,75,0.1282550828645424,0.6628357373643693,0.5680459064920892,36.95939672061578,0.37905462830833797,0.2837811090560313,4.840776425613887e-06,51.46485114097595,0.14186924695968628,-0.06510435044765472,0.3484848484848485
4,76,0.126907794451227,0.661635694850431,0.5660506127460181,42.37351070467232,0.37905462830833797,0.2825810665420931,4.481448235912671e-06,44.29672813415527,0.15544962882995605,-0.025756146758794785,0.3547979797979797
4,77,0.12466654082646175,0.6551963536364827,0.5630244153113292,38.24924561760694,0.37905462830833797,0.2761417253281447,4.133621928133666e-06,43.60038208961487,0.13524803519248962,-0.014935964718461037,0.36111111111111105
4,78,0.12374463388506247,0.6589749239439856,0.5626101844467546,41.69624875599167,0.37905462830833797,0.27992029563564763,3.7976778452376966e-06,43.636569023132324,0.1382761001586914,-0.05711136758327484,0.36742424242424243
4,79,0.12318481831830375,0.6577813954466638,0.5644111823762803,38.38309072701254,0.37905462830833797,0.27872676713832584,3.473983337147118e-06,43.34522485733032,0.12526777386665344,-0.053127534687519073,0.37373737373737376
4,80,0.11974651244830112,0.6486062042973018,0.5532042652759704,38.796030118058766,0.37905462830833797,0.2695515759889638,3.162892359054098e-06,50.74260950088501,0.16833005845546722,-0.015978526324033737,0.38005050505050497
4,81,0.1208290879671671,0.6408566386297386,0.5475813247487616,38.95199205700405,0.37905462830833797,0.26180201032140066,2.86474508437579e-06,44.90766215324402,0.13589607179164886,-0.026370882987976074,0.38636363636363635
4,82,0.12165275398565799,0.6384134568401835,0.5448294575412588,42.271013313381495,0.37905462830833797,0.2593588285318455,2.5798675327796994e-06,43.238916635513306,0.114811971783638,-0.014214478433132172,0.3926767676767677
4,83,0.11729456681986244,0.634668403911495,0.5400914239306913,42.61877922282684,0.37905462830833797,0.25561377560315707,2.308571213685967e-06,43.684162855148315,0.12683913111686707,-0.018718844279646873,0.3989898989898989
4,84,0.11913805158466709,0.6350140653385178,0.542002308477798,42.529657818481496,0.37905462830833797,0.2559594370301798,2.0511527856363916e-06,43.72621178627014,0.1263994425535202,-0.04686954617500305,0.4053030303030303
4,85,0.11332747324997065,0.6392210650090202,0.5466023832153297,42.64323543622846,0.37905462830833797,0.26016643670068224,1.8078937319026655e-06,51.349568605422974,0.13379213213920593,-0.011401957832276821,0.4116161616161616
4,86,0.1207438158441563,0.6363510205690834,0.5426853521978215,42.528218085215805,0.37905462830833797,0.25729639226074547,1.579060052688548e-06,44.781752824783325,0.1449400931596756,-0.014982165768742561,0.417929292929293
4,87,0.12072274468991222,0.6318524253471344,0.5395597880748956,39.82091772454008,0.37905462830833797,0.2527977970387964,1.3649019742625624e-06,43.48379445075989,0.13591121137142181,-0.006660476326942444,0.4242424242424242
4,88,0.11616912849095402,0.6302653559009874,0.5380913365614958,37.74088403498944,0.37905462830833797,0.25121072759264945,1.1656536753392288e-06,43.448217153549194,0.08327968418598175,-0.5537028312683105,0.4305555555555555
4,89,0.1127298076694109,0.6273211613519232,0.5348208154398549,42.79886135226666,0.37905462830833797,0.2482665330435852,9.815330310080889e-07,43.210660219192505,0.1539369523525238,-0.003258379874750972,0.4368686868686869
4,90,0.11307428153801938,0.6281211028011878,0.5352366949540561,42.86955353959803,0.37905462830833797,0.24906647449284985,8.127413744904805e-07,50.49554252624512,0.3337152898311615,-0.0334971584379673,0.4431818181818181
4,91,0.10925702203293236,0.6292042325048988,0.5364357972174875,37.811053323542936,0.37905462830833797,0.2501496041965608,6.594632769846353e-07,44.89919185638428,0.10617993772029877,-0.01589273288846016,0.44949494949494945
4,92,0.11118245626590689,0.6301561298289758,0.5371921229706783,42.68853088709603,0.37905462830833797,0.25110150152063787,5.218663458397716e-07,44.0667610168457,0.1342669576406479,-0.025708021596074104,0.45580808080808083
4,93,0.11011381880665312,0.629609544299065,0.5369152343882387,42.829049186869824,0.37905462830833797,0.25055491599072705,4.0010104127991385e-07,43.292977809906006,0.09598895907402039,-0.011436888948082924,0.46212121212121215
4,94,0.1129407526887193,0.6300303344116475,0.5369573520684368,42.81468555316014,0.37905462830833797,0.2509757061033095,2.943005118778597e-07,43.90111327171326,0.12929975986480713,-0.049533482640981674,0.46843434343434337
4,95,0.10930642584452824,0.6304521509099772,0.5373171012219707,42.802333058428054,0.37905462830833797,0.2513975226016392,2.0458044895916516e-07,50.73275852203369,0.12965252995491028,-0.00848025269806385,0.47474747474747475
4,96,0.10864705151441145,0.6305358109897689,0.5373289380895329,42.793869925745895,0.37905462830833797,0.2514811826814309,1.3103896009537207e-07,44.068878173828125,0.08789081871509552,-0.03372574597597122,0.4810606060606061
4,97,0.10992886977536338,0.6307878414272231,0.5376394209506158,42.78396619479966,0.37905462830833797,0.25173321311888514,7.375646182482875e-08,43.55196571350098,0.12080245465040207,-0.3655468225479126,0.4873737373737373
4,98,0.10922058641302343,0.6306878446744274,0.5375659842875375,42.781456697859376,0.37905462830833797,0.25163321636608943,3.279559171838198e-08,43.64736247062683,0.12363705039024353,-0.02072504535317421,0.4936868686868687
4,99,0.11050497740507126,0.630824177246847,0.5376858096082499,42.76391261928153,0.37905462830833797,0.25176954893850906,8.201139886109265e-09,43.124748945236206,0.14757049083709717,-0.040491506457328796,0.5
